case_id,state,district,land_type,acquisition_stage,case_age_days,days_in_stage,number_of_landowners,litigation_present,number_of_objections,compensation_delay_days,previous_stage_delay_days,historical_delay_rate,land_area_hectares,final_additional_delay_days
LA00001,Rajasthan,Udaipur,Residential,Possession,269,75,60,1,15,15,23,0.36,2.82,232
LA00002,Madhya Pradesh,Bhopal,Agricultural,Objection,244,135,34,0,11,6,78,0.02,16.01,221
LA00003,Uttar Pradesh,Agra,Industrial,Possession,64,20,3,0,3,1,13,0.156,2.27,71
LA00004,Maharashtra,Nashik,Agricultural,Compensation,85,85,54,0,8,52,46,0.328,3.34,253
LA00005,Maharashtra,Aurangabad,Agricultural,Notification,310,95,58,0,16,21,52,0.374,24.43,224
LA00006,Punjab,Ludhiana,Agricultural,Possession,298,110,17,0,5,7,64,0.205,2.2,150
LA00007,Rajasthan,Jodhpur,Agricultural,Compensation,291,38,25,0,4,118,56,0.191,5.8,185
LA00008,Madhya Pradesh,Bhopal,Agricultural,Notification,103,98,2,0,1,20,79,0.068,78.36,89
LA00009,Gujarat,Rajkot,Agricultural,Notification,270,5,49,0,6,29,53,0.246,20.61,144
LA00010,Rajasthan,Kota,Residential,Compensation,58,58,47,0,7,67,68,0.222,3.54,223
LA00011,Uttar Pradesh,Agra,Agricultural,Notification,97,97,2,0,3,17,25,0.061,4.2,121
LA00012,Punjab,Amritsar,Agricultural,Objection,264,84,43,0,6,25,33,0.098,6.23,179
LA00013,Madhya Pradesh,Bhopal,Industrial,Notification,320,152,25,1,11,2,59,0.192,27.44,219
LA00014,Madhya Pradesh,Jabalpur,Agricultural,Objection,338,147,33,0,4,30,70,0.19,2.71,199
LA00015,Madhya Pradesh,Gwalior,Residential,Objection,492,25,14,1,7,14,0,0.064,2.55,116
LA00016,Madhya Pradesh,Indore,Agricultural,Compensation,432,14,49,1,9,114,35,0.209,15.08,239
LA00017,Uttar Pradesh,Agra,Agricultural,Objection,208,49,25,0,5,19,64,0.151,1.38,173
LA00018,Rajasthan,Kota,Agricultural,Notification,398,5,51,0,6,28,9,0.26,2.97,168
LA00019,Punjab,Patiala,Agricultural,Compensation,75,75,9,0,1,25,28,0.088,6.79,107
LA00020,Maharashtra,Nashik,Residential,Objection,433,97,36,0,10,24,44,0.036,7.14,184
LA00021,Uttar Pradesh,Agra,Agricultural,Compensation,212,99,19,0,2,19,6,0.275,1.89,173
LA00022,Maharashtra,Nagpur,Agricultural,Notification,387,17,58,1,3,4,74,0.274,10.52,149
LA00023,Gujarat,Vadodara,Agricultural,Notification,487,166,34,1,6,5,29,0.246,12.86,207
LA00024,Punjab,Patiala,Industrial,Objection,361,176,44,0,8,25,63,0.149,3.81,253
LA00025,Madhya Pradesh,Bhopal,Commercial,Compensation,463,108,6,0,1,3,34,0.207,38.89,126
LA00026,Uttar Pradesh,Agra,Industrial,Objection,34,5,41,0,11,14,32,0.279,10.38,184
LA00027,Maharashtra,Nagpur,Residential,Possession,110,74,7,0,2,12,78,0.071,2.71,123
LA00028,Madhya Pradesh,Jabalpur,Residential,Objection,324,131,22,0,3,21,69,0.12,37.37,150
LA00029,Uttar Pradesh,Kanpur,Agricultural,Compensation,284,136,14,0,3,24,41,0.149,4.38,179
LA00030,Maharashtra,Nashik,Industrial,Compensation,86,47,1,0,1,85,37,0.02,8.84,128
LA00031,Maharashtra,Nagpur,Agricultural,Notification,368,149,36,0,4,15,63,0.244,4.54,187
LA00032,Gujarat,Ahmedabad,Agricultural,Compensation,57,57,15,1,2,55,55,0.193,13.79,173
LA00033,Rajasthan,Jaipur,Residential,Objection,496,94,31,0,4,5,79,0.238,4.57,195
LA00034,Uttar Pradesh,Kanpur,Agricultural,Objection,103,72,46,1,8,23,26,0.396,4.85,267
LA00035,Punjab,Bathinda,Agricultural,Notification,239,97,11,0,1,22,9,0.073,6.3,105
LA00036,Rajasthan,Udaipur,Agricultural,Compensation,417,9,43,0,7,14,15,0.08,4.47,180
LA00037,Punjab,Patiala,Agricultural,Possession,272,97,18,1,6,15,42,0.235,21.58,169
LA00038,Madhya Pradesh,Bhopal,Commercial,Notification,380,9,20,0,4,9,25,0.042,2.1,130
LA00039,Gujarat,Rajkot,Agricultural,Compensation,361,11,35,0,5,90,65,0.219,7.12,171
LA00040,Uttar Pradesh,Agra,Commercial,Compensation,476,102,38,0,7,43,70,0.206,8.08,203
LA00041,Rajasthan,Jodhpur,Agricultural,Objection,248,94,40,0,5,6,15,0.183,6.52,177
LA00042,Madhya Pradesh,Jabalpur,Commercial,Compensation,491,178,12,0,2,2,80,0.022,19.46,190
LA00043,Madhya Pradesh,Gwalior,Agricultural,Compensation,273,94,35,0,5,26,51,0.307,1.64,159
LA00044,Maharashtra,Nagpur,Industrial,Possession,450,177,16,0,3,23,21,0.106,13.04,160
LA00045,Rajasthan,Jodhpur,Agricultural,Possession,375,147,17,0,2,13,16,0.332,2.13,148
LA00046,Punjab,Bathinda,Agricultural,Notification,92,64,57,0,5,26,13,0.292,4.44,206
LA00047,Maharashtra,Nashik,Agricultural,Objection,333,168,7,0,2,5,38,0.137,1.92,144
LA00048,Punjab,Patiala,Agricultural,Compensation,443,89,25,0,4,72,5,0.179,5.3,145
LA00049,Madhya Pradesh,Jabalpur,Agricultural,Notification,90,90,27,1,11,29,10,0.324,4.14,163
LA00050,Madhya Pradesh,Gwalior,Residential,Objection,424,22,15,0,8,10,61,0.236,38.03,121
LA00051,Madhya Pradesh,Bhopal,Industrial,Possession,79,42,48,0,4,2,39,0.344,9.41,199
LA00052,Gujarat,Surat,Residential,Notification,440,96,30,0,3,25,42,0.05,11.47,155
LA00053,Maharashtra,Nashik,Agricultural,Compensation,401,52,44,1,6,24,26,0.414,2.44,215
LA00054,Maharashtra,Aurangabad,Agricultural,Possession,101,101,24,0,4,28,45,0.212,15.49,161
LA00055,Maharashtra,Nagpur,Commercial,Objection,372,19,54,1,10,13,27,0.392,38.02,214
LA00056,Rajasthan,Jodhpur,Commercial,Compensation,85,49,44,1,5,118,3,0.481,17.64,300
LA00057,Uttar Pradesh,Kanpur,Agricultural,Possession,297,122,20,0,3,17,46,0.296,1.99,169
LA00058,Rajasthan,Kota,Industrial,Compensation,465,112,58,1,13,53,6,0.481,4.65,320
LA00059,Madhya Pradesh,Indore,Agricultural,Notification,127,127,52,0,5,15,55,0.229,8.24,235
LA00060,Madhya Pradesh,Indore,Commercial,Notification,111,111,36,1,4,7,74,0.219,4.15,222
LA00061,Punjab,Bathinda,Industrial,Possession,229,147,1,0,1,22,54,0.146,93.04,131
LA00062,Madhya Pradesh,Gwalior,Residential,Objection,203,5,36,1,11,16,46,0.437,4.56,200
LA00063,Maharashtra,Pune,Agricultural,Compensation,52,52,42,0,4,44,78,0.073,7.08,224
LA00064,Punjab,Patiala,Residential,Notification,244,45,22,0,5,12,17,0.254,4.05,122
LA00065,Maharashtra,Nagpur,Agricultural,Objection,152,51,9,0,3,12,62,0.097,9.32,95
LA00066,Gujarat,Vadodara,Commercial,Possession,88,41,34,0,4,27,16,0.062,29.44,183
LA00067,Punjab,Patiala,Agricultural,Compensation,160,85,49,0,11,31,0,0.311,8.29,213
LA00068,Maharashtra,Aurangabad,Residential,Possession,39,26,20,0,4,17,19,0.231,5.94,89
LA00069,Rajasthan,Jodhpur,Industrial,Objection,460,98,28,0,3,2,40,0.156,2.52,178
LA00070,Maharashtra,Nashik,Agricultural,Compensation,498,34,1,0,2,108,5,0.02,24.75,100
LA00071,Madhya Pradesh,Bhopal,Agricultural,Possession,203,93,43,0,6,8,22,0.379,6.4,200
LA00072,Gujarat,Vadodara,Residential,Objection,442,115,52,0,6,15,4,0.221,6.13,245
LA00073,Maharashtra,Nashik,Agricultural,Objection,247,36,47,0,9,27,19,0.355,0.71,171
LA00074,Rajasthan,Jodhpur,Agricultural,Possession,459,23,26,0,2,28,58,0.054,6.51,123
LA00075,Madhya Pradesh,Gwalior,Agricultural,Objection,111,111,3,0,0,8,12,0.124,4.95,123
LA00076,Maharashtra,Nashik,Agricultural,Compensation,164,134,30,0,7,106,21,0.23,1.19,242
LA00077,Gujarat,Surat,Residential,Possession,378,51,57,1,13,29,10,0.475,19.88,250
LA00078,Gujarat,Surat,Residential,Notification,133,133,6,0,1,7,31,0.222,4.33,157
LA00079,Uttar Pradesh,Agra,Agricultural,Objection,417,43,13,0,1,13,61,0.062,49.18,105
LA00080,Madhya Pradesh,Bhopal,Agricultural,Notification,230,168,51,0,11,15,43,0.322,30.4,248
LA00081,Punjab,Bathinda,Agricultural,Objection,220,24,35,0,1,0,16,0.095,3.6,153
LA00082,Maharashtra,Pune,Agricultural,Objection,243,121,11,0,0,14,25,0.02,29.06,132
LA00083,Rajasthan,Jodhpur,Residential,Compensation,405,8,2,0,0,107,54,0.041,36.99,145
LA00084,Madhya Pradesh,Gwalior,Agricultural,Notification,32,32,25,0,6,9,38,0.212,4.22,106
LA00085,Uttar Pradesh,Lucknow,Agricultural,Compensation,383,76,36,0,7,70,37,0.354,2.63,243
LA00086,Madhya Pradesh,Gwalior,Industrial,Objection,397,20,51,0,2,22,70,0.411,0.86,207
LA00087,Rajasthan,Kota,Agricultural,Objection,416,85,54,0,7,25,66,0.255,10.81,214
LA00088,Gujarat,Vadodara,Residential,Objection,499,45,28,0,5,8,19,0.212,2.79,148
LA00089,Madhya Pradesh,Indore,Agricultural,Compensation,398,22,26,0,5,4,57,0.256,11.14,159
LA00090,Madhya Pradesh,Bhopal,Agricultural,Compensation,279,174,56,0,7,35,64,0.351,4.19,320
LA00091,Maharashtra,Aurangabad,Agricultural,Objection,249,177,47,0,4,3,72,0.239,3.39,240
LA00092,Madhya Pradesh,Indore,Commercial,Possession,212,174,13,0,4,13,21,0.14,4.21,143
LA00093,Punjab,Bathinda,Commercial,Compensation,419,32,41,0,3,29,58,0.221,2.01,179
LA00094,Maharashtra,Pune,Agricultural,Objection,214,72,43,0,6,14,15,0.226,4.21,179
LA00095,Punjab,Ludhiana,Agricultural,Possession,299,62,15,0,5,16,36,0.115,3.54,94
LA00096,Gujarat,Rajkot,Agricultural,Objection,75,62,59,0,10,17,5,0.297,7.29,205
LA00097,Gujarat,Rajkot,Residential,Notification,179,78,18,0,4,5,48,0.119,8.2,117
LA00098,Madhya Pradesh,Jabalpur,Residential,Compensation,155,94,33,0,10,83,55,0.125,2.53,221
LA00099,Uttar Pradesh,Varanasi,Residential,Notification,234,90,30,0,6,20,36,0.266,22.22,177
LA00100,Rajasthan,Jaipur,Industrial,Objection,266,56,42,1,9,4,33,0.386,6.3,204
LA00101,Madhya Pradesh,Jabalpur,Agricultural,Compensation,367,177,55,0,8,85,19,0.439,33.2,254
LA00102,Gujarat,Vadodara,Residential,Notification,233,177,24,0,3,8,62,0.2,9.4,145
LA00103,Madhya Pradesh,Bhopal,Residential,Possession,100,63,24,0,3,12,73,0.137,7.92,146
LA00104,Rajasthan,Jaipur,Agricultural,Possession,286,43,46,0,6,23,10,0.203,4.52,160
LA00105,Madhya Pradesh,Jabalpur,Industrial,Compensation,55,55,58,1,7,113,22,0.401,13.67,269
LA00106,Madhya Pradesh,Indore,Agricultural,Compensation,429,69,55,1,8,40,48,0.433,7.64,306
LA00107,Madhya Pradesh,Jabalpur,Residential,Compensation,392,178,46,0,9,60,29,0.239,17.43,286
LA00108,Uttar Pradesh,Lucknow,Residential,Possession,136,80,43,0,10,1,1,0.133,36.77,177
LA00109,Maharashtra,Nashik,Industrial,Objection,153,12,47,1,12,22,1,0.309,3.57,214
LA00110,Madhya Pradesh,Indore,Agricultural,Notification,43,27,57,0,11,2,18,0.303,13.65,184
LA00111,Gujarat,Surat,Agricultural,Compensation,201,18,1,1,2,76,78,0.247,13.26,128
LA00112,Madhya Pradesh,Gwalior,Commercial,Compensation,48,48,36,0,6,17,49,0.099,11.68,205
LA00113,Uttar Pradesh,Varanasi,Commercial,Notification,471,60,3,0,4,30,20,0.12,4.79,109
LA00114,Maharashtra,Aurangabad,Agricultural,Compensation,93,93,35,0,5,51,4,0.23,4.89,160
LA00115,Uttar Pradesh,Kanpur,Commercial,Notification,340,161,24,0,7,30,61,0.142,4.12,192
LA00116,Uttar Pradesh,Lucknow,Agricultural,Possession,298,29,19,0,3,30,30,0.106,4.04,117
LA00117,Rajasthan,Udaipur,Residential,Objection,141,141,54,0,6,27,31,0.222,3.19,232
LA00118,Rajasthan,Kota,Industrial,Notification,410,107,43,0,8,25,45,0.258,6.66,242
LA00119,Gujarat,Vadodara,Agricultural,Notification,81,58,35,0,4,2,18,0.301,3.46,178
LA00120,Rajasthan,Kota,Agricultural,Objection,447,76,53,1,10,3,58,0.481,11.42,246
LA00121,Maharashtra,Aurangabad,Industrial,Objection,378,82,6,0,3,19,25,0.02,7.82,104
LA00122,Madhya Pradesh,Jabalpur,Commercial,Notification,329,35,39,1,14,3,57,0.33,8.75,202
LA00123,Uttar Pradesh,Kanpur,Industrial,Objection,444,157,10,0,1,7,41,0.02,5.62,126
LA00124,Maharashtra,Nagpur,Agricultural,Notification,219,7,14,0,4,30,12,0.146,7.92,68
LA00125,Punjab,Patiala,Industrial,Objection,162,17,12,0,4,28,50,0.178,5.77,128
LA00126,Uttar Pradesh,Agra,Agricultural,Objection,102,53,33,1,6,7,6,0.433,16.11,217
LA00127,Rajasthan,Jodhpur,Agricultural,Objection,465,30,38,0,3,16,57,0.076,4.75,180
LA00128,Madhya Pradesh,Gwalior,Agricultural,Objection,219,15,46,0,5,16,30,0.164,10.76,178
LA00129,Uttar Pradesh,Lucknow,Commercial,Notification,420,72,27,0,0,8,54,0.186,2.0,95
LA00130,Uttar Pradesh,Agra,Industrial,Notification,186,71,57,0,8,7,19,0.166,15.06,163
LA00131,Uttar Pradesh,Kanpur,Residential,Objection,479,27,23,0,5,13,32,0.184,4.22,152
LA00132,Uttar Pradesh,Varanasi,Residential,Compensation,439,147,10,0,3,45,24,0.171,2.97,198
LA00133,Rajasthan,Kota,Agricultural,Possession,175,160,3,0,2,24,20,0.02,2.37,125
LA00134,Uttar Pradesh,Agra,Agricultural,Possession,259,131,8,0,3,26,27,0.125,2.19,121
LA00135,Madhya Pradesh,Indore,Agricultural,Compensation,403,96,27,0,8,63,4,0.094,4.57,209
LA00136,Gujarat,Vadodara,Agricultural,Compensation,136,136,25,0,6,105,32,0.29,33.07,240
LA00137,Uttar Pradesh,Kanpur,Agricultural,Objection,41,41,52,0,9,19,9,0.297,3.88,218
LA00138,Rajasthan,Jaipur,Industrial,Compensation,166,80,8,0,1,2,42,0.059,0.81,89
LA00139,Maharashtra,Nagpur,Residential,Compensation,308,7,16,0,3,45,7,0.043,10.65,124
LA00140,Maharashtra,Nashik,Commercial,Possession,94,94,59,0,11,18,0,0.34,2.42,270
LA00141,Punjab,Patiala,Agricultural,Possession,187,21,2,0,1,22,35,0.198,16.69,87
LA00142,Gujarat,Rajkot,Agricultural,Objection,462,122,26,1,3,20,24,0.215,4.85,198
LA00143,Gujarat,Rajkot,Agricultural,Compensation,65,65,12,0,3,88,71,0.093,5.62,164
LA00144,Maharashtra,Nagpur,Agricultural,Possession,53,43,33,0,11,6,21,0.157,24.47,156
LA00145,Punjab,Amritsar,Agricultural,Objection,229,112,59,0,4,11,32,0.419,13.7,260
LA00146,Punjab,Amritsar,Agricultural,Possession,36,36,14,0,3,23,19,0.02,2.12,81
LA00147,Rajasthan,Jaipur,Agricultural,Notification,43,43,23,0,4,19,72,0.271,2.46,122
LA00148,Gujarat,Rajkot,Residential,Possession,116,98,27,0,6,19,63,0.156,1.24,163
LA00149,Madhya Pradesh,Jabalpur,Agricultural,Compensation,78,48,48,0,5,89,13,0.252,99.81,222
LA00150,Rajasthan,Udaipur,Agricultural,Notification,411,145,60,0,8,0,20,0.279,3.12,197
LA00151,Punjab,Amritsar,Agricultural,Compensation,87,74,6,0,4,4,15,0.128,23.8,127
LA00152,Gujarat,Surat,Agricultural,Notification,276,86,30,0,14,29,12,0.155,4.34,163
LA00153,Punjab,Bathinda,Agricultural,Compensation,362,148,46,0,13,104,19,0.352,2.51,300
LA00154,Gujarat,Vadodara,Agricultural,Compensation,324,45,1,1,2,81,68,0.275,7.55,122
LA00155,Maharashtra,Nagpur,Residential,Compensation,337,84,49,0,7,94,37,0.187,5.33,265
LA00156,Uttar Pradesh,Agra,Agricultural,Possession,198,179,15,1,7,7,31,0.3,16.48,214
LA00157,Rajasthan,Jodhpur,Industrial,Notification,448,75,32,0,4,16,15,0.171,16.68,153
LA00158,Uttar Pradesh,Kanpur,Agricultural,Objection,62,25,59,0,9,2,14,0.309,4.1,201
LA00159,Uttar Pradesh,Varanasi,Agricultural,Objection,80,55,39,0,4,8,44,0.347,1.75,192
LA00160,Madhya Pradesh,Indore,Agricultural,Notification,433,173,60,0,6,11,60,0.248,2.23,267
LA00161,Punjab,Bathinda,Agricultural,Objection,62,62,37,0,7,21,45,0.298,0.75,193
LA00162,Uttar Pradesh,Lucknow,Agricultural,Objection,120,120,13,0,2,9,53,0.166,5.62,149
LA00163,Maharashtra,Nashik,Industrial,Objection,111,49,42,0,6,14,21,0.223,7.3,208
LA00164,Maharashtra,Aurangabad,Agricultural,Objection,45,45,37,0,6,9,76,0.251,2.36,191
LA00165,Maharashtra,Aurangabad,Residential,Possession,85,74,19,0,2,4,66,0.17,2.09,121
LA00166,Madhya Pradesh,Jabalpur,Agricultural,Objection,299,144,5,0,0,24,71,0.02,7.27,151
LA00167,Gujarat,Surat,Agricultural,Possession,341,160,39,0,7,20,54,0.182,3.93,210
LA00168,Gujarat,Rajkot,Agricultural,Objection,69,41,35,0,8,20,56,0.135,5.97,169
LA00169,Maharashtra,Aurangabad,Agricultural,Objection,473,170,47,0,7,18,5,0.236,5.12,225
LA00170,Rajasthan,Udaipur,Agricultural,Compensation,75,75,8,0,2,30,13,0.22,9.48,145
LA00171,Rajasthan,Jaipur,Industrial,Objection,353,133,33,0,6,15,10,0.254,4.2,222
LA00172,Rajasthan,Kota,Residential,Objection,406,138,50,0,7,21,39,0.154,4.53,228
LA00173,Madhya Pradesh,Jabalpur,Industrial,Compensation,275,34,54,0,9,56,47,0.265,1.13,274
LA00174,Madhya Pradesh,Jabalpur,Agricultural,Notification,261,136,57,0,9,22,9,0.316,7.03,230
LA00175,Madhya Pradesh,Bhopal,Commercial,Objection,81,42,13,1,9,10,60,0.303,8.07,193
LA00176,Maharashtra,Aurangabad,Residential,Compensation,143,52,11,1,5,0,44,0.176,6.19,155
LA00177,Madhya Pradesh,Bhopal,Residential,Objection,430,25,35,0,5,11,48,0.114,49.99,145
LA00178,Rajasthan,Jodhpur,Industrial,Possession,194,36,28,0,6,30,74,0.185,8.7,197
LA00179,Punjab,Patiala,Residential,Objection,46,46,15,0,1,5,47,0.18,6.32,106
LA00180,Uttar Pradesh,Agra,Industrial,Possession,373,62,7,0,3,8,0,0.129,12.17,81
LA00181,Punjab,Patiala,Residential,Compensation,352,73,9,0,2,10,62,0.045,61.12,108
LA00182,Rajasthan,Jaipur,Agricultural,Possession,61,61,21,0,2,1,70,0.298,9.51,161
LA00183,Maharashtra,Nagpur,Residential,Possession,54,54,45,0,8,15,6,0.246,0.8,208
LA00184,Madhya Pradesh,Gwalior,Agricultural,Notification,84,84,4,1,6,0,43,0.221,11.38,127
LA00185,Maharashtra,Nagpur,Industrial,Compensation,53,53,7,0,4,10,38,0.06,3.07,102
LA00186,Maharashtra,Nashik,Commercial,Notification,320,152,16,1,4,9,12,0.333,1.08,171
LA00187,Rajasthan,Jodhpur,Agricultural,Possession,92,92,53,0,8,5,22,0.327,40.35,205
LA00188,Maharashtra,Nashik,Agricultural,Compensation,315,140,60,0,5,75,69,0.325,32.51,273
LA00189,Gujarat,Surat,Agricultural,Objection,112,112,27,0,3,10,31,0.088,2.99,143
LA00190,Gujarat,Vadodara,Agricultural,Possession,488,124,3,0,0,2,43,0.178,3.01,116
LA00191,Madhya Pradesh,Indore,Agricultural,Notification,371,11,1,0,2,16,62,0.148,8.67,57
LA00192,Uttar Pradesh,Agra,Residential,Compensation,206,51,52,0,11,3,36,0.365,3.05,238
LA00193,Uttar Pradesh,Agra,Residential,Compensation,231,113,27,0,5,111,72,0.187,6.46,199
LA00194,Maharashtra,Pune,Commercial,Notification,60,60,5,0,1,27,40,0.094,3.62,123
LA00195,Punjab,Patiala,Agricultural,Compensation,55,55,51,0,4,36,79,0.252,4.95,220
LA00196,Rajasthan,Udaipur,Agricultural,Possession,283,64,32,0,3,24,11,0.38,1.81,173
LA00197,Maharashtra,Nashik,Agricultural,Notification,40,18,21,0,9,20,71,0.128,16.89,130
LA00198,Rajasthan,Udaipur,Industrial,Compensation,330,46,28,0,3,24,9,0.089,24.63,159
LA00199,Maharashtra,Nagpur,Agricultural,Objection,210,142,14,0,3,24,65,0.105,6.68,135
LA00200,Punjab,Ludhiana,Agricultural,Compensation,95,6,56,0,10,64,53,0.253,7.13,222
LA00201,Maharashtra,Nashik,Agricultural,Notification,282,152,48,0,10,15,45,0.369,13.86,217
LA00202,Punjab,Ludhiana,Commercial,Possession,290,64,12,1,11,22,71,0.136,7.4,171
LA00203,Maharashtra,Pune,Agricultural,Possession,381,147,45,0,3,29,51,0.199,41.66,236
LA00204,Madhya Pradesh,Indore,Residential,Notification,123,50,11,0,0,15,56,0.134,1.98,104
LA00205,Maharashtra,Nashik,Residential,Objection,287,150,28,0,2,7,61,0.283,17.48,174
LA00206,Gujarat,Rajkot,Commercial,Compensation,427,105,45,1,9,53,68,0.413,6.59,289
LA00207,Madhya Pradesh,Bhopal,Agricultural,Compensation,157,154,3,0,0,8,18,0.22,2.41,133
LA00208,Punjab,Bathinda,Agricultural,Objection,423,15,44,0,4,9,68,0.27,69.9,168
LA00209,Gujarat,Ahmedabad,Agricultural,Notification,370,145,14,0,6,27,47,0.125,80.25,147
LA00210,Madhya Pradesh,Bhopal,Agricultural,Notification,232,52,42,0,11,3,2,0.317,6.0,180
LA00211,Gujarat,Vadodara,Residential,Possession,445,68,30,1,6,27,74,0.188,11.53,180
LA00212,Madhya Pradesh,Jabalpur,Agricultural,Compensation,485,12,2,0,0,67,62,0.02,4.61,98
LA00213,Madhya Pradesh,Gwalior,Agricultural,Possession,141,141,46,0,11,9,72,0.341,5.42,257
LA00214,Maharashtra,Pune,Agricultural,Compensation,491,117,16,0,5,35,62,0.163,2.38,185
LA00215,Madhya Pradesh,Bhopal,Residential,Possession,31,31,58,0,8,27,27,0.376,2.05,238
LA00216,Gujarat,Surat,Agricultural,Notification,90,90,51,0,6,3,28,0.202,46.72,210
LA00217,Rajasthan,Jodhpur,Residential,Notification,50,32,12,1,7,17,22,0.339,7.11,106
LA00218,Rajasthan,Udaipur,Agricultural,Possession,203,64,37,1,10,8,33,0.383,7.77,208
LA00219,Maharashtra,Nashik,Industrial,Possession,471,82,22,0,6,16,2,0.167,3.29,131
LA00220,Punjab,Ludhiana,Residential,Objection,312,30,37,0,8,24,60,0.242,8.93,161
LA00221,Rajasthan,Udaipur,Agricultural,Objection,320,168,34,1,4,28,60,0.335,1.64,221
LA00222,Maharashtra,Pune,Agricultural,Compensation,69,69,18,0,1,34,79,0.076,3.41,147
LA00223,Madhya Pradesh,Bhopal,Agricultural,Objection,273,104,40,0,9,20,44,0.207,2.23,197
LA00224,Gujarat,Surat,Agricultural,Notification,210,107,16,0,6,13,80,0.174,26.92,134
LA00225,Madhya Pradesh,Indore,Agricultural,Possession,255,128,55,0,4,15,17,0.246,1.42,213
LA00226,Gujarat,Vadodara,Industrial,Objection,153,124,57,1,12,5,38,0.286,2.27,315
LA00227,Madhya Pradesh,Jabalpur,Residential,Compensation,124,16,10,1,9,51,63,0.257,0.95,144
LA00228,Uttar Pradesh,Varanasi,Agricultural,Notification,478,98,44,0,6,5,63,0.313,3.03,213
LA00229,Uttar Pradesh,Agra,Residential,Notification,293,141,56,1,12,1,62,0.485,4.67,276
LA00230,Gujarat,Rajkot,Agricultural,Compensation,223,146,8,0,2,26,37,0.155,19.64,146
LA00231,Maharashtra,Nagpur,Industrial,Objection,64,64,45,0,2,12,5,0.307,5.92,143
LA00232,Punjab,Ludhiana,Agricultural,Compensation,389,162,57,1,13,107,70,0.485,4.9,367
LA00233,Rajasthan,Udaipur,Residential,Notification,252,108,14,0,1,21,30,0.137,9.97,93
LA00234,Madhya Pradesh,Bhopal,Commercial,Possession,212,72,35,1,11,8,52,0.155,4.75,220
LA00235,Maharashtra,Nagpur,Agricultural,Compensation,344,82,48,0,9,55,10,0.359,82.26,269
LA00236,Madhya Pradesh,Jabalpur,Agricultural,Possession,92,92,21,0,3,30,75,0.088,4.09,126
LA00237,Uttar Pradesh,Lucknow,Agricultural,Notification,281,161,15,0,3,17,20,0.048,11.18,150
LA00238,Maharashtra,Nashik,Industrial,Objection,436,45,24,0,3,14,80,0.082,16.89,146
LA00239,Gujarat,Surat,Agricultural,Objection,248,56,21,0,1,13,57,0.354,3.98,105
LA00240,Uttar Pradesh,Varanasi,Residential,Compensation,30,30,44,1,13,32,26,0.395,8.72,221
LA00241,Rajasthan,Jaipur,Commercial,Objection,138,138,23,0,2,28,29,0.081,4.48,170
LA00242,Uttar Pradesh,Kanpur,Commercial,Notification,56,56,23,0,6,19,79,0.118,9.72,154
LA00243,Rajasthan,Jodhpur,Agricultural,Objection,265,118,57,0,7,3,48,0.293,8.17,206
LA00244,Uttar Pradesh,Lucknow,Agricultural,Objection,201,6,35,0,4,6,56,0.254,6.42,149
LA00245,Uttar Pradesh,Kanpur,Residential,Objection,92,56,56,0,7,19,49,0.312,2.33,237
LA00246,Rajasthan,Udaipur,Agricultural,Notification,353,173,43,0,6,11,19,0.168,47.64,215
LA00247,Madhya Pradesh,Gwalior,Industrial,Objection,113,106,54,0,4,14,10,0.302,13.28,210
LA00248,Maharashtra,Pune,Agricultural,Compensation,190,157,12,0,3,24,0,0.079,1.51,159
LA00249,Madhya Pradesh,Bhopal,Agricultural,Objection,495,43,57,0,10,18,32,0.383,4.85,241
LA00250,Rajasthan,Jodhpur,Commercial,Objection,61,56,57,1,15,7,55,0.414,1.54,287
LA00251,Gujarat,Vadodara,Agricultural,Compensation,146,146,3,0,0,59,24,0.03,15.83,156
LA00252,Maharashtra,Nagpur,Agricultural,Compensation,179,179,22,0,6,33,18,0.224,7.23,204
LA00253,Gujarat,Ahmedabad,Agricultural,Objection,269,159,25,0,3,20,31,0.204,7.42,174
LA00254,Gujarat,Vadodara,Agricultural,Compensation,145,60,26,0,5,61,18,0.143,3.18,174
LA00255,Uttar Pradesh,Agra,Commercial,Possession,486,146,47,1,14,25,35,0.431,5.39,265
LA00256,Rajasthan,Kota,Agricultural,Compensation,32,32,42,0,5,50,44,0.287,16.24,222
LA00257,Madhya Pradesh,Jabalpur,Agricultural,Possession,476,153,13,0,6,4,22,0.234,21.24,121
LA00258,Rajasthan,Kota,Agricultural,Compensation,281,154,37,1,14,107,2,0.394,17.23,281
LA00259,Gujarat,Ahmedabad,Industrial,Notification,48,48,59,0,9,17,8,0.287,1.56,202
LA00260,Uttar Pradesh,Varanasi,Agricultural,Objection,84,58,27,0,9,17,33,0.057,6.13,158
LA00261,Madhya Pradesh,Bhopal,Industrial,Compensation,78,78,56,1,13,96,14,0.417,9.52,315
LA00262,Gujarat,Rajkot,Industrial,Possession,165,84,39,0,5,13,64,0.254,3.54,219
LA00263,Gujarat,Ahmedabad,Agricultural,Compensation,186,80,56,1,14,93,13,0.408,1.41,299
LA00264,Punjab,Patiala,Commercial,Notification,332,122,55,1,10,18,2,0.152,2.04,222
LA00265,Punjab,Ludhiana,Residential,Compensation,176,169,2,0,1,101,50,0.143,33.11,181
LA00266,Uttar Pradesh,Lucknow,Agricultural,Notification,371,27,49,0,6,0,50,0.191,2.24,157
LA00267,Maharashtra,Nagpur,Agricultural,Compensation,168,168,12,0,2,19,54,0.181,7.75,182
LA00268,Maharashtra,Nagpur,Commercial,Compensation,154,79,50,1,12,49,12,0.515,6.32,264
LA00269,Uttar Pradesh,Lucknow,Commercial,Compensation,159,9,49,1,11,50,55,0.353,6.34,254
LA00270,Uttar Pradesh,Varanasi,Commercial,Possession,185,59,16,0,5,26,69,0.181,5.37,176
LA00271,Gujarat,Surat,Industrial,Compensation,424,86,4,0,2,78,48,0.101,16.27,154
LA00272,Rajasthan,Jodhpur,Agricultural,Compensation,146,124,26,0,3,120,31,0.219,7.66,197
LA00273,Rajasthan,Jodhpur,Commercial,Compensation,158,104,19,1,3,81,39,0.261,3.95,210
LA00274,Punjab,Amritsar,Industrial,Possession,480,28,34,0,4,26,65,0.166,7.78,120
LA00275,Maharashtra,Pune,Agricultural,Possession,337,90,5,0,2,28,11,0.029,2.06,92
LA00276,Maharashtra,Nashik,Agricultural,Notification,119,45,3,0,2,12,58,0.222,11.89,115
LA00277,Maharashtra,Pune,Agricultural,Compensation,438,52,27,1,12,119,21,0.334,3.74,216
LA00278,Madhya Pradesh,Bhopal,Industrial,Objection,116,116,47,0,6,2,71,0.323,3.96,202
LA00279,Rajasthan,Jodhpur,Agricultural,Possession,106,106,19,0,4,5,11,0.186,12.34,120
LA00280,Rajasthan,Kota,Residential,Compensation,239,32,20,1,2,32,41,0.332,4.92,190
LA00281,Gujarat,Rajkot,Agricultural,Objection,355,111,10,1,5,25,32,0.153,5.2,184
LA00282,Maharashtra,Nashik,Agricultural,Notification,119,79,17,1,9,13,39,0.264,23.75,164
LA00283,Madhya Pradesh,Indore,Residential,Objection,384,64,18,0,3,18,30,0.189,2.79,110
LA00284,Maharashtra,Aurangabad,Agricultural,Compensation,103,103,16,0,4,70,3,0.247,12.16,169
LA00285,Maharashtra,Nagpur,Industrial,Objection,398,48,21,0,3,14,69,0.373,19.1,189
LA00286,Punjab,Bathinda,Agricultural,Notification,75,75,18,0,4,10,43,0.184,23.73,115
LA00287,Rajasthan,Udaipur,Industrial,Possession,248,75,41,1,9,22,48,0.289,65.14,225
LA00288,Uttar Pradesh,Varanasi,Agricultural,Compensation,331,21,21,0,3,4,42,0.064,3.89,128
LA00289,Uttar Pradesh,Varanasi,Industrial,Notification,155,144,46,0,4,12,42,0.177,3.1,174
LA00290,Maharashtra,Nashik,Residential,Objection,318,154,37,0,2,27,49,0.152,16.73,221
LA00291,Madhya Pradesh,Indore,Agricultural,Possession,354,104,39,0,8,13,33,0.02,18.92,191
LA00292,Gujarat,Surat,Agricultural,Compensation,336,132,36,1,5,116,10,0.262,3.35,219
LA00293,Punjab,Ludhiana,Agricultural,Compensation,216,30,56,1,7,118,2,0.447,12.0,247
LA00294,Gujarat,Vadodara,Residential,Objection,394,64,16,0,2,19,43,0.146,112.64,112
LA00295,Uttar Pradesh,Kanpur,Commercial,Objection,374,66,59,0,11,23,15,0.288,8.2,250
LA00296,Uttar Pradesh,Varanasi,Agricultural,Notification,183,139,13,0,1,10,36,0.02,18.61,100
LA00297,Punjab,Ludhiana,Agricultural,Compensation,375,66,9,0,1,72,49,0.198,35.76,155
LA00298,Maharashtra,Nashik,Residential,Notification,462,133,50,1,14,29,48,0.424,90.35,268
LA00299,Gujarat,Ahmedabad,Agricultural,Notification,414,59,54,0,8,5,13,0.284,9.45,186
LA00300,Rajasthan,Udaipur,Residential,Compensation,375,110,6,0,1,30,53,0.02,25.87,147
LA00301,Maharashtra,Nashik,Agricultural,Possession,391,41,36,0,3,17,76,0.173,3.36,165
LA00302,Madhya Pradesh,Bhopal,Residential,Compensation,409,103,31,0,4,118,29,0.231,7.58,225
LA00303,Rajasthan,Kota,Industrial,Compensation,166,19,14,0,5,99,9,0.137,4.73,157
LA00304,Punjab,Bathinda,Agricultural,Compensation,369,134,32,0,4,21,40,0.215,1.12,205
LA00305,Uttar Pradesh,Varanasi,Agricultural,Objection,123,10,42,0,6,3,49,0.294,1.49,163
LA00306,Rajasthan,Jaipur,Agricultural,Objection,198,180,35,0,6,30,32,0.227,11.36,206
LA00307,Gujarat,Surat,Residential,Compensation,470,152,32,1,7,88,48,0.358,11.58,307
LA00308,Uttar Pradesh,Lucknow,Agricultural,Objection,163,106,54,1,9,30,62,0.32,2.61,255
LA00309,Gujarat,Surat,Industrial,Compensation,427,165,14,0,3,85,46,0.037,35.07,222
LA00310,Rajasthan,Kota,Residential,Possession,229,147,38,0,7,24,64,0.265,2.44,208
LA00311,Uttar Pradesh,Agra,Agricultural,Possession,128,30,19,0,5,11,11,0.211,9.56,126
LA00312,Madhya Pradesh,Bhopal,Commercial,Notification,75,75,59,0,13,3,23,0.354,4.88,261
LA00313,Rajasthan,Kota,Agricultural,Objection,288,71,16,0,1,14,44,0.149,8.22,116
LA00314,Gujarat,Ahmedabad,Commercial,Notification,242,155,53,0,10,14,21,0.26,18.15,224
LA00315,Gujarat,Ahmedabad,Agricultural,Objection,270,157,38,0,5,15,80,0.24,15.76,211
LA00316,Uttar Pradesh,Lucknow,Residential,Objection,50,50,13,1,2,26,54,0.26,15.0,149
LA00317,Madhya Pradesh,Bhopal,Industrial,Notification,156,84,46,1,14,8,33,0.404,13.2,240
LA00318,Madhya Pradesh,Indore,Commercial,Compensation,31,31,15,0,3,8,62,0.347,2.07,152
LA00319,Punjab,Bathinda,Industrial,Compensation,172,27,16,0,3,3,79,0.068,22.98,128
LA00320,Madhya Pradesh,Jabalpur,Agricultural,Possession,468,34,21,0,4,27,0,0.42,2.56,165
LA00321,Gujarat,Ahmedabad,Commercial,Notification,101,101,41,0,10,14,45,0.143,6.65,191
LA00322,Rajasthan,Jaipur,Residential,Notification,354,108,24,0,2,24,34,0.199,5.2,134
LA00323,Uttar Pradesh,Agra,Residential,Objection,32,32,35,0,3,8,61,0.113,10.49,168
LA00324,Punjab,Patiala,Agricultural,Notification,294,84,34,0,5,9,24,0.233,4.55,167
LA00325,Punjab,Patiala,Agricultural,Objection,463,35,12,0,5,30,26,0.211,6.31,142
LA00326,Gujarat,Rajkot,Residential,Possession,190,105,14,0,3,6,62,0.138,37.3,172
LA00327,Gujarat,Surat,Agricultural,Objection,122,79,19,0,3,17,72,0.23,2.02,156
LA00328,Rajasthan,Jaipur,Residential,Notification,298,145,14,0,5,9,11,0.105,7.37,125
LA00329,Rajasthan,Jaipur,Commercial,Compensation,161,8,56,0,12,87,49,0.136,2.43,216
LA00330,Uttar Pradesh,Lucknow,Industrial,Compensation,449,168,23,0,4,90,63,0.219,14.5,218
LA00331,Uttar Pradesh,Lucknow,Agricultural,Compensation,429,15,25,0,4,83,13,0.178,3.57,162
LA00332,Maharashtra,Aurangabad,Industrial,Objection,337,78,41,0,4,14,53,0.193,7.68,168
LA00333,Gujarat,Surat,Agricultural,Possession,330,64,48,0,2,19,79,0.219,1.96,163
LA00334,Madhya Pradesh,Jabalpur,Agricultural,Notification,313,131,42,0,1,1,68,0.262,26.88,186
LA00335,Maharashtra,Nagpur,Commercial,Objection,376,120,34,0,7,7,15,0.148,7.95,199
LA00336,Madhya Pradesh,Gwalior,Agricultural,Compensation,246,39,59,1,14,4,80,0.445,8.48,276
LA00337,Punjab,Amritsar,Agricultural,Possession,486,91,54,0,6,20,28,0.376,16.93,233
LA00338,Gujarat,Rajkot,Agricultural,Objection,192,99,13,0,2,1,38,0.294,2.11,143
LA00339,Gujarat,Ahmedabad,Agricultural,Compensation,34,34,10,0,3,1,23,0.233,3.99,134
LA00340,Punjab,Ludhiana,Commercial,Notification,359,8,24,0,4,12,56,0.185,8.76,161
LA00341,Uttar Pradesh,Agra,Agricultural,Notification,341,36,51,0,7,9,10,0.293,1.27,217
LA00342,Gujarat,Surat,Agricultural,Notification,492,93,58,0,8,14,57,0.267,1.41,232
LA00343,Uttar Pradesh,Kanpur,Residential,Compensation,216,50,43,1,13,63,4,0.319,3.25,239
LA00344,Uttar Pradesh,Kanpur,Agricultural,Objection,230,100,42,0,4,15,68,0.305,2.36,205
LA00345,Punjab,Patiala,Residential,Compensation,294,33,15,0,5,73,26,0.118,5.24,178
LA00346,Gujarat,Surat,Industrial,Notification,214,134,36,0,4,4,41,0.243,12.46,165
LA00347,Punjab,Amritsar,Commercial,Possession,399,38,12,0,1,30,18,0.047,15.64,126
LA00348,Punjab,Bathinda,Industrial,Possession,231,119,33,0,10,23,8,0.325,45.12,195
LA00349,Gujarat,Ahmedabad,Agricultural,Notification,399,152,12,0,3,11,1,0.102,7.22,120
LA00350,Rajasthan,Kota,Commercial,Notification,230,68,5,0,3,26,79,0.191,8.62,104
LA00351,Uttar Pradesh,Kanpur,Agricultural,Notification,136,29,59,1,6,24,11,0.342,7.21,183
LA00352,Rajasthan,Udaipur,Agricultural,Possession,496,6,54,0,4,21,4,0.216,10.18,160
LA00353,Gujarat,Vadodara,Residential,Objection,277,68,42,0,4,22,41,0.341,11.01,218
LA00354,Maharashtra,Nashik,Agricultural,Compensation,362,25,38,0,10,117,77,0.183,18.58,219
LA00355,Punjab,Amritsar,Industrial,Objection,308,160,15,0,0,25,6,0.02,18.51,169
LA00356,Punjab,Amritsar,Residential,Compensation,199,176,35,0,3,63,20,0.125,12.42,216
LA00357,Rajasthan,Jodhpur,Industrial,Compensation,487,177,45,1,9,119,45,0.424,33.45,307
LA00358,Punjab,Ludhiana,Agricultural,Compensation,204,167,33,0,3,81,39,0.262,7.59,240
LA00359,Rajasthan,Kota,Agricultural,Possession,497,108,17,0,4,15,11,0.086,4.01,138
LA00360,Madhya Pradesh,Bhopal,Residential,Notification,232,62,24,0,3,2,77,0.119,4.72,135
LA00361,Punjab,Patiala,Agricultural,Possession,40,40,51,0,5,5,29,0.322,6.65,186
LA00362,Punjab,Bathinda,Agricultural,Notification,47,47,16,0,5,22,54,0.251,2.5,150
LA00363,Gujarat,Rajkot,Residential,Compensation,488,152,58,0,2,37,37,0.281,4.0,265
LA00364,Punjab,Ludhiana,Industrial,Possession,278,81,46,0,10,5,47,0.305,2.36,203
LA00365,Rajasthan,Udaipur,Residential,Compensation,212,72,54,1,9,25,73,0.457,10.42,261
LA00366,Uttar Pradesh,Lucknow,Agricultural,Compensation,412,126,31,0,8,25,26,0.377,10.53,237
LA00367,Maharashtra,Nashik,Agricultural,Objection,320,70,14,0,4,7,65,0.045,1.26,115
LA00368,Gujarat,Ahmedabad,Residential,Objection,341,67,3,0,3,18,23,0.043,3.84,89
LA00369,Rajasthan,Jaipur,Agricultural,Objection,352,45,33,0,5,9,25,0.165,45.84,167
LA00370,Madhya Pradesh,Bhopal,Agricultural,Compensation,123,16,24,0,2,1,2,0.234,13.87,160
LA00371,Maharashtra,Pune,Agricultural,Compensation,71,11,7,1,7,83,28,0.198,11.64,160
LA00372,Uttar Pradesh,Varanasi,Agricultural,Objection,372,75,56,0,5,13,47,0.311,3.8,214
LA00373,Maharashtra,Pune,Agricultural,Objection,40,40,59,0,6,28,51,0.308,9.85,218
LA00374,Maharashtra,Nashik,Agricultural,Objection,368,50,23,1,7,22,34,0.275,7.28,160
LA00375,Punjab,Patiala,Residential,Objection,91,91,41,0,10,4,28,0.252,3.33,193
LA00376,Rajasthan,Udaipur,Agricultural,Notification,153,62,25,0,11,13,18,0.272,4.51,139
LA00377,Madhya Pradesh,Jabalpur,Residential,Possession,363,58,30,1,3,25,73,0.213,4.61,199
LA00378,Madhya Pradesh,Bhopal,Agricultural,Compensation,323,33,38,0,10,26,31,0.221,1.67,189
LA00379,Maharashtra,Aurangabad,Industrial,Notification,398,104,25,0,3,3,24,0.076,1.97,157
LA00380,Gujarat,Vadodara,Agricultural,Compensation,317,120,49,0,6,116,76,0.282,6.05,278
LA00381,Rajasthan,Jaipur,Agricultural,Possession,52,52,12,0,1,14,51,0.108,3.16,96
LA00382,Punjab,Amritsar,Agricultural,Objection,425,97,41,0,8,7,68,0.325,5.47,233
LA00383,Punjab,Bathinda,Agricultural,Notification,131,88,59,0,8,25,31,0.302,1.48,218
LA00384,Gujarat,Surat,Agricultural,Notification,94,52,52,1,6,27,34,0.338,16.47,207
LA00385,Rajasthan,Jaipur,Commercial,Notification,443,126,3,0,0,18,59,0.071,59.17,113
LA00386,Rajasthan,Udaipur,Industrial,Compensation,121,102,7,0,0,71,79,0.242,20.64,199
LA00387,Rajasthan,Udaipur,Agricultural,Possession,282,16,38,1,13,7,63,0.213,22.89,199
LA00388,Madhya Pradesh,Jabalpur,Agricultural,Notification,258,91,56,1,10,23,37,0.346,13.82,263
LA00389,Punjab,Bathinda,Residential,Compensation,392,73,51,0,4,53,48,0.269,9.64,232
LA00390,Rajasthan,Udaipur,Residential,Notification,50,50,55,0,6,7,28,0.234,8.06,205
LA00391,Madhya Pradesh,Indore,Agricultural,Compensation,80,58,9,0,0,65,36,0.151,2.96,137
LA00392,Gujarat,Ahmedabad,Commercial,Compensation,225,173,32,1,10,66,31,0.307,14.73,293
LA00393,Maharashtra,Nagpur,Agricultural,Objection,252,113,44,0,10,13,8,0.274,13.88,224
LA00394,Uttar Pradesh,Lucknow,Residential,Notification,401,27,38,0,5,2,70,0.232,4.65,138
LA00395,Madhya Pradesh,Indore,Agricultural,Compensation,315,75,47,1,7,115,11,0.35,12.5,267
LA00396,Punjab,Patiala,Agricultural,Possession,100,100,13,0,2,20,21,0.026,3.69,129
LA00397,Rajasthan,Udaipur,Agricultural,Objection,491,49,28,0,5,26,20,0.202,3.93,166
LA00398,Gujarat,Surat,Commercial,Notification,246,129,27,1,10,4,17,0.153,16.04,209
LA00399,Gujarat,Surat,Agricultural,Notification,484,142,57,1,10,27,40,0.346,11.36,264
LA00400,Gujarat,Vadodara,Commercial,Compensation,496,126,13,0,4,68,77,0.173,5.86,226
LA00401,Punjab,Ludhiana,Commercial,Compensation,54,20,20,0,3,42,26,0.251,5.22,141
LA00402,Madhya Pradesh,Gwalior,Residential,Compensation,268,70,2,0,2,89,59,0.279,8.8,131
LA00403,Gujarat,Vadodara,Agricultural,Compensation,228,66,10,0,2,30,59,0.085,1.18,128
LA00404,Punjab,Patiala,Agricultural,Possession,264,65,59,0,8,0,61,0.233,3.46,237
LA00405,Maharashtra,Nashik,Agricultural,Possession,175,159,51,0,8,1,50,0.316,2.09,217
LA00406,Uttar Pradesh,Varanasi,Residential,Objection,293,5,16,0,2,22,59,0.29,7.48,96
LA00407,Maharashtra,Nashik,Industrial,Compensation,261,99,43,0,4,97,61,0.361,21.95,227
LA00408,Rajasthan,Kota,Agricultural,Objection,117,117,36,0,8,8,55,0.139,11.91,206
LA00409,Punjab,Amritsar,Industrial,Objection,165,159,55,0,7,12,45,0.275,4.43,227
LA00410,Rajasthan,Jaipur,Agricultural,Possession,99,99,19,0,5,10,7,0.225,3.65,144
LA00411,Gujarat,Vadodara,Agricultural,Compensation,427,180,60,0,7,24,41,0.378,3.48,281
LA00412,Gujarat,Ahmedabad,Agricultural,Possession,349,75,23,0,5,7,61,0.218,54.58,135
LA00413,Gujarat,Rajkot,Residential,Objection,212,112,44,0,6,2,27,0.21,7.91,181
LA00414,Rajasthan,Kota,Agricultural,Compensation,216,100,24,1,7,36,20,0.325,9.02,210
LA00415,Rajasthan,Jodhpur,Agricultural,Compensation,67,13,41,1,9,13,48,0.416,0.89,204
LA00416,Madhya Pradesh,Indore,Commercial,Notification,166,12,21,0,4,27,10,0.087,2.27,103
LA00417,Punjab,Patiala,Agricultural,Objection,465,162,51,0,7,30,58,0.379,7.07,264
LA00418,Rajasthan,Jodhpur,Agricultural,Compensation,44,35,39,0,3,94,79,0.302,4.49,230
LA00419,Gujarat,Surat,Agricultural,Notification,98,67,18,0,7,23,39,0.098,8.44,139
LA00420,Uttar Pradesh,Agra,Agricultural,Possession,428,114,58,1,5,8,2,0.467,8.33,245
LA00421,Punjab,Amritsar,Agricultural,Notification,275,106,43,0,7,13,21,0.31,13.47,167
LA00422,Madhya Pradesh,Jabalpur,Agricultural,Notification,45,45,26,0,5,13,2,0.249,1.14,128
LA00423,Madhya Pradesh,Bhopal,Residential,Compensation,260,177,9,0,4,67,37,0.246,2.45,209
LA00424,Uttar Pradesh,Varanasi,Agricultural,Notification,383,143,59,0,11,16,25,0.308,6.69,237
LA00425,Maharashtra,Nashik,Residential,Possession,192,170,46,0,7,6,62,0.282,3.87,232
LA00426,Gujarat,Vadodara,Agricultural,Compensation,209,120,41,1,6,84,68,0.124,5.42,304
LA00427,Punjab,Ludhiana,Agricultural,Notification,327,177,50,0,7,18,35,0.358,8.24,209
LA00428,Madhya Pradesh,Indore,Agricultural,Compensation,311,110,37,0,4,92,79,0.299,3.51,252
LA00429,Rajasthan,Udaipur,Agricultural,Compensation,455,100,14,0,2,46,36,0.241,8.96,180
LA00430,Madhya Pradesh,Indore,Agricultural,Compensation,146,146,15,1,8,42,9,0.174,12.73,192
LA00431,Rajasthan,Jaipur,Agricultural,Possession,160,157,5,0,2,1,73,0.178,7.89,133
LA00432,Madhya Pradesh,Gwalior,Industrial,Compensation,103,17,4,0,2,74,32,0.179,15.19,118
LA00433,Madhya Pradesh,Bhopal,Commercial,Compensation,343,165,44,0,5,25,71,0.192,0.84,255
LA00434,Rajasthan,Jodhpur,Agricultural,Objection,281,126,52,0,7,26,59,0.36,4.11,260
LA00435,Maharashtra,Nashik,Residential,Compensation,193,162,10,0,1,104,76,0.154,18.04,201
LA00436,Rajasthan,Kota,Residential,Possession,357,130,35,0,9,20,52,0.085,3.11,253
LA00437,Uttar Pradesh,Kanpur,Commercial,Compensation,207,168,8,0,6,29,48,0.167,2.72,178
LA00438,Punjab,Patiala,Agricultural,Compensation,122,53,25,0,5,8,18,0.116,6.51,170
LA00439,Rajasthan,Udaipur,Agricultural,Objection,284,38,48,0,3,24,22,0.12,7.26,178
LA00440,Maharashtra,Pune,Agricultural,Compensation,235,39,49,0,7,20,26,0.295,4.33,208
LA00441,Punjab,Amritsar,Agricultural,Possession,220,49,57,0,5,14,25,0.284,46.69,223
LA00442,Gujarat,Ahmedabad,Agricultural,Notification,239,42,19,1,4,14,48,0.367,9.84,114
LA00443,Rajasthan,Jaipur,Industrial,Objection,460,82,57,0,5,27,70,0.304,3.0,247
LA00444,Maharashtra,Pune,Industrial,Compensation,131,39,48,0,7,34,2,0.324,1.75,198
LA00445,Uttar Pradesh,Kanpur,Agricultural,Compensation,159,32,21,0,3,83,50,0.2,11.08,159
LA00446,Uttar Pradesh,Varanasi,Agricultural,Compensation,296,97,20,0,7,59,61,0.246,2.93,187
LA00447,Gujarat,Rajkot,Agricultural,Notification,51,51,7,0,0,22,35,0.034,63.6,57
LA00448,Punjab,Patiala,Agricultural,Objection,98,28,56,0,18,22,22,0.328,11.34,200
LA00449,Uttar Pradesh,Varanasi,Residential,Compensation,296,94,13,0,3,20,35,0.12,12.94,154
LA00450,Gujarat,Ahmedabad,Agricultural,Compensation,270,121,17,0,2,116,67,0.196,9.48,203
LA00451,Punjab,Bathinda,Commercial,Compensation,337,129,25,1,8,19,74,0.304,22.68,235
LA00452,Punjab,Bathinda,Industrial,Compensation,83,23,9,0,4,36,55,0.07,0.67,142
LA00453,Maharashtra,Pune,Residential,Compensation,432,134,49,1,14,26,39,0.352,2.22,298
LA00454,Rajasthan,Jodhpur,Residential,Compensation,258,9,42,0,8,63,52,0.375,20.78,214
LA00455,Uttar Pradesh,Varanasi,Agricultural,Compensation,103,46,10,0,3,81,54,0.02,33.13,196
LA00456,Uttar Pradesh,Agra,Agricultural,Compensation,176,61,10,0,2,115,62,0.176,2.15,186
LA00457,Rajasthan,Udaipur,Agricultural,Compensation,137,137,2,0,2,47,11,0.19,1.2,186
LA00458,Uttar Pradesh,Varanasi,Residential,Notification,243,38,57,0,4,7,6,0.334,8.74,173
LA00459,Punjab,Amritsar,Agricultural,Objection,251,142,27,0,7,25,27,0.346,12.01,198
LA00460,Rajasthan,Jaipur,Commercial,Compensation,234,179,40,1,12,72,21,0.419,8.56,282
LA00461,Madhya Pradesh,Indore,Agricultural,Possession,247,173,9,0,0,18,49,0.142,6.96,134
LA00462,Rajasthan,Jaipur,Agricultural,Compensation,457,58,14,0,1,7,42,0.094,1.16,112
LA00463,Madhya Pradesh,Indore,Agricultural,Notification,481,21,33,0,8,25,74,0.244,5.08,211
LA00464,Maharashtra,Nagpur,Industrial,Compensation,260,44,13,0,4,31,62,0.188,5.89,138
LA00465,Rajasthan,Jodhpur,Agricultural,Objection,483,140,37,1,8,6,11,0.326,4.27,214
LA00466,Punjab,Ludhiana,Agricultural,Compensation,415,39,56,0,10,8,68,0.237,1.08,205
LA00467,Rajasthan,Jodhpur,Agricultural,Possession,416,118,19,0,4,13,62,0.058,13.26,155
LA00468,Uttar Pradesh,Kanpur,Residential,Compensation,136,70,37,0,6,39,30,0.236,17.56,186
LA00469,Gujarat,Ahmedabad,Industrial,Compensation,236,139,55,0,11,33,4,0.176,3.34,276
LA00470,Punjab,Ludhiana,Agricultural,Objection,195,111,54,0,11,25,64,0.253,6.14,214
LA00471,Madhya Pradesh,Jabalpur,Industrial,Objection,75,75,1,0,2,29,15,0.02,4.5,92
LA00472,Madhya Pradesh,Bhopal,Agricultural,Possession,65,65,7,0,3,3,17,0.177,4.54,60
LA00473,Maharashtra,Nashik,Residential,Compensation,323,173,60,0,7,8,38,0.396,12.1,275
LA00474,Maharashtra,Pune,Agricultural,Compensation,228,69,56,0,14,56,6,0.31,12.4,250
LA00475,Uttar Pradesh,Lucknow,Agricultural,Objection,418,98,20,0,6,18,32,0.309,21.64,149
LA00476,Madhya Pradesh,Indore,Residential,Notification,344,115,32,1,8,9,19,0.416,21.2,191
LA00477,Punjab,Patiala,Agricultural,Notification,70,70,35,0,11,10,4,0.263,6.22,177
LA00478,Rajasthan,Jaipur,Agricultural,Notification,424,89,41,0,11,16,73,0.236,126.74,239
LA00479,Uttar Pradesh,Lucknow,Commercial,Objection,263,70,46,0,4,6,21,0.221,34.81,195
LA00480,Rajasthan,Jaipur,Industrial,Possession,296,153,23,0,9,22,44,0.223,3.83,177
LA00481,Gujarat,Vadodara,Agricultural,Compensation,484,172,54,1,7,11,66,0.372,8.39,295
LA00482,Madhya Pradesh,Jabalpur,Residential,Objection,331,105,4,0,0,0,38,0.138,1.01,101
LA00483,Gujarat,Ahmedabad,Commercial,Notification,40,23,2,1,4,6,23,0.245,7.59,114
LA00484,Madhya Pradesh,Indore,Agricultural,Objection,113,56,58,0,7,15,60,0.279,39.4,227
LA00485,Maharashtra,Nashik,Industrial,Possession,230,86,11,0,10,23,56,0.226,119.26,128
LA00486,Gujarat,Surat,Agricultural,Objection,47,47,60,0,11,9,0,0.294,6.55,232
LA00487,Maharashtra,Pune,Commercial,Compensation,108,108,18,0,5,114,66,0.155,10.33,233
LA00488,Uttar Pradesh,Lucknow,Agricultural,Possession,402,149,22,0,7,16,9,0.093,13.54,184
LA00489,Madhya Pradesh,Gwalior,Agricultural,Notification,97,10,2,1,4,16,59,0.173,53.5,84
LA00490,Uttar Pradesh,Agra,Agricultural,Compensation,108,86,57,1,9,102,8,0.57,2.76,307
LA00491,Punjab,Amritsar,Agricultural,Possession,267,128,22,0,4,19,5,0.093,105.16,122
LA00492,Punjab,Amritsar,Industrial,Objection,72,72,11,1,3,25,9,0.26,5.38,143
LA00493,Madhya Pradesh,Jabalpur,Industrial,Notification,150,30,30,1,13,6,59,0.275,2.29,190
LA00494,Uttar Pradesh,Kanpur,Agricultural,Possession,471,159,10,0,2,16,36,0.02,5.39,118
LA00495,Gujarat,Surat,Agricultural,Possession,327,6,48,0,7,0,48,0.307,3.29,180
LA00496,Maharashtra,Pune,Agricultural,Compensation,483,39,5,0,0,63,22,0.053,11.24,111
LA00497,Rajasthan,Udaipur,Agricultural,Compensation,196,154,30,0,3,30,9,0.217,1.42,188
LA00498,Maharashtra,Aurangabad,Agricultural,Objection,320,143,24,0,3,23,63,0.249,8.51,207
LA00499,Punjab,Ludhiana,Industrial,Possession,142,142,3,1,5,30,67,0.219,14.35,166
LA00500,Maharashtra,Aurangabad,Commercial,Compensation,208,110,4,0,4,40,67,0.128,32.55,164
LA00501,Rajasthan,Kota,Agricultural,Notification,112,112,32,0,7,21,5,0.137,14.59,129
LA00502,Uttar Pradesh,Lucknow,Agricultural,Compensation,422,99,24,0,3,9,74,0.227,30.61,188
LA00503,Punjab,Bathinda,Residential,Possession,116,95,8,0,3,21,43,0.099,4.03,111
LA00504,Punjab,Ludhiana,Agricultural,Possession,126,95,9,0,4,15,15,0.02,10.96,121
LA00505,Gujarat,Ahmedabad,Agricultural,Objection,248,56,49,0,14,30,16,0.346,0.8,195
LA00506,Maharashtra,Pune,Agricultural,Notification,232,155,44,0,11,1,40,0.347,6.59,227
LA00507,Uttar Pradesh,Agra,Agricultural,Possession,177,67,37,0,11,4,48,0.35,10.88,150
LA00508,Gujarat,Vadodara,Agricultural,Possession,198,112,51,0,12,7,3,0.456,11.91,238
LA00509,Gujarat,Surat,Commercial,Compensation,168,122,5,0,0,14,40,0.159,1.53,139
LA00510,Gujarat,Ahmedabad,Agricultural,Compensation,459,99,42,0,8,23,19,0.284,5.0,223
LA00511,Punjab,Ludhiana,Residential,Compensation,303,112,46,0,10,52,74,0.348,5.75,257
LA00512,Madhya Pradesh,Jabalpur,Agricultural,Objection,463,13,13,0,5,22,49,0.065,4.81,88
LA00513,Punjab,Bathinda,Industrial,Notification,494,60,33,0,5,12,30,0.072,15.26,133
LA00514,Madhya Pradesh,Jabalpur,Agricultural,Notification,336,83,47,1,7,21,34,0.32,5.95,214
LA00515,Punjab,Ludhiana,Agricultural,Objection,418,74,37,0,6,11,67,0.324,8.16,201
LA00516,Rajasthan,Udaipur,Agricultural,Possession,82,82,15,1,6,2,55,0.192,4.53,157
LA00517,Punjab,Patiala,Agricultural,Notification,477,162,40,1,6,18,31,0.369,21.43,208
LA00518,Rajasthan,Kota,Agricultural,Objection,257,130,46,0,6,3,67,0.299,23.09,255
LA00519,Maharashtra,Pune,Commercial,Compensation,366,67,1,0,0,120,50,0.103,5.43,158
LA00520,Uttar Pradesh,Varanasi,Agricultural,Objection,145,13,35,0,4,27,4,0.108,127.82,124
LA00521,Maharashtra,Nashik,Agricultural,Notification,74,74,31,1,4,5,51,0.324,3.43,178
LA00522,Rajasthan,Jaipur,Agricultural,Compensation,446,160,23,0,4,7,76,0.135,20.23,199
LA00523,Gujarat,Ahmedabad,Commercial,Objection,241,91,3,0,5,29,69,0.237,2.85,141
LA00524,Madhya Pradesh,Indore,Industrial,Compensation,95,95,6,0,7,32,3,0.206,16.01,142
LA00525,Gujarat,Ahmedabad,Residential,Possession,340,168,46,0,8,11,71,0.226,14.81,257
LA00526,Gujarat,Surat,Residential,Notification,55,55,50,0,9,21,79,0.414,2.69,249
LA00527,Punjab,Amritsar,Residential,Possession,242,41,26,0,5,3,13,0.208,6.48,94
LA00528,Rajasthan,Udaipur,Residential,Possession,361,8,57,0,7,1,51,0.16,47.83,210
LA00529,Punjab,Ludhiana,Agricultural,Possession,369,138,56,1,5,26,61,0.38,3.27,265
LA00530,Punjab,Patiala,Residential,Compensation,243,103,40,0,10,39,3,0.371,11.04,234
LA00531,Uttar Pradesh,Varanasi,Commercial,Compensation,204,32,35,0,4,98,67,0.145,10.33,236
LA00532,Rajasthan,Udaipur,Agricultural,Compensation,424,14,58,0,3,70,31,0.284,7.08,174
LA00533,Rajasthan,Udaipur,Residential,Compensation,117,117,37,1,9,68,24,0.219,1.31,266
LA00534,Gujarat,Ahmedabad,Agricultural,Notification,65,61,57,0,6,26,20,0.195,16.92,213
LA00535,Uttar Pradesh,Varanasi,Agricultural,Possession,103,62,59,1,17,26,40,0.354,7.48,253
LA00536,Rajasthan,Udaipur,Agricultural,Compensation,407,115,12,0,2,29,64,0.028,22.28,126
LA00537,Maharashtra,Nashik,Residential,Compensation,251,69,40,1,14,74,66,0.299,9.32,302
LA00538,Rajasthan,Jodhpur,Industrial,Objection,47,47,44,0,8,4,18,0.389,7.88,161
LA00539,Uttar Pradesh,Kanpur,Agricultural,Notification,109,109,50,0,5,4,66,0.262,10.72,210
LA00540,Rajasthan,Jodhpur,Agricultural,Compensation,43,43,21,0,2,48,66,0.22,2.75,180
LA00541,Madhya Pradesh,Indore,Agricultural,Compensation,413,51,52,1,10,81,4,0.469,35.1,275
LA00542,Rajasthan,Udaipur,Agricultural,Objection,247,156,30,1,6,30,25,0.208,5.08,221
LA00543,Gujarat,Rajkot,Industrial,Objection,62,62,24,0,7,2,1,0.111,5.14,131
LA00544,Gujarat,Surat,Agricultural,Objection,134,134,10,0,2,16,80,0.18,26.9,158
LA00545,Madhya Pradesh,Jabalpur,Agricultural,Compensation,320,65,20,0,2,60,38,0.103,9.46,143
LA00546,Rajasthan,Jodhpur,Agricultural,Objection,309,8,59,0,11,1,21,0.364,5.83,195
LA00547,Maharashtra,Aurangabad,Industrial,Possession,415,163,43,0,7,13,72,0.379,11.18,244
LA00548,Uttar Pradesh,Kanpur,Agricultural,Notification,42,42,44,0,7,29,55,0.132,13.82,142
LA00549,Uttar Pradesh,Agra,Residential,Objection,62,62,54,0,10,3,76,0.26,6.56,238
LA00550,Madhya Pradesh,Bhopal,Agricultural,Objection,46,46,17,0,3,4,64,0.13,18.58,77
LA00551,Madhya Pradesh,Gwalior,Agricultural,Compensation,215,45,40,1,10,110,77,0.298,2.07,271
LA00552,Maharashtra,Nashik,Residential,Compensation,372,138,23,0,2,42,17,0.116,9.6,188
LA00553,Madhya Pradesh,Bhopal,Agricultural,Compensation,342,19,51,0,6,107,16,0.231,16.45,210
LA00554,Gujarat,Ahmedabad,Residential,Possession,128,74,26,0,7,1,6,0.184,13.76,120
LA00555,Punjab,Bathinda,Agricultural,Objection,339,67,52,0,11,8,27,0.297,0.79,205
LA00556,Uttar Pradesh,Lucknow,Residential,Compensation,339,120,45,0,8,9,44,0.33,6.51,250
LA00557,Madhya Pradesh,Jabalpur,Commercial,Notification,120,99,47,0,10,30,45,0.262,2.19,225
LA00558,Punjab,Bathinda,Residential,Objection,383,112,56,0,10,4,54,0.385,26.73,231
LA00559,Madhya Pradesh,Bhopal,Agricultural,Compensation,228,88,48,0,6,18,59,0.213,5.0,225
LA00560,Punjab,Patiala,Residential,Notification,57,57,20,0,7,5,66,0.068,23.92,132
LA00561,Uttar Pradesh,Kanpur,Industrial,Compensation,213,33,32,0,3,85,42,0.174,2.19,194
LA00562,Rajasthan,Jodhpur,Agricultural,Compensation,392,131,29,0,1,77,22,0.22,10.92,184
LA00563,Maharashtra,Nagpur,Agricultural,Compensation,357,13,4,0,0,67,35,0.163,7.45,112
LA00564,Gujarat,Surat,Commercial,Compensation,156,20,36,0,6,23,70,0.335,117.22,219
LA00565,Punjab,Amritsar,Agricultural,Compensation,386,132,27,0,8,32,66,0.214,24.0,223
LA00566,Gujarat,Surat,Residential,Objection,213,32,24,0,5,8,74,0.234,22.51,158
LA00567,Gujarat,Rajkot,Commercial,Notification,246,140,7,0,2,11,43,0.218,56.14,161
LA00568,Gujarat,Vadodara,Agricultural,Notification,70,28,31,0,2,18,63,0.13,9.81,130
LA00569,Uttar Pradesh,Agra,Residential,Compensation,499,30,35,0,8,3,33,0.202,6.69,161
LA00570,Uttar Pradesh,Varanasi,Residential,Possession,424,169,7,0,5,7,0,0.336,5.97,132
LA00571,Punjab,Bathinda,Agricultural,Notification,121,36,39,0,11,19,60,0.307,10.26,181
LA00572,Maharashtra,Aurangabad,Industrial,Compensation,294,165,11,0,3,25,7,0.165,0.5,141
LA00573,Gujarat,Vadodara,Agricultural,Compensation,397,66,9,0,2,49,51,0.187,7.41,136
LA00574,Rajasthan,Jodhpur,Agricultural,Possession,267,145,25,0,3,10,80,0.067,9.27,177
LA00575,Rajasthan,Udaipur,Commercial,Compensation,129,129,24,0,7,23,2,0.126,6.32,207
LA00576,Maharashtra,Nashik,Agricultural,Compensation,486,25,55,0,8,72,59,0.208,1.6,209
LA00577,Punjab,Amritsar,Commercial,Compensation,156,63,5,0,3,58,70,0.137,6.36,154
LA00578,Uttar Pradesh,Agra,Agricultural,Possession,187,106,21,0,7,23,50,0.138,1.59,156
LA00579,Punjab,Bathinda,Agricultural,Notification,205,157,45,0,7,0,55,0.259,43.54,211
LA00580,Rajasthan,Kota,Agricultural,Possession,449,37,15,0,2,10,73,0.112,5.71,113
LA00581,Rajasthan,Jodhpur,Residential,Notification,265,37,59,0,6,5,62,0.168,0.94,193
LA00582,Punjab,Amritsar,Commercial,Possession,368,69,45,0,4,4,3,0.316,6.01,206
LA00583,Rajasthan,Jodhpur,Commercial,Notification,454,41,57,0,8,1,62,0.155,18.09,222
LA00584,Rajasthan,Kota,Industrial,Notification,467,52,57,1,13,11,61,0.347,8.81,285
LA00585,Maharashtra,Nashik,Residential,Notification,433,27,7,0,3,6,18,0.02,2.96,66
LA00586,Punjab,Patiala,Commercial,Objection,457,150,28,0,6,23,53,0.12,3.75,190
LA00587,Madhya Pradesh,Indore,Agricultural,Objection,476,145,45,0,7,15,68,0.268,5.55,213
LA00588,Rajasthan,Jodhpur,Industrial,Notification,496,30,1,0,1,24,68,0.184,4.76,76
LA00589,Punjab,Bathinda,Residential,Compensation,332,99,28,0,4,18,70,0.061,2.1,197
LA00590,Punjab,Amritsar,Industrial,Objection,92,92,42,0,6,24,63,0.194,6.91,223
LA00591,Madhya Pradesh,Bhopal,Agricultural,Compensation,83,83,48,1,9,64,9,0.226,1.95,261
LA00592,Punjab,Amritsar,Agricultural,Possession,404,178,25,0,4,30,39,0.127,19.09,169
LA00593,Gujarat,Vadodara,Residential,Compensation,178,117,52,1,13,68,18,0.394,21.57,286
LA00594,Punjab,Ludhiana,Agricultural,Notification,408,125,41,0,11,25,5,0.307,2.71,234
LA00595,Gujarat,Surat,Agricultural,Objection,470,10,3,0,3,5,21,0.02,3.61,49
LA00596,Madhya Pradesh,Bhopal,Industrial,Possession,333,18,17,0,5,30,73,0.194,4.84,160
LA00597,Uttar Pradesh,Kanpur,Agricultural,Notification,389,113,57,0,7,9,48,0.216,7.16,222
LA00598,Madhya Pradesh,Gwalior,Agricultural,Objection,161,161,1,0,1,19,61,0.02,9.55,112
LA00599,Uttar Pradesh,Varanasi,Agricultural,Possession,234,75,7,0,1,10,40,0.112,11.74,76
LA00600,Uttar Pradesh,Agra,Agricultural,Possession,484,118,21,0,4,7,28,0.212,11.47,134
LA00601,Uttar Pradesh,Varanasi,Residential,Objection,414,41,60,0,5,10,39,0.292,34.95,220
LA00602,Madhya Pradesh,Bhopal,Industrial,Compensation,126,85,43,0,10,67,79,0.163,7.85,234
LA00603,Madhya Pradesh,Jabalpur,Industrial,Compensation,471,137,9,0,6,46,23,0.115,2.01,198
LA00604,Rajasthan,Kota,Residential,Compensation,265,121,24,0,4,19,25,0.114,1.48,171
LA00605,Madhya Pradesh,Jabalpur,Residential,Notification,427,25,57,0,4,28,68,0.336,37.93,215
LA00606,Uttar Pradesh,Varanasi,Agricultural,Notification,275,159,14,1,3,2,30,0.321,12.3,171
LA00607,Gujarat,Vadodara,Industrial,Compensation,314,168,35,0,2,31,73,0.287,9.08,268
LA00608,Uttar Pradesh,Agra,Agricultural,Objection,106,88,28,0,5,9,78,0.186,11.58,163
LA00609,Punjab,Patiala,Agricultural,Compensation,189,64,46,1,14,7,5,0.459,8.67,247
LA00610,Punjab,Bathinda,Industrial,Objection,370,98,46,0,4,11,54,0.167,11.4,178
LA00611,Punjab,Bathinda,Industrial,Possession,426,146,50,1,9,11,7,0.516,5.09,263
LA00612,Maharashtra,Aurangabad,Agricultural,Possession,71,71,8,0,1,21,71,0.028,21.23,126
LA00613,Madhya Pradesh,Bhopal,Residential,Compensation,66,10,28,0,3,101,9,0.022,4.37,163
LA00614,Maharashtra,Nagpur,Agricultural,Compensation,356,17,42,0,8,62,71,0.352,2.99,262
LA00615,Madhya Pradesh,Bhopal,Agricultural,Objection,240,147,26,0,4,5,62,0.122,1.36,184
LA00616,Uttar Pradesh,Kanpur,Agricultural,Compensation,429,143,41,0,3,41,43,0.239,5.83,217
LA00617,Gujarat,Rajkot,Agricultural,Notification,62,62,39,0,1,22,16,0.136,26.25,147
LA00618,Gujarat,Ahmedabad,Agricultural,Possession,194,27,23,0,8,28,21,0.366,4.68,117
LA00619,Rajasthan,Kota,Agricultural,Possession,46,35,7,0,1,1,34,0.252,1.86,73
LA00620,Rajasthan,Udaipur,Agricultural,Possession,364,74,59,0,3,18,68,0.416,9.82,205
LA00621,Maharashtra,Aurangabad,Agricultural,Possession,434,45,50,0,12,6,72,0.286,3.85,211
LA00622,Maharashtra,Nashik,Industrial,Possession,103,73,54,0,5,6,40,0.357,34.75,212
LA00623,Rajasthan,Jaipur,Residential,Objection,182,103,18,1,6,25,18,0.251,21.64,197
LA00624,Maharashtra,Aurangabad,Industrial,Possession,428,54,19,0,4,7,45,0.244,2.07,133
LA00625,Uttar Pradesh,Varanasi,Agricultural,Compensation,49,26,20,0,4,96,67,0.125,6.21,152
LA00626,Gujarat,Vadodara,Residential,Objection,478,75,2,0,2,3,43,0.218,3.47,134
LA00627,Maharashtra,Aurangabad,Commercial,Compensation,447,132,11,0,1,6,72,0.084,2.32,108
LA00628,Maharashtra,Pune,Agricultural,Objection,101,101,19,0,5,28,0,0.129,6.99,139
LA00629,Uttar Pradesh,Kanpur,Agricultural,Objection,95,61,60,1,8,28,40,0.369,16.75,255
LA00630,Maharashtra,Pune,Agricultural,Objection,355,59,13,0,2,7,3,0.145,6.81,100
LA00631,Madhya Pradesh,Jabalpur,Agricultural,Notification,34,34,31,0,3,5,49,0.163,4.41,134
LA00632,Gujarat,Vadodara,Agricultural,Compensation,268,35,33,1,6,1,49,0.346,0.81,197
LA00633,Maharashtra,Aurangabad,Agricultural,Possession,61,61,22,0,6,19,25,0.131,3.8,141
LA00634,Maharashtra,Nagpur,Agricultural,Compensation,280,158,56,0,7,44,64,0.353,12.83,274
LA00635,Gujarat,Ahmedabad,Residential,Compensation,194,9,6,0,0,47,77,0.222,1.93,100
LA00636,Madhya Pradesh,Bhopal,Agricultural,Objection,362,175,53,0,13,24,37,0.298,26.64,266
LA00637,Gujarat,Surat,Agricultural,Compensation,444,9,45,0,10,29,35,0.435,4.12,193
LA00638,Gujarat,Vadodara,Residential,Objection,260,85,19,0,4,0,15,0.245,8.97,124
LA00639,Madhya Pradesh,Bhopal,Agricultural,Possession,332,122,47,0,8,14,2,0.432,4.96,235
LA00640,Punjab,Bathinda,Agricultural,Notification,312,62,26,0,4,14,32,0.174,2.28,155
LA00641,Madhya Pradesh,Bhopal,Agricultural,Compensation,493,40,59,1,19,79,35,0.292,11.48,317
LA00642,Punjab,Amritsar,Agricultural,Compensation,138,13,3,0,1,31,62,0.036,4.06,115
LA00643,Punjab,Ludhiana,Agricultural,Compensation,142,133,2,1,4,113,69,0.147,3.21,202
LA00644,Maharashtra,Nashik,Agricultural,Possession,208,11,33,0,10,10,8,0.139,0.69,154
LA00645,Madhya Pradesh,Indore,Agricultural,Objection,376,90,56,1,15,28,12,0.23,27.19,261
LA00646,Gujarat,Ahmedabad,Industrial,Possession,437,74,4,0,1,30,45,0.178,7.43,146
LA00647,Maharashtra,Nagpur,Industrial,Compensation,160,160,47,0,3,36,30,0.102,22.34,220
LA00648,Uttar Pradesh,Varanasi,Agricultural,Compensation,81,81,57,0,9,71,56,0.372,13.74,285
LA00649,Punjab,Bathinda,Agricultural,Compensation,316,148,30,0,12,71,26,0.384,22.34,224
LA00650,Punjab,Amritsar,Agricultural,Possession,311,133,53,0,9,7,33,0.221,4.2,236
LA00651,Maharashtra,Aurangabad,Commercial,Possession,206,100,46,1,11,5,35,0.394,1.87,213
LA00652,Uttar Pradesh,Varanasi,Commercial,Objection,116,66,13,0,3,23,48,0.1,15.84,109
LA00653,Gujarat,Rajkot,Agricultural,Possession,430,34,52,0,12,11,5,0.352,8.42,174
LA00654,Madhya Pradesh,Indore,Agricultural,Compensation,428,175,42,0,5,5,71,0.141,4.63,239
LA00655,Uttar Pradesh,Varanasi,Agricultural,Compensation,382,72,1,0,1,54,27,0.075,15.53,121
LA00656,Uttar Pradesh,Kanpur,Industrial,Possession,302,80,35,0,6,28,17,0.304,10.06,225
LA00657,Madhya Pradesh,Bhopal,Industrial,Objection,153,29,40,0,5,12,51,0.226,14.0,172
LA00658,Uttar Pradesh,Agra,Agricultural,Compensation,219,53,49,0,7,71,10,0.135,2.66,228
LA00659,Rajasthan,Kota,Residential,Notification,62,62,47,1,8,13,47,0.46,19.64,224
LA00660,Gujarat,Ahmedabad,Agricultural,Objection,147,80,29,0,5,5,4,0.088,7.35,152
LA00661,Gujarat,Surat,Residential,Possession,242,108,18,0,4,3,21,0.157,21.86,139
LA00662,Madhya Pradesh,Jabalpur,Industrial,Objection,235,42,12,0,1,8,58,0.171,19.46,135
LA00663,Rajasthan,Jaipur,Agricultural,Objection,67,19,6,0,3,11,30,0.117,14.68,65
LA00664,Gujarat,Surat,Agricultural,Objection,481,160,39,1,8,4,72,0.535,6.61,216
LA00665,Uttar Pradesh,Lucknow,Residential,Compensation,156,81,58,0,8,113,28,0.358,15.02,290
LA00666,Madhya Pradesh,Gwalior,Agricultural,Possession,269,68,5,0,1,28,55,0.083,22.44,68
LA00667,Uttar Pradesh,Lucknow,Commercial,Possession,249,55,43,1,10,27,2,0.399,13.55,242
LA00668,Punjab,Bathinda,Agricultural,Notification,251,120,36,1,4,9,79,0.331,9.05,196
LA00669,Punjab,Ludhiana,Industrial,Compensation,428,104,11,1,6,29,49,0.234,15.06,171
LA00670,Rajasthan,Udaipur,Agricultural,Compensation,381,73,13,1,3,51,57,0.251,4.37,227
LA00671,Punjab,Bathinda,Agricultural,Compensation,438,168,18,0,6,110,26,0.12,33.58,213
LA00672,Uttar Pradesh,Varanasi,Agricultural,Objection,208,163,42,1,9,25,23,0.362,1.37,247
LA00673,Uttar Pradesh,Varanasi,Agricultural,Objection,154,39,18,1,7,5,35,0.217,7.65,159
LA00674,Rajasthan,Jaipur,Agricultural,Compensation,231,118,50,0,7,5,20,0.117,4.92,232
LA00675,Uttar Pradesh,Varanasi,Residential,Compensation,294,175,23,0,7,86,1,0.266,3.89,246
LA00676,Madhya Pradesh,Gwalior,Agricultural,Compensation,188,90,7,0,6,66,54,0.071,10.03,132
LA00677,Uttar Pradesh,Varanasi,Agricultural,Compensation,246,10,6,0,2,5,58,0.116,2.4,109
LA00678,Rajasthan,Udaipur,Agricultural,Possession,101,28,25,0,2,20,54,0.111,63.56,119
LA00679,Uttar Pradesh,Kanpur,Agricultural,Compensation,304,122,25,0,3,26,44,0.115,1.91,161
LA00680,Punjab,Amritsar,Industrial,Objection,366,163,45,0,5,0,42,0.164,2.85,220
LA00681,Madhya Pradesh,Bhopal,Industrial,Possession,278,27,29,0,2,10,79,0.261,2.6,118
LA00682,Rajasthan,Jaipur,Agricultural,Possession,441,101,10,0,1,25,42,0.212,9.01,141
LA00683,Punjab,Amritsar,Commercial,Notification,498,92,13,1,5,26,57,0.238,20.38,156
LA00684,Punjab,Bathinda,Residential,Compensation,456,55,34,0,8,72,33,0.172,12.5,196
LA00685,Gujarat,Vadodara,Industrial,Objection,73,73,21,0,5,22,2,0.028,32.21,129
LA00686,Madhya Pradesh,Indore,Agricultural,Compensation,444,159,41,0,5,0,28,0.297,3.23,220
LA00687,Maharashtra,Pune,Agricultural,Objection,187,47,56,1,6,26,58,0.334,14.28,257
LA00688,Uttar Pradesh,Kanpur,Agricultural,Compensation,242,14,22,1,8,92,51,0.184,5.45,175
LA00689,Maharashtra,Nagpur,Industrial,Objection,224,68,34,0,6,21,56,0.213,9.28,176
LA00690,Madhya Pradesh,Jabalpur,Residential,Compensation,163,60,50,0,5,58,60,0.238,22.39,232
LA00691,Punjab,Patiala,Agricultural,Possession,443,132,13,0,3,5,17,0.02,1.36,99
LA00692,Madhya Pradesh,Gwalior,Agricultural,Objection,330,99,31,0,4,16,65,0.086,54.11,173
LA00693,Punjab,Bathinda,Residential,Possession,485,8,19,0,2,16,57,0.177,6.39,101
LA00694,Punjab,Amritsar,Industrial,Possession,479,64,38,0,7,17,24,0.175,1.48,148
LA00695,Rajasthan,Udaipur,Agricultural,Possession,227,134,45,0,8,25,40,0.294,3.7,230
LA00696,Gujarat,Surat,Residential,Notification,372,88,9,0,1,23,69,0.125,8.19,142
LA00697,Madhya Pradesh,Bhopal,Agricultural,Possession,266,104,12,0,1,9,13,0.208,3.69,115
LA00698,Uttar Pradesh,Agra,Agricultural,Notification,263,51,2,0,2,14,24,0.024,0.95,61
LA00699,Rajasthan,Jaipur,Agricultural,Objection,378,61,1,0,2,2,15,0.106,8.14,76
LA00700,Rajasthan,Jaipur,Commercial,Possession,354,27,4,0,3,24,24,0.151,3.59,83
LA00701,Uttar Pradesh,Varanasi,Industrial,Compensation,459,19,43,0,6,112,16,0.192,14.17,237
LA00702,Uttar Pradesh,Varanasi,Agricultural,Compensation,393,11,55,0,8,4,65,0.379,2.54,223
LA00703,Gujarat,Ahmedabad,Agricultural,Objection,323,114,25,1,6,16,80,0.146,70.92,157
LA00704,Gujarat,Rajkot,Agricultural,Possession,462,32,53,0,10,28,78,0.219,12.35,234
LA00705,Rajasthan,Jaipur,Agricultural,Compensation,78,78,44,0,6,84,29,0.11,9.0,237
LA00706,Uttar Pradesh,Agra,Agricultural,Compensation,389,172,49,0,9,34,75,0.211,13.78,283
LA00707,Rajasthan,Kota,Agricultural,Possession,214,127,45,0,4,5,6,0.233,1.2,138
LA00708,Uttar Pradesh,Agra,Agricultural,Objection,234,106,12,1,6,25,8,0.301,4.5,160
LA00709,Maharashtra,Nagpur,Agricultural,Notification,398,25,32,0,8,20,26,0.196,43.95,154
LA00710,Maharashtra,Aurangabad,Agricultural,Compensation,158,91,32,0,8,59,23,0.16,5.36,207
LA00711,Madhya Pradesh,Bhopal,Commercial,Possession,446,161,39,0,7,28,74,0.107,6.94,230
LA00712,Uttar Pradesh,Lucknow,Agricultural,Objection,265,72,48,0,7,3,61,0.165,4.63,213
LA00713,Madhya Pradesh,Jabalpur,Residential,Objection,194,150,7,0,1,19,61,0.131,31.96,147
LA00714,Madhya Pradesh,Gwalior,Industrial,Notification,184,129,41,0,4,11,65,0.302,5.79,224
LA00715,Punjab,Patiala,Residential,Possession,228,51,50,0,7,7,58,0.235,2.11,201
LA00716,Madhya Pradesh,Indore,Agricultural,Objection,474,29,7,0,2,28,40,0.205,97.4,104
LA00717,Uttar Pradesh,Agra,Agricultural,Compensation,78,7,25,0,2,48,4,0.096,1.87,146
LA00718,Maharashtra,Nagpur,Residential,Possession,269,53,54,0,10,25,1,0.258,6.7,197
LA00719,Gujarat,Vadodara,Agricultural,Notification,423,63,2,0,1,4,79,0.065,3.18,61
LA00720,Uttar Pradesh,Lucknow,Agricultural,Compensation,252,120,10,0,4,56,40,0.245,3.66,171
LA00721,Rajasthan,Kota,Agricultural,Compensation,296,105,49,1,10,66,77,0.382,2.56,303
LA00722,Punjab,Patiala,Agricultural,Possession,194,89,11,1,5,11,2,0.085,4.31,141
LA00723,Punjab,Ludhiana,Agricultural,Objection,94,94,43,0,7,6,51,0.321,19.77,221
LA00724,Rajasthan,Jodhpur,Residential,Objection,331,140,55,0,7,18,22,0.434,1.1,248
LA00725,Madhya Pradesh,Jabalpur,Agricultural,Notification,463,130,30,0,7,26,29,0.179,26.07,167
LA00726,Rajasthan,Kota,Agricultural,Compensation,274,162,30,1,12,119,53,0.237,21.94,274
LA00727,Madhya Pradesh,Bhopal,Commercial,Compensation,233,68,26,0,8,60,40,0.256,12.29,208
LA00728,Rajasthan,Jaipur,Agricultural,Notification,90,90,23,0,1,20,10,0.32,8.38,100
LA00729,Maharashtra,Nagpur,Residential,Objection,474,79,23,0,5,19,80,0.238,9.74,171
LA00730,Uttar Pradesh,Agra,Agricultural,Possession,439,37,34,1,5,8,57,0.179,30.67,221
LA00731,Madhya Pradesh,Jabalpur,Agricultural,Notification,454,30,54,0,6,0,29,0.341,1.29,150
LA00732,Maharashtra,Nagpur,Industrial,Objection,199,21,59,0,6,25,50,0.331,15.29,222
LA00733,Punjab,Bathinda,Agricultural,Compensation,324,173,52,1,12,76,12,0.31,3.5,312
LA00734,Madhya Pradesh,Bhopal,Agricultural,Objection,233,34,8,0,1,21,34,0.213,16.87,108
LA00735,Gujarat,Surat,Industrial,Objection,140,140,19,0,1,16,34,0.184,4.0,141
LA00736,Madhya Pradesh,Bhopal,Residential,Compensation,126,126,46,0,6,119,30,0.358,14.98,283
LA00737,Madhya Pradesh,Gwalior,Residential,Notification,210,82,33,0,3,7,39,0.117,1.57,136
LA00738,Maharashtra,Pune,Agricultural,Compensation,290,165,21,0,4,86,74,0.193,1.36,198
LA00739,Madhya Pradesh,Indore,Agricultural,Compensation,87,87,19,0,4,90,0,0.083,6.6,182
LA00740,Punjab,Amritsar,Residential,Compensation,360,167,8,0,4,87,44,0.136,31.05,206
LA00741,Madhya Pradesh,Bhopal,Agricultural,Notification,245,92,20,0,6,0,76,0.28,12.63,130
LA00742,Madhya Pradesh,Bhopal,Agricultural,Possession,445,57,26,0,3,4,72,0.063,12.54,125
LA00743,Uttar Pradesh,Kanpur,Commercial,Notification,161,12,25,0,2,17,72,0.062,17.46,109
LA00744,Gujarat,Rajkot,Agricultural,Compensation,54,54,33,0,6,33,33,0.284,4.97,157
LA00745,Madhya Pradesh,Bhopal,Agricultural,Objection,176,158,17,0,3,25,45,0.144,13.61,177
LA00746,Maharashtra,Nashik,Agricultural,Compensation,488,99,13,0,6,70,48,0.231,4.14,194
LA00747,Uttar Pradesh,Lucknow,Agricultural,Objection,181,17,54,0,9,15,67,0.222,5.4,198
LA00748,Gujarat,Rajkot,Residential,Notification,361,149,25,1,5,7,77,0.282,6.11,199
LA00749,Gujarat,Surat,Industrial,Compensation,427,57,16,1,6,82,20,0.303,4.28,198
LA00750,Rajasthan,Udaipur,Agricultural,Notification,163,101,39,0,5,21,10,0.243,6.92,172
LA00751,Punjab,Ludhiana,Agricultural,Objection,332,121,33,1,8,24,21,0.168,5.73,179
LA00752,Rajasthan,Jaipur,Agricultural,Compensation,126,30,35,1,9,120,21,0.546,3.64,260
LA00753,Rajasthan,Kota,Agricultural,Possession,200,16,14,0,5,15,24,0.156,6.42,78
LA00754,Punjab,Patiala,Agricultural,Notification,169,18,44,0,5,14,74,0.137,8.63,169
LA00755,Uttar Pradesh,Varanasi,Industrial,Possession,346,173,12,0,4,10,17,0.155,2.46,132
LA00756,Maharashtra,Aurangabad,Agricultural,Compensation,442,173,51,0,11,51,34,0.315,11.22,258
LA00757,Madhya Pradesh,Jabalpur,Agricultural,Possession,148,80,26,0,5,22,28,0.261,4.51,153
LA00758,Maharashtra,Nagpur,Industrial,Compensation,167,79,25,0,5,104,22,0.252,9.01,204
LA00759,Rajasthan,Jodhpur,Agricultural,Compensation,416,76,24,0,5,34,15,0.157,3.8,164
LA00760,Madhya Pradesh,Indore,Industrial,Compensation,247,66,26,0,3,101,80,0.039,21.13,184
LA00761,Gujarat,Ahmedabad,Agricultural,Compensation,271,100,40,1,5,77,50,0.367,19.22,260
LA00762,Uttar Pradesh,Agra,Agricultural,Possession,362,67,30,0,4,14,8,0.062,2.59,137
LA00763,Punjab,Amritsar,Industrial,Notification,94,94,8,0,1,9,53,0.207,12.49,133
LA00764,Punjab,Ludhiana,Agricultural,Objection,440,71,34,0,6,28,49,0.152,31.38,177
LA00765,Maharashtra,Pune,Agricultural,Notification,202,115,17,0,4,15,29,0.198,2.86,120
LA00766,Madhya Pradesh,Gwalior,Agricultural,Possession,340,171,7,0,4,6,63,0.06,3.1,116
LA00767,Uttar Pradesh,Agra,Residential,Objection,233,41,51,0,7,18,64,0.233,15.41,180
LA00768,Maharashtra,Aurangabad,Residential,Compensation,384,16,19,0,8,43,63,0.098,2.0,164
LA00769,Rajasthan,Jodhpur,Agricultural,Possession,318,97,36,0,4,3,51,0.271,3.4,190
LA00770,Maharashtra,Aurangabad,Residential,Possession,111,25,11,0,3,29,35,0.075,2.68,84
LA00771,Uttar Pradesh,Kanpur,Residential,Notification,118,45,21,0,1,29,16,0.217,15.6,118
LA00772,Punjab,Ludhiana,Agricultural,Compensation,443,143,24,0,7,16,3,0.13,3.7,176
LA00773,Rajasthan,Jaipur,Agricultural,Possession,274,78,9,0,2,9,74,0.097,5.56,126
LA00774,Madhya Pradesh,Gwalior,Agricultural,Notification,159,101,59,0,10,25,68,0.309,3.5,254
LA00775,Punjab,Patiala,Agricultural,Compensation,97,97,19,0,2,75,16,0.163,23.3,127
LA00776,Punjab,Amritsar,Agricultural,Objection,90,27,35,0,7,27,65,0.143,3.13,185
LA00777,Maharashtra,Nagpur,Agricultural,Compensation,463,89,34,0,10,116,3,0.275,1.81,234
LA00778,Rajasthan,Udaipur,Agricultural,Compensation,489,11,26,0,4,54,19,0.157,1.74,139
LA00779,Gujarat,Surat,Agricultural,Objection,215,92,36,0,10,9,12,0.27,14.79,175
LA00780,Punjab,Ludhiana,Residential,Notification,124,44,34,0,3,21,27,0.204,15.89,142
LA00781,Punjab,Amritsar,Agricultural,Notification,227,165,5,0,4,7,25,0.152,25.75,111
LA00782,Uttar Pradesh,Varanasi,Industrial,Notification,94,50,41,0,8,24,41,0.207,2.09,159
LA00783,Rajasthan,Udaipur,Industrial,Compensation,288,40,7,0,1,12,37,0.043,5.86,95
LA00784,Rajasthan,Udaipur,Residential,Objection,324,7,27,0,6,7,9,0.221,83.71,111
LA00785,Maharashtra,Aurangabad,Industrial,Objection,494,28,22,0,3,24,12,0.124,5.46,146
LA00786,Uttar Pradesh,Lucknow,Industrial,Compensation,180,43,27,0,5,18,66,0.301,4.21,183
LA00787,Rajasthan,Jodhpur,Agricultural,Compensation,123,45,5,0,2,0,44,0.107,7.24,144
LA00788,Madhya Pradesh,Bhopal,Residential,Compensation,92,92,43,0,2,62,74,0.125,12.55,231
LA00789,Uttar Pradesh,Lucknow,Agricultural,Possession,207,161,26,0,6,0,10,0.136,12.34,174
LA00790,Rajasthan,Udaipur,Residential,Objection,313,155,4,0,1,22,24,0.02,4.0,104
LA00791,Rajasthan,Udaipur,Agricultural,Possession,61,61,1,0,1,4,12,0.171,4.12,71
LA00792,Maharashtra,Pune,Agricultural,Notification,387,163,33,0,2,21,74,0.261,5.49,192
LA00793,Madhya Pradesh,Gwalior,Agricultural,Compensation,246,85,40,0,8,98,12,0.231,3.56,216
LA00794,Madhya Pradesh,Gwalior,Industrial,Possession,403,73,33,0,1,27,64,0.221,2.15,162
LA00795,Maharashtra,Pune,Agricultural,Possession,248,119,44,0,6,30,15,0.239,45.06,208
LA00796,Gujarat,Rajkot,Agricultural,Compensation,103,61,46,0,10,73,58,0.33,4.92,255
LA00797,Punjab,Bathinda,Agricultural,Compensation,40,40,53,0,8,47,36,0.323,5.21,207
LA00798,Maharashtra,Nagpur,Agricultural,Objection,292,180,59,0,7,19,78,0.356,5.37,283
LA00799,Gujarat,Vadodara,Commercial,Compensation,284,39,54,0,6,17,5,0.266,6.82,224
LA00800,Maharashtra,Nashik,Commercial,Compensation,413,140,48,0,8,118,26,0.213,11.41,271
LA00801,Rajasthan,Udaipur,Agricultural,Possession,443,169,26,0,5,30,58,0.234,4.64,182
LA00802,Gujarat,Surat,Agricultural,Compensation,105,99,31,0,6,108,74,0.325,23.09,248
LA00803,Uttar Pradesh,Varanasi,Agricultural,Notification,178,67,37,0,5,15,43,0.308,13.43,118
LA00804,Punjab,Ludhiana,Agricultural,Compensation,127,49,11,0,6,35,7,0.257,6.1,136
LA00805,Madhya Pradesh,Bhopal,Commercial,Notification,80,34,41,0,10,5,50,0.256,3.8,207
LA00806,Madhya Pradesh,Jabalpur,Residential,Objection,31,31,36,1,7,23,38,0.242,21.87,143
LA00807,Uttar Pradesh,Agra,Agricultural,Objection,68,68,32,0,8,15,62,0.138,6.28,187
LA00808,Rajasthan,Jodhpur,Residential,Compensation,277,95,51,0,12,7,44,0.393,2.13,264
LA00809,Maharashtra,Aurangabad,Agricultural,Notification,101,43,42,0,4,9,72,0.086,20.51,128
LA00810,Punjab,Ludhiana,Residential,Notification,121,100,56,0,6,2,9,0.408,3.57,218
LA00811,Rajasthan,Kota,Agricultural,Notification,85,85,59,0,7,24,50,0.237,17.61,234
LA00812,Punjab,Amritsar,Residential,Possession,371,7,50,0,4,1,59,0.417,0.6,164
LA00813,Madhya Pradesh,Bhopal,Agricultural,Compensation,329,8,18,0,3,10,32,0.143,5.11,105
LA00814,Gujarat,Rajkot,Industrial,Notification,483,173,12,0,3,25,38,0.186,23.57,153
LA00815,Madhya Pradesh,Bhopal,Agricultural,Notification,82,82,18,1,8,1,56,0.45,7.43,186
LA00816,Punjab,Ludhiana,Agricultural,Compensation,128,106,43,0,9,111,36,0.222,13.44,245
LA00817,Rajasthan,Kota,Agricultural,Objection,244,164,52,0,10,23,31,0.254,3.0,247
LA00818,Rajasthan,Udaipur,Agricultural,Compensation,335,108,53,0,5,27,47,0.22,10.46,225
LA00819,Uttar Pradesh,Lucknow,Agricultural,Objection,91,91,42,0,8,2,65,0.163,7.42,197
LA00820,Punjab,Patiala,Residential,Possession,129,42,41,1,6,8,10,0.309,9.42,204
LA00821,Rajasthan,Kota,Residential,Objection,228,147,58,1,8,18,70,0.355,56.79,290
LA00822,Uttar Pradesh,Varanasi,Agricultural,Compensation,38,38,42,1,11,101,16,0.249,27.24,238
LA00823,Rajasthan,Jaipur,Residential,Notification,216,57,9,0,1,16,7,0.097,16.31,80
LA00824,Uttar Pradesh,Varanasi,Residential,Possession,387,134,31,0,6,8,14,0.236,16.52,164
LA00825,Uttar Pradesh,Kanpur,Agricultural,Possession,278,132,22,0,5,16,6,0.095,2.98,127
LA00826,Rajasthan,Udaipur,Agricultural,Compensation,234,21,39,0,5,105,77,0.214,4.61,239
LA00827,Madhya Pradesh,Indore,Agricultural,Compensation,259,33,39,1,6,31,23,0.441,1.6,244
LA00828,Punjab,Bathinda,Agricultural,Objection,475,109,18,0,6,16,62,0.041,2.08,118
LA00829,Punjab,Patiala,Commercial,Possession,275,114,18,0,3,11,14,0.304,3.04,161
LA00830,Rajasthan,Jaipur,Industrial,Compensation,281,120,6,0,4,117,42,0.055,7.18,195
LA00831,Gujarat,Rajkot,Residential,Objection,468,70,18,0,1,11,34,0.161,2.17,105
LA00832,Gujarat,Rajkot,Agricultural,Compensation,104,104,50,0,3,89,53,0.363,7.11,249
LA00833,Maharashtra,Nashik,Residential,Compensation,75,75,40,0,10,63,80,0.367,6.33,241
LA00834,Rajasthan,Kota,Residential,Possession,241,41,57,0,10,18,52,0.337,2.38,258
LA00835,Punjab,Amritsar,Agricultural,Compensation,180,25,56,1,15,53,56,0.35,33.97,306
LA00836,Madhya Pradesh,Gwalior,Commercial,Compensation,125,125,52,0,6,27,21,0.211,1.96,228
LA00837,Madhya Pradesh,Jabalpur,Agricultural,Compensation,86,86,11,0,2,81,9,0.077,22.59,118
LA00838,Gujarat,Rajkot,Agricultural,Objection,443,86,21,0,4,17,7,0.313,0.78,158
LA00839,Rajasthan,Jaipur,Agricultural,Objection,319,41,4,0,0,27,24,0.063,6.41,90
LA00840,Punjab,Bathinda,Agricultural,Notification,355,21,6,1,3,20,44,0.233,2.23,124
LA00841,Gujarat,Surat,Industrial,Compensation,85,31,14,0,5,81,4,0.055,3.84,123
LA00842,Uttar Pradesh,Kanpur,Agricultural,Objection,190,23,17,0,4,2,21,0.055,45.16,111
LA00843,Punjab,Bathinda,Agricultural,Objection,322,98,1,0,2,15,51,0.09,5.22,92
LA00844,Rajasthan,Jodhpur,Agricultural,Objection,278,39,51,0,6,10,70,0.245,2.45,210
LA00845,Rajasthan,Jodhpur,Agricultural,Objection,357,27,32,0,8,0,80,0.188,12.03,161
LA00846,Rajasthan,Jodhpur,Agricultural,Compensation,345,54,40,0,6,60,19,0.114,5.18,227
LA00847,Rajasthan,Udaipur,Agricultural,Objection,224,128,40,1,10,5,8,0.334,8.59,232
LA00848,Rajasthan,Jodhpur,Residential,Notification,398,92,59,0,15,0,46,0.44,2.96,241
LA00849,Madhya Pradesh,Indore,Agricultural,Compensation,152,32,9,0,2,74,75,0.047,3.11,139
LA00850,Uttar Pradesh,Agra,Commercial,Objection,67,67,21,0,3,1,34,0.231,3.36,141
LA00851,Punjab,Ludhiana,Agricultural,Objection,460,91,19,0,6,25,73,0.02,16.42,130
LA00852,Madhya Pradesh,Indore,Residential,Objection,40,37,34,0,6,18,60,0.147,5.89,201
LA00853,Punjab,Ludhiana,Commercial,Possession,163,126,32,0,5,29,72,0.049,2.59,221
LA00854,Gujarat,Ahmedabad,Agricultural,Objection,83,83,48,0,6,2,77,0.359,8.69,213
LA00855,Gujarat,Vadodara,Agricultural,Compensation,139,100,34,0,7,114,8,0.283,8.0,240
LA00856,Punjab,Ludhiana,Industrial,Possession,216,33,15,0,1,26,33,0.052,13.11,141
LA00857,Gujarat,Vadodara,Agricultural,Compensation,91,59,34,0,9,24,4,0.24,4.56,205
LA00858,Rajasthan,Udaipur,Residential,Objection,249,110,58,0,6,23,3,0.391,6.84,230
LA00859,Madhya Pradesh,Gwalior,Agricultural,Compensation,466,180,35,0,6,56,38,0.323,11.26,245
LA00860,Madhya Pradesh,Indore,Agricultural,Compensation,94,94,36,0,6,94,53,0.186,2.69,196
LA00861,Punjab,Ludhiana,Agricultural,Objection,466,169,11,0,5,15,71,0.02,17.93,172
LA00862,Punjab,Bathinda,Industrial,Compensation,223,151,1,0,1,109,10,0.02,7.51,182
LA00863,Rajasthan,Udaipur,Agricultural,Objection,309,106,13,0,3,3,2,0.193,2.46,143
LA00864,Madhya Pradesh,Gwalior,Commercial,Notification,238,119,2,0,0,0,8,0.255,2.44,110
LA00865,Punjab,Ludhiana,Residential,Objection,179,134,28,0,8,6,75,0.19,6.69,204
LA00866,Madhya Pradesh,Bhopal,Agricultural,Notification,81,81,53,0,8,3,53,0.233,4.26,181
LA00867,Madhya Pradesh,Indore,Agricultural,Objection,309,117,27,0,2,30,38,0.37,15.71,185
LA00868,Punjab,Ludhiana,Agricultural,Compensation,461,28,39,1,12,100,8,0.373,5.55,231
LA00869,Maharashtra,Aurangabad,Agricultural,Possession,275,159,52,0,7,0,30,0.178,10.0,230
LA00870,Rajasthan,Jaipur,Residential,Notification,312,6,46,1,10,14,10,0.351,3.16,173
LA00871,Maharashtra,Nashik,Agricultural,Compensation,333,79,40,0,8,31,2,0.316,7.22,214
LA00872,Gujarat,Rajkot,Agricultural,Compensation,213,81,48,1,18,77,35,0.378,27.54,317
LA00873,Rajasthan,Udaipur,Residential,Notification,86,86,17,0,3,20,40,0.209,6.37,136
LA00874,Rajasthan,Jaipur,Residential,Objection,268,20,26,0,6,26,36,0.055,4.25,141
LA00875,Madhya Pradesh,Indore,Agricultural,Notification,439,88,24,0,5,18,70,0.059,3.11,157
LA00876,Uttar Pradesh,Kanpur,Residential,Objection,177,67,48,0,5,28,74,0.199,7.25,242
LA00877,Uttar Pradesh,Kanpur,Agricultural,Objection,440,22,25,0,6,19,9,0.157,30.24,124
LA00878,Madhya Pradesh,Jabalpur,Residential,Objection,432,44,57,1,14,16,22,0.434,1.89,264
LA00879,Uttar Pradesh,Varanasi,Agricultural,Compensation,145,79,12,0,2,21,40,0.177,7.03,165
LA00880,Uttar Pradesh,Varanasi,Agricultural,Notification,300,166,11,0,1,21,32,0.318,1.33,153
LA00881,Rajasthan,Jaipur,Agricultural,Notification,382,73,43,0,5,23,35,0.181,4.9,133
LA00882,Punjab,Ludhiana,Residential,Notification,263,159,46,0,7,24,57,0.23,9.61,212
LA00883,Maharashtra,Nagpur,Residential,Compensation,359,134,41,0,7,103,14,0.181,1.52,262
LA00884,Rajasthan,Jaipur,Agricultural,Objection,459,149,19,0,5,22,66,0.243,4.74,173
LA00885,Madhya Pradesh,Indore,Industrial,Compensation,325,155,1,0,1,75,21,0.176,9.88,189
LA00886,Madhya Pradesh,Bhopal,Commercial,Objection,424,130,20,0,0,15,28,0.114,8.42,184
LA00887,Rajasthan,Udaipur,Agricultural,Notification,407,134,28,0,5,17,17,0.353,10.37,156
LA00888,Gujarat,Ahmedabad,Residential,Possession,412,32,25,0,3,25,51,0.117,2.79,115
LA00889,Rajasthan,Jaipur,Agricultural,Notification,431,131,56,0,7,4,56,0.372,9.88,223
LA00890,Gujarat,Ahmedabad,Industrial,Notification,136,13,52,1,10,16,50,0.498,4.06,217
LA00891,Rajasthan,Jaipur,Agricultural,Notification,38,38,47,0,5,23,39,0.146,15.09,190
LA00892,Madhya Pradesh,Gwalior,Agricultural,Possession,102,102,2,0,4,8,24,0.141,0.73,83
LA00893,Uttar Pradesh,Agra,Agricultural,Compensation,147,138,8,0,2,119,55,0.02,5.53,194
LA00894,Punjab,Bathinda,Agricultural,Compensation,355,118,27,1,6,29,9,0.352,8.16,237
LA00895,Madhya Pradesh,Indore,Residential,Possession,270,69,38,0,4,9,25,0.133,28.49,175
LA00896,Uttar Pradesh,Kanpur,Agricultural,Notification,250,70,41,1,6,11,55,0.381,8.06,207
LA00897,Uttar Pradesh,Kanpur,Agricultural,Possession,34,34,18,0,9,29,56,0.221,8.92,138
LA00898,Rajasthan,Kota,Agricultural,Objection,352,88,7,0,3,2,21,0.2,10.76,142
LA00899,Rajasthan,Udaipur,Industrial,Compensation,201,64,20,0,1,25,27,0.223,25.87,148
LA00900,Uttar Pradesh,Lucknow,Commercial,Objection,388,91,48,1,7,1,25,0.366,5.04,251
LA00901,Rajasthan,Kota,Agricultural,Objection,83,83,60,0,13,24,71,0.286,1.82,253
LA00902,Rajasthan,Udaipur,Agricultural,Possession,169,47,57,0,7,14,46,0.288,1.5,174
LA00903,Gujarat,Rajkot,Agricultural,Notification,55,55,36,0,7,13,9,0.131,14.36,136
LA00904,Punjab,Patiala,Industrial,Possession,164,60,6,0,3,29,13,0.09,9.24,97
LA00905,Maharashtra,Nagpur,Residential,Objection,464,52,59,0,14,23,5,0.291,5.72,228
LA00906,Madhya Pradesh,Jabalpur,Residential,Compensation,261,78,10,0,2,73,19,0.056,4.11,131
LA00907,Maharashtra,Nagpur,Industrial,Possession,237,23,17,0,4,8,18,0.02,8.85,110
LA00908,Gujarat,Rajkot,Agricultural,Notification,158,111,59,1,7,8,36,0.298,9.11,250
LA00909,Maharashtra,Pune,Residential,Possession,154,134,31,0,4,18,60,0.02,11.94,171
LA00910,Rajasthan,Jodhpur,Agricultural,Compensation,344,173,12,1,7,14,71,0.211,2.44,205
LA00911,Madhya Pradesh,Bhopal,Agricultural,Compensation,494,54,31,0,4,58,45,0.225,1.27,167
LA00912,Gujarat,Ahmedabad,Agricultural,Notification,381,99,5,0,2,12,62,0.02,2.96,100
LA00913,Maharashtra,Nashik,Agricultural,Compensation,377,93,19,1,6,21,53,0.277,1.91,219
LA00914,Punjab,Ludhiana,Industrial,Compensation,252,133,58,0,15,116,25,0.303,1.82,341
LA00915,Uttar Pradesh,Agra,Agricultural,Compensation,76,76,18,0,3,92,49,0.055,35.51,160
LA00916,Maharashtra,Nashik,Commercial,Notification,370,147,54,0,9,16,24,0.253,0.77,269
LA00917,Uttar Pradesh,Kanpur,Residential,Objection,410,154,33,0,7,22,25,0.294,11.82,202
LA00918,Madhya Pradesh,Jabalpur,Residential,Possession,270,24,40,0,9,18,79,0.16,18.3,163
LA00919,Gujarat,Rajkot,Industrial,Notification,73,67,43,0,8,7,73,0.253,19.84,167
LA00920,Uttar Pradesh,Agra,Agricultural,Compensation,365,119,34,1,6,49,52,0.339,9.75,224
LA00921,Punjab,Amritsar,Agricultural,Possession,463,100,3,0,2,9,48,0.029,27.66,104
LA00922,Uttar Pradesh,Varanasi,Agricultural,Notification,135,89,56,0,11,10,55,0.379,43.97,223
LA00923,Maharashtra,Pune,Agricultural,Notification,105,35,29,0,4,28,60,0.222,5.46,128
LA00924,Rajasthan,Kota,Industrial,Compensation,377,105,40,0,14,74,4,0.228,11.56,231
LA00925,Gujarat,Surat,Agricultural,Notification,186,135,34,0,4,25,29,0.396,26.46,165
LA00926,Punjab,Ludhiana,Agricultural,Compensation,366,11,40,1,11,32,8,0.423,3.12,199
LA00927,Uttar Pradesh,Kanpur,Agricultural,Compensation,361,109,22,0,4,85,42,0.03,5.78,203
LA00928,Gujarat,Surat,Agricultural,Compensation,155,155,51,0,5,23,23,0.237,3.95,274
LA00929,Maharashtra,Pune,Residential,Objection,49,49,14,0,4,17,26,0.334,11.72,165
LA00930,Uttar Pradesh,Kanpur,Agricultural,Compensation,291,172,40,0,4,59,68,0.149,1.11,258
LA00931,Uttar Pradesh,Lucknow,Commercial,Compensation,222,67,35,0,5,63,16,0.218,31.08,195
LA00932,Madhya Pradesh,Gwalior,Residential,Objection,432,5,31,0,7,20,73,0.301,12.6,155
LA00933,Gujarat,Ahmedabad,Commercial,Compensation,198,125,2,0,0,16,34,0.139,13.33,149
LA00934,Uttar Pradesh,Agra,Agricultural,Possession,147,42,24,0,3,15,15,0.234,0.7,119
LA00935,Maharashtra,Aurangabad,Residential,Compensation,435,6,3,1,6,67,11,0.262,2.61,150
LA00936,Punjab,Ludhiana,Agricultural,Compensation,376,36,31,0,4,71,57,0.199,32.8,221
LA00937,Rajasthan,Udaipur,Agricultural,Objection,321,169,42,0,7,17,73,0.178,6.19,234
LA00938,Rajasthan,Kota,Residential,Notification,479,142,32,0,6,22,70,0.239,1.32,236
LA00939,Maharashtra,Aurangabad,Residential,Objection,398,53,46,0,8,24,13,0.225,9.22,171
LA00940,Uttar Pradesh,Lucknow,Agricultural,Notification,437,110,22,0,0,0,71,0.118,14.57,138
LA00941,Madhya Pradesh,Gwalior,Industrial,Possession,406,64,19,1,8,11,18,0.381,12.57,174
LA00942,Maharashtra,Aurangabad,Agricultural,Objection,219,36,27,0,3,27,37,0.15,6.36,119
LA00943,Punjab,Bathinda,Residential,Possession,59,59,14,0,5,9,0,0.275,23.0,132
LA00944,Maharashtra,Pune,Industrial,Notification,315,148,49,0,10,25,20,0.292,3.66,256
LA00945,Rajasthan,Udaipur,Agricultural,Objection,390,68,49,0,9,17,25,0.257,12.68,242
LA00946,Rajasthan,Jaipur,Commercial,Objection,497,67,25,0,7,8,77,0.036,8.46,170
LA00947,Punjab,Patiala,Residential,Objection,351,148,48,1,8,10,22,0.534,6.47,230
LA00948,Rajasthan,Jodhpur,Commercial,Compensation,297,86,2,0,0,113,22,0.087,5.06,157
LA00949,Punjab,Patiala,Residential,Possession,301,71,10,0,5,3,22,0.02,5.24,116
LA00950,Gujarat,Vadodara,Residential,Possession,84,73,17,0,2,9,20,0.223,7.63,119
LA00951,Rajasthan,Jaipur,Agricultural,Notification,33,33,24,0,4,21,43,0.168,5.51,123
LA00952,Gujarat,Vadodara,Residential,Compensation,51,51,14,1,4,73,16,0.162,15.38,161
LA00953,Uttar Pradesh,Varanasi,Agricultural,Notification,456,12,31,0,6,29,23,0.275,4.32,131
LA00954,Maharashtra,Nashik,Industrial,Possession,402,89,48,0,7,11,43,0.058,35.46,214
LA00955,Madhya Pradesh,Indore,Agricultural,Compensation,152,82,28,0,4,4,61,0.129,4.13,195
LA00956,Uttar Pradesh,Varanasi,Agricultural,Objection,229,53,27,0,5,12,8,0.161,18.54,112
LA00957,Maharashtra,Pune,Industrial,Notification,257,67,4,0,0,25,28,0.162,19.36,79
LA00958,Uttar Pradesh,Agra,Agricultural,Notification,146,79,17,0,2,28,46,0.323,8.72,102
LA00959,Punjab,Patiala,Agricultural,Objection,229,69,49,0,8,13,74,0.248,7.98,246
LA00960,Maharashtra,Nashik,Residential,Possession,193,164,49,0,7,18,76,0.302,3.56,266
LA00961,Rajasthan,Udaipur,Agricultural,Compensation,357,98,7,0,0,116,70,0.324,4.41,147
LA00962,Maharashtra,Nashik,Agricultural,Possession,386,93,2,0,2,4,40,0.091,9.21,92
LA00963,Punjab,Bathinda,Agricultural,Notification,76,51,50,0,5,7,7,0.302,7.06,163
LA00964,Gujarat,Ahmedabad,Agricultural,Compensation,249,166,11,1,6,17,78,0.132,24.12,189
LA00965,Punjab,Patiala,Agricultural,Objection,496,9,35,0,7,5,50,0.373,4.69,181
LA00966,Uttar Pradesh,Kanpur,Agricultural,Compensation,439,101,50,0,4,104,73,0.206,4.98,278
LA00967,Uttar Pradesh,Lucknow,Agricultural,Objection,403,34,48,0,6,8,74,0.281,1.4,199
LA00968,Gujarat,Ahmedabad,Agricultural,Objection,376,140,34,0,8,10,64,0.234,14.06,195
LA00969,Punjab,Patiala,Agricultural,Compensation,32,32,23,0,4,39,34,0.175,12.85,140
LA00970,Rajasthan,Kota,Residential,Notification,488,56,47,0,11,16,49,0.232,19.63,196
LA00971,Gujarat,Vadodara,Residential,Compensation,376,15,42,0,2,72,55,0.25,20.77,194
LA00972,Maharashtra,Pune,Agricultural,Compensation,448,144,51,0,8,56,71,0.415,16.26,283
LA00973,Maharashtra,Nagpur,Agricultural,Notification,458,74,31,1,11,15,18,0.493,16.96,203
LA00974,Maharashtra,Aurangabad,Industrial,Possession,149,51,57,0,9,15,44,0.283,13.6,192
LA00975,Rajasthan,Jaipur,Residential,Compensation,36,36,47,0,6,60,48,0.221,15.86,207
LA00976,Gujarat,Surat,Agricultural,Possession,340,8,4,0,1,30,16,0.031,1.17,62
LA00977,Rajasthan,Jodhpur,Agricultural,Compensation,246,87,18,0,2,116,32,0.362,2.46,223
LA00978,Uttar Pradesh,Varanasi,Agricultural,Compensation,39,33,48,1,14,40,74,0.386,2.09,281
LA00979,Maharashtra,Nashik,Commercial,Compensation,157,27,7,0,2,94,1,0.198,26.32,136
LA00980,Uttar Pradesh,Agra,Industrial,Possession,496,8,43,0,9,19,40,0.304,3.38,188
LA00981,Uttar Pradesh,Kanpur,Industrial,Compensation,201,37,21,0,3,26,49,0.336,3.96,162
LA00982,Madhya Pradesh,Bhopal,Agricultural,Objection,152,152,13,0,4,24,73,0.114,7.44,182
LA00983,Uttar Pradesh,Varanasi,Agricultural,Notification,338,83,33,1,7,14,22,0.221,2.13,181
LA00984,Uttar Pradesh,Varanasi,Agricultural,Compensation,343,180,56,0,7,74,31,0.439,10.81,321
LA00985,Uttar Pradesh,Kanpur,Agricultural,Notification,186,52,54,0,12,8,6,0.365,0.88,172
LA00986,Uttar Pradesh,Kanpur,Agricultural,Objection,429,139,25,1,5,1,27,0.314,2.28,177
LA00987,Uttar Pradesh,Kanpur,Residential,Notification,303,20,1,0,2,21,80,0.21,9.01,92
LA00988,Gujarat,Rajkot,Agricultural,Compensation,105,24,54,1,14,85,62,0.438,2.13,297
LA00989,Gujarat,Rajkot,Industrial,Notification,183,7,54,0,8,11,34,0.411,27.09,234
LA00990,Madhya Pradesh,Indore,Agricultural,Compensation,429,163,37,0,6,79,51,0.241,7.74,218
LA00991,Maharashtra,Nashik,Agricultural,Compensation,72,72,38,0,8,57,78,0.301,22.92,229
LA00992,Uttar Pradesh,Kanpur,Industrial,Possession,35,35,32,0,6,12,35,0.246,10.57,154
LA00993,Gujarat,Ahmedabad,Residential,Objection,339,168,1,0,2,27,23,0.061,7.3,133
LA00994,Maharashtra,Aurangabad,Agricultural,Compensation,238,63,10,0,3,67,71,0.105,2.73,183
LA00995,Uttar Pradesh,Varanasi,Residential,Compensation,149,132,9,0,3,75,68,0.086,18.71,196
LA00996,Uttar Pradesh,Kanpur,Agricultural,Compensation,252,93,55,0,5,112,41,0.304,11.49,240
LA00997,Uttar Pradesh,Agra,Agricultural,Compensation,116,100,3,0,2,41,0,0.058,59.42,145
LA00998,Maharashtra,Nashik,Agricultural,Objection,206,121,34,0,7,0,1,0.248,16.92,203
LA00999,Punjab,Amritsar,Agricultural,Possession,140,87,22,0,2,25,9,0.193,4.97,137
LA01000,Uttar Pradesh,Kanpur,Residential,Notification,306,9,1,0,2,12,56,0.104,9.87,37
LA01001,Madhya Pradesh,Jabalpur,Agricultural,Possession,347,18,56,0,5,7,14,0.304,11.27,176
LA01002,Madhya Pradesh,Gwalior,Residential,Compensation,460,93,2,0,4,94,5,0.05,23.64,151
LA01003,Uttar Pradesh,Varanasi,Commercial,Objection,61,61,52,0,9,30,55,0.257,27.71,248
LA01004,Punjab,Bathinda,Agricultural,Compensation,184,133,47,0,7,37,38,0.125,6.28,202
LA01005,Rajasthan,Kota,Agricultural,Notification,154,105,48,0,5,9,42,0.248,2.19,177
LA01006,Punjab,Amritsar,Agricultural,Compensation,302,38,10,0,4,53,15,0.044,1.16,140
LA01007,Punjab,Patiala,Commercial,Compensation,281,69,53,0,4,22,17,0.281,2.36,251
LA01008,Uttar Pradesh,Agra,Residential,Notification,443,83,36,1,4,29,19,0.257,4.09,190
LA01009,Madhya Pradesh,Gwalior,Residential,Notification,462,178,25,0,3,16,52,0.02,33.26,186
LA01010,Uttar Pradesh,Varanasi,Agricultural,Compensation,394,98,41,0,8,65,79,0.42,33.77,264
LA01011,Gujarat,Surat,Agricultural,Objection,123,116,21,0,2,12,74,0.139,19.3,174
LA01012,Madhya Pradesh,Gwalior,Agricultural,Possession,49,49,17,0,1,25,9,0.257,25.29,114
LA01013,Gujarat,Ahmedabad,Agricultural,Compensation,453,68,18,0,5,51,55,0.111,3.64,172
LA01014,Gujarat,Vadodara,Residential,Compensation,474,174,35,0,11,21,61,0.36,1.62,237
LA01015,Uttar Pradesh,Agra,Agricultural,Objection,147,123,37,1,10,10,3,0.237,2.7,224
LA01016,Punjab,Amritsar,Agricultural,Compensation,51,51,15,0,5,36,51,0.157,0.97,126
LA01017,Maharashtra,Nagpur,Agricultural,Possession,350,136,15,0,3,6,36,0.051,2.43,144
LA01018,Maharashtra,Pune,Agricultural,Notification,307,114,57,1,13,15,15,0.614,4.46,258
LA01019,Rajasthan,Kota,Residential,Objection,448,10,31,0,2,26,63,0.173,8.73,153
LA01020,Rajasthan,Kota,Agricultural,Objection,300,107,52,0,6,4,75,0.34,8.46,213
LA01021,Rajasthan,Jodhpur,Industrial,Objection,388,27,20,0,2,24,48,0.19,3.71,122
LA01022,Rajasthan,Jaipur,Commercial,Compensation,400,111,18,0,3,100,16,0.147,13.05,198
LA01023,Punjab,Amritsar,Industrial,Compensation,34,34,17,0,3,81,34,0.187,3.78,174
LA01024,Punjab,Ludhiana,Residential,Compensation,99,99,32,1,7,34,41,0.415,7.46,257
LA01025,Madhya Pradesh,Indore,Residential,Objection,397,59,47,0,6,15,73,0.31,2.44,190
LA01026,Rajasthan,Kota,Residential,Notification,114,15,31,0,4,19,64,0.209,21.95,112
LA01027,Rajasthan,Jaipur,Agricultural,Objection,127,123,18,1,7,9,54,0.299,7.54,170
LA01028,Gujarat,Vadodara,Agricultural,Possession,384,127,58,0,9,6,61,0.454,14.57,235
LA01029,Uttar Pradesh,Lucknow,Residential,Compensation,126,89,35,1,11,22,56,0.291,2.19,269
LA01030,Maharashtra,Aurangabad,Agricultural,Objection,100,100,24,0,3,4,25,0.022,8.8,158
LA01031,Maharashtra,Nagpur,Agricultural,Compensation,36,36,1,0,1,112,10,0.02,13.1,96
LA01032,Gujarat,Surat,Industrial,Notification,251,95,34,0,7,27,67,0.131,0.96,211
LA01033,Madhya Pradesh,Gwalior,Agricultural,Objection,329,13,38,0,6,24,44,0.154,23.76,181
LA01034,Gujarat,Ahmedabad,Agricultural,Objection,374,158,56,0,8,5,77,0.224,2.12,224
LA01035,Rajasthan,Jaipur,Residential,Possession,456,87,14,1,5,17,55,0.237,9.12,144
LA01036,Madhya Pradesh,Jabalpur,Agricultural,Compensation,336,123,10,1,10,78,38,0.255,44.15,183
LA01037,Punjab,Bathinda,Industrial,Compensation,386,165,60,1,10,6,52,0.429,19.2,313
LA01038,Rajasthan,Jaipur,Agricultural,Notification,129,68,34,0,4,19,52,0.149,1.67,150
LA01039,Maharashtra,Nashik,Industrial,Notification,190,114,2,0,1,9,79,0.169,6.18,114
LA01040,Madhya Pradesh,Bhopal,Commercial,Compensation,173,8,7,0,3,97,29,0.153,25.37,102
LA01041,Madhya Pradesh,Indore,Agricultural,Objection,60,60,29,0,4,4,30,0.316,3.26,126
LA01042,Punjab,Amritsar,Agricultural,Possession,486,15,38,0,5,3,28,0.291,5.16,152
LA01043,Maharashtra,Nashik,Agricultural,Compensation,143,100,15,0,2,106,8,0.109,5.01,178
LA01044,Maharashtra,Nagpur,Agricultural,Objection,241,66,22,0,2,6,38,0.265,13.07,100
LA01045,Madhya Pradesh,Bhopal,Agricultural,Compensation,198,11,45,0,8,14,36,0.275,1.59,168
LA01046,Rajasthan,Udaipur,Industrial,Possession,50,50,59,0,9,24,15,0.368,13.82,242
LA01047,Gujarat,Vadodara,Agricultural,Compensation,455,169,30,0,6,93,66,0.255,3.96,228
LA01048,Uttar Pradesh,Varanasi,Commercial,Compensation,133,34,25,0,4,114,55,0.166,7.31,197
LA01049,Madhya Pradesh,Bhopal,Agricultural,Possession,77,56,22,1,6,18,19,0.277,5.9,132
LA01050,Rajasthan,Kota,Industrial,Objection,191,38,9,0,2,14,13,0.105,13.46,110
LA01051,Uttar Pradesh,Varanasi,Agricultural,Possession,97,26,4,0,1,20,50,0.028,7.24,39
LA01052,Maharashtra,Pune,Agricultural,Notification,500,45,51,0,5,24,0,0.097,31.2,153
LA01053,Uttar Pradesh,Varanasi,Residential,Compensation,119,105,3,0,2,62,12,0.039,19.87,150
LA01054,Punjab,Amritsar,Agricultural,Compensation,172,142,50,0,9,42,35,0.289,3.34,270
LA01055,Rajasthan,Udaipur,Commercial,Compensation,157,126,15,1,11,16,80,0.341,28.94,223
LA01056,Punjab,Amritsar,Agricultural,Compensation,42,42,42,0,11,43,6,0.313,10.17,196
LA01057,Maharashtra,Aurangabad,Agricultural,Compensation,36,36,58,0,7,107,42,0.275,8.76,251
LA01058,Madhya Pradesh,Bhopal,Agricultural,Notification,271,72,45,0,6,17,45,0.195,17.26,153
LA01059,Maharashtra,Nashik,Residential,Objection,139,139,44,0,5,13,20,0.23,2.61,207
LA01060,Gujarat,Surat,Agricultural,Objection,69,35,16,1,7,26,42,0.172,1.86,146
LA01061,Madhya Pradesh,Bhopal,Agricultural,Compensation,167,128,36,1,13,55,51,0.163,7.58,251
LA01062,Madhya Pradesh,Indore,Agricultural,Objection,159,24,39,0,2,24,11,0.097,4.03,158
LA01063,Rajasthan,Jodhpur,Agricultural,Objection,229,139,26,0,3,27,77,0.287,58.78,174
LA01064,Madhya Pradesh,Bhopal,Agricultural,Possession,497,20,3,0,4,8,19,0.247,3.44,49
LA01065,Madhya Pradesh,Gwalior,Industrial,Objection,174,43,55,0,7,5,29,0.347,7.69,200
LA01066,Maharashtra,Nagpur,Agricultural,Objection,361,73,12,1,10,4,1,0.237,8.95,148
LA01067,Punjab,Bathinda,Residential,Objection,391,127,59,0,7,18,48,0.189,25.31,243
LA01068,Uttar Pradesh,Kanpur,Agricultural,Notification,53,13,56,1,10,25,48,0.383,2.73,217
LA01069,Maharashtra,Pune,Agricultural,Compensation,266,50,2,0,0,53,9,0.136,1.47,84
LA01070,Rajasthan,Jaipur,Agricultural,Objection,241,63,45,0,8,1,23,0.32,29.8,172
LA01071,Madhya Pradesh,Indore,Agricultural,Notification,269,133,39,0,10,0,62,0.292,8.01,194
LA01072,Gujarat,Surat,Agricultural,Possession,110,110,14,1,7,21,57,0.34,16.61,169
LA01073,Madhya Pradesh,Bhopal,Agricultural,Possession,249,113,49,0,8,8,24,0.423,17.4,238
LA01074,Uttar Pradesh,Varanasi,Agricultural,Compensation,87,87,7,0,4,60,51,0.08,20.7,153
LA01075,Maharashtra,Nagpur,Industrial,Possession,475,64,15,0,4,2,60,0.365,5.06,132
LA01076,Rajasthan,Kota,Agricultural,Possession,306,149,57,0,8,2,30,0.134,3.86,246
LA01077,Madhya Pradesh,Bhopal,Agricultural,Objection,46,23,45,0,5,16,14,0.185,1.0,169
LA01078,Rajasthan,Udaipur,Agricultural,Compensation,268,27,7,0,4,25,1,0.129,2.73,78
LA01079,Maharashtra,Pune,Agricultural,Compensation,466,40,9,0,5,20,77,0.165,7.86,78
LA01080,Punjab,Amritsar,Residential,Objection,379,52,16,0,3,14,25,0.127,3.66,94
LA01081,Punjab,Amritsar,Agricultural,Objection,158,86,5,0,4,20,65,0.066,2.36,129
LA01082,Punjab,Bathinda,Residential,Notification,450,171,11,0,4,26,26,0.303,7.77,170
LA01083,Punjab,Amritsar,Agricultural,Compensation,117,117,35,0,7,8,57,0.173,28.3,176
LA01084,Uttar Pradesh,Lucknow,Agricultural,Compensation,146,72,1,1,2,103,26,0.106,6.99,166
LA01085,Gujarat,Surat,Industrial,Compensation,103,42,18,0,4,108,49,0.286,2.38,199
LA01086,Punjab,Amritsar,Agricultural,Objection,464,119,19,0,3,0,77,0.22,26.38,184
LA01087,Madhya Pradesh,Bhopal,Commercial,Objection,367,49,59,0,8,8,61,0.39,3.41,255
LA01088,Punjab,Ludhiana,Agricultural,Compensation,273,176,59,1,11,43,13,0.424,32.44,338
LA01089,Uttar Pradesh,Lucknow,Industrial,Compensation,344,89,51,0,6,47,42,0.16,5.68,246
LA01090,Rajasthan,Jodhpur,Agricultural,Possession,151,101,21,0,3,8,21,0.166,8.19,142
LA01091,Uttar Pradesh,Agra,Agricultural,Possession,63,63,32,0,9,10,17,0.089,35.19,144
LA01092,Maharashtra,Nashik,Commercial,Possession,428,58,31,0,3,20,67,0.214,1.91,182
LA01093,Punjab,Patiala,Agricultural,Possession,484,88,52,0,6,9,79,0.326,2.59,197
LA01094,Maharashtra,Pune,Agricultural,Possession,46,46,45,0,9,11,74,0.342,5.33,198
LA01095,Gujarat,Rajkot,Industrial,Compensation,54,52,55,1,18,45,67,0.401,6.42,312
LA01096,Rajasthan,Udaipur,Residential,Notification,293,14,34,0,7,3,37,0.273,103.76,168
LA01097,Punjab,Ludhiana,Residential,Notification,50,50,56,0,14,28,42,0.232,3.04,210
LA01098,Madhya Pradesh,Indore,Residential,Objection,369,24,45,1,14,30,43,0.443,2.01,255
LA01099,Rajasthan,Jaipur,Commercial,Objection,475,123,45,0,6,22,59,0.303,2.9,229
LA01100,Maharashtra,Nashik,Industrial,Notification,161,6,40,0,9,3,4,0.174,9.32,158
LA01101,Maharashtra,Nashik,Residential,Possession,168,60,21,1,13,14,66,0.322,12.09,179
LA01102,Maharashtra,Pune,Agricultural,Notification,436,160,37,0,5,11,65,0.307,3.64,215
LA01103,Punjab,Ludhiana,Agricultural,Possession,197,105,22,1,13,5,80,0.289,7.55,203
LA01104,Rajasthan,Jodhpur,Residential,Compensation,143,123,39,1,4,38,48,0.259,51.69,223
LA01105,Gujarat,Vadodara,Commercial,Compensation,69,69,16,0,2,113,37,0.154,7.65,179
LA01106,Gujarat,Surat,Agricultural,Compensation,425,57,48,0,8,30,38,0.308,10.19,245
LA01107,Gujarat,Rajkot,Agricultural,Objection,466,116,35,0,5,21,50,0.146,48.86,168
LA01108,Punjab,Amritsar,Agricultural,Compensation,66,43,43,1,9,31,24,0.268,3.68,195
LA01109,Punjab,Bathinda,Agricultural,Notification,408,116,14,0,7,10,62,0.185,3.44,148
LA01110,Rajasthan,Jaipur,Commercial,Possession,105,105,48,0,7,30,35,0.328,4.62,196
LA01111,Uttar Pradesh,Kanpur,Agricultural,Objection,95,95,49,0,9,25,22,0.441,4.36,254
LA01112,Gujarat,Rajkot,Residential,Objection,209,166,9,0,1,15,59,0.167,1.2,181
LA01113,Gujarat,Ahmedabad,Commercial,Compensation,235,9,22,0,5,74,27,0.07,8.48,176
LA01114,Gujarat,Rajkot,Industrial,Compensation,432,57,41,1,7,14,6,0.501,9.18,228
LA01115,Gujarat,Surat,Agricultural,Compensation,359,101,53,0,12,5,42,0.374,6.14,282
LA01116,Maharashtra,Nashik,Industrial,Compensation,98,61,45,0,11,118,41,0.099,9.46,274
LA01117,Punjab,Patiala,Residential,Notification,305,113,29,1,8,24,23,0.215,9.56,178
LA01118,Uttar Pradesh,Kanpur,Commercial,Compensation,442,155,18,0,4,29,2,0.112,1.98,204
LA01119,Madhya Pradesh,Bhopal,Agricultural,Objection,341,50,55,0,6,5,38,0.352,9.86,189
LA01120,Maharashtra,Aurangabad,Agricultural,Objection,138,138,53,0,8,8,62,0.091,12.92,226
LA01121,Rajasthan,Kota,Residential,Notification,90,90,54,0,8,10,64,0.275,1.5,185
LA01122,Rajasthan,Udaipur,Agricultural,Objection,243,165,19,0,5,25,17,0.219,31.92,174
LA01123,Gujarat,Surat,Agricultural,Objection,252,17,27,0,4,12,34,0.02,2.15,113
LA01124,Gujarat,Vadodara,Residential,Compensation,196,56,15,0,6,56,73,0.204,2.37,166
LA01125,Punjab,Amritsar,Residential,Notification,81,26,58,0,9,18,27,0.37,9.04,200
LA01126,Punjab,Bathinda,Agricultural,Notification,85,26,53,0,11,4,38,0.22,12.61,172
LA01127,Punjab,Bathinda,Agricultural,Compensation,279,14,11,0,9,36,55,0.044,16.08,133
LA01128,Uttar Pradesh,Varanasi,Agricultural,Notification,474,82,15,1,5,26,37,0.174,12.95,164
LA01129,Uttar Pradesh,Kanpur,Industrial,Compensation,311,20,34,0,7,12,68,0.02,4.39,153
LA01130,Uttar Pradesh,Varanasi,Industrial,Possession,236,57,25,0,3,30,29,0.147,8.24,157
LA01131,Maharashtra,Nashik,Agricultural,Objection,468,177,28,1,3,20,39,0.302,5.38,218
LA01132,Madhya Pradesh,Indore,Agricultural,Possession,355,160,23,0,4,1,41,0.071,8.8,165
LA01133,Madhya Pradesh,Jabalpur,Agricultural,Notification,368,169,41,0,1,6,60,0.303,7.91,198
LA01134,Madhya Pradesh,Bhopal,Agricultural,Notification,300,11,54,1,9,5,27,0.395,4.46,187
LA01135,Uttar Pradesh,Kanpur,Industrial,Compensation,389,121,56,0,4,51,22,0.305,5.22,265
LA01136,Rajasthan,Jaipur,Agricultural,Compensation,266,116,28,0,5,85,29,0.156,1.16,214
LA01137,Madhya Pradesh,Gwalior,Agricultural,Possession,322,28,50,0,8,11,18,0.33,16.95,169
LA01138,Maharashtra,Nashik,Agricultural,Notification,320,164,42,0,3,16,15,0.336,9.95,172
LA01139,Madhya Pradesh,Indore,Agricultural,Compensation,384,76,12,0,6,4,66,0.101,0.74,146
LA01140,Uttar Pradesh,Agra,Commercial,Objection,453,176,48,0,3,12,27,0.315,16.33,250
LA01141,Punjab,Amritsar,Residential,Objection,168,25,22,0,5,19,21,0.229,7.01,150
LA01142,Maharashtra,Nashik,Residential,Notification,359,119,38,0,5,6,65,0.256,2.9,211
LA01143,Punjab,Amritsar,Agricultural,Possession,44,28,44,0,10,23,63,0.388,2.65,206
LA01144,Punjab,Patiala,Industrial,Notification,280,172,57,0,7,29,19,0.235,3.71,237
LA01145,Gujarat,Rajkot,Agricultural,Possession,453,111,57,0,7,30,24,0.26,2.91,227
LA01146,Maharashtra,Nagpur,Commercial,Compensation,333,18,49,1,12,89,66,0.313,3.33,254
LA01147,Uttar Pradesh,Kanpur,Industrial,Compensation,156,42,31,0,7,75,22,0.261,40.47,186
LA01148,Madhya Pradesh,Jabalpur,Agricultural,Compensation,315,68,25,0,5,72,69,0.156,10.71,190
LA01149,Madhya Pradesh,Jabalpur,Industrial,Possession,198,7,27,0,4,19,50,0.127,56.6,127
LA01150,Punjab,Ludhiana,Agricultural,Notification,234,6,58,0,3,10,53,0.422,9.26,186
LA01151,Maharashtra,Nagpur,Residential,Notification,137,137,13,0,2,12,43,0.274,13.19,115
LA01152,Uttar Pradesh,Lucknow,Agricultural,Compensation,324,177,32,1,10,25,2,0.286,3.06,223
LA01153,Maharashtra,Pune,Agricultural,Objection,123,99,41,0,9,17,66,0.132,6.25,217
LA01154,Punjab,Bathinda,Agricultural,Notification,238,163,2,0,1,16,45,0.238,6.81,106
LA01155,Gujarat,Ahmedabad,Agricultural,Notification,472,120,39,0,7,17,14,0.268,13.74,168
LA01156,Uttar Pradesh,Varanasi,Agricultural,Objection,386,9,16,0,4,10,67,0.178,7.03,117
LA01157,Rajasthan,Udaipur,Agricultural,Notification,225,130,17,0,0,23,23,0.148,10.5,107
LA01158,Punjab,Bathinda,Residential,Notification,486,8,38,0,3,18,29,0.155,10.13,152
LA01159,Maharashtra,Nagpur,Agricultural,Possession,36,36,1,0,1,5,51,0.052,5.46,48
LA01160,Maharashtra,Aurangabad,Agricultural,Objection,482,69,10,0,2,11,22,0.173,4.92,107
LA01161,Uttar Pradesh,Lucknow,Industrial,Possession,195,29,28,0,3,20,0,0.148,3.78,111
LA01162,Maharashtra,Aurangabad,Industrial,Possession,416,50,36,0,4,3,26,0.249,21.81,160
LA01163,Punjab,Ludhiana,Agricultural,Notification,476,125,7,0,5,10,55,0.116,5.46,110
LA01164,Uttar Pradesh,Agra,Agricultural,Compensation,313,154,22,0,2,58,34,0.076,10.27,187
LA01165,Uttar Pradesh,Lucknow,Residential,Compensation,317,105,19,0,6,117,57,0.288,6.32,243
LA01166,Rajasthan,Jodhpur,Residential,Compensation,382,33,33,1,11,62,5,0.365,21.38,209
LA01167,Rajasthan,Kota,Agricultural,Notification,142,142,19,1,4,21,20,0.281,1.01,154
LA01168,Maharashtra,Nashik,Residential,Notification,113,113,1,0,0,9,19,0.128,10.0,81
LA01169,Punjab,Bathinda,Agricultural,Notification,191,77,32,1,5,25,5,0.159,2.11,185
LA01170,Punjab,Patiala,Agricultural,Compensation,255,102,51,0,6,109,52,0.231,10.92,263
LA01171,Uttar Pradesh,Kanpur,Residential,Possession,379,174,36,0,8,14,17,0.1,6.38,222
LA01172,Uttar Pradesh,Varanasi,Residential,Compensation,151,71,22,0,7,66,38,0.181,1.68,183
LA01173,Maharashtra,Nashik,Commercial,Compensation,296,9,29,1,6,6,80,0.32,10.36,220
LA01174,Gujarat,Surat,Agricultural,Possession,31,30,9,0,1,24,20,0.125,9.25,92
LA01175,Rajasthan,Udaipur,Agricultural,Compensation,44,44,15,0,2,89,15,0.231,5.86,161
LA01176,Maharashtra,Nagpur,Agricultural,Notification,485,180,27,0,10,20,75,0.075,6.66,168
LA01177,Gujarat,Vadodara,Agricultural,Possession,430,135,36,0,5,19,28,0.152,8.68,154
LA01178,Gujarat,Surat,Agricultural,Objection,436,113,30,0,9,24,23,0.236,24.0,204
LA01179,Gujarat,Ahmedabad,Agricultural,Notification,184,61,58,0,10,6,58,0.324,5.4,233
LA01180,Rajasthan,Jaipur,Agricultural,Compensation,271,82,39,0,3,40,10,0.117,20.35,228
LA01181,Uttar Pradesh,Lucknow,Residential,Possession,347,11,2,0,3,17,30,0.189,7.12,54
LA01182,Punjab,Ludhiana,Agricultural,Objection,149,70,32,0,8,30,16,0.331,27.0,186
LA01183,Madhya Pradesh,Gwalior,Agricultural,Compensation,380,114,35,0,8,61,72,0.253,5.84,217
LA01184,Maharashtra,Pune,Residential,Notification,356,164,3,0,4,6,24,0.02,3.79,98
LA01185,Maharashtra,Nagpur,Agricultural,Notification,221,167,24,0,3,12,45,0.183,2.47,153
LA01186,Gujarat,Rajkot,Industrial,Notification,234,149,53,0,5,8,42,0.303,7.14,232
LA01187,Rajasthan,Udaipur,Agricultural,Compensation,174,8,22,0,5,94,39,0.145,3.34,150
LA01188,Uttar Pradesh,Agra,Agricultural,Possession,408,147,28,0,8,15,5,0.302,30.1,182
LA01189,Uttar Pradesh,Lucknow,Industrial,Notification,494,43,14,0,3,13,21,0.126,3.09,112
LA01190,Rajasthan,Udaipur,Residential,Objection,500,113,5,0,3,0,69,0.272,3.71,158
LA01191,Maharashtra,Pune,Residential,Notification,393,171,20,1,9,19,44,0.331,13.21,218
LA01192,Gujarat,Vadodara,Residential,Notification,194,161,47,0,4,13,71,0.275,24.19,231
LA01193,Gujarat,Vadodara,Agricultural,Compensation,397,121,59,0,12,72,45,0.384,15.35,293
LA01194,Madhya Pradesh,Bhopal,Residential,Compensation,145,57,40,0,5,62,25,0.352,21.3,205
LA01195,Uttar Pradesh,Kanpur,Industrial,Compensation,452,96,50,0,2,23,27,0.331,6.82,236
LA01196,Uttar Pradesh,Lucknow,Industrial,Objection,155,128,39,1,5,23,62,0.32,6.92,219
LA01197,Madhya Pradesh,Bhopal,Agricultural,Compensation,219,95,40,0,5,116,19,0.177,55.24,232
LA01198,Punjab,Bathinda,Agricultural,Notification,73,73,26,0,3,23,48,0.087,40.06,112
LA01199,Madhya Pradesh,Jabalpur,Commercial,Notification,68,68,4,0,6,22,75,0.02,15.09,110
LA01200,Uttar Pradesh,Agra,Agricultural,Possession,215,110,25,0,3,19,68,0.187,22.35,145
LA01201,Punjab,Bathinda,Agricultural,Compensation,289,11,52,0,6,97,31,0.243,17.44,218
LA01202,Maharashtra,Aurangabad,Agricultural,Possession,38,38,33,0,4,13,22,0.177,2.21,126
LA01203,Punjab,Bathinda,Agricultural,Possession,428,22,46,0,9,25,50,0.341,7.1,178
LA01204,Madhya Pradesh,Bhopal,Agricultural,Compensation,83,83,4,0,2,91,49,0.089,33.01,146
LA01205,Uttar Pradesh,Agra,Agricultural,Possession,500,11,13,0,4,20,58,0.285,15.19,70
LA01206,Punjab,Patiala,Agricultural,Objection,157,95,18,0,2,25,5,0.101,6.93,93
LA01207,Uttar Pradesh,Varanasi,Agricultural,Notification,208,78,22,0,7,16,43,0.093,33.41,147
LA01208,Madhya Pradesh,Jabalpur,Industrial,Notification,105,105,60,0,10,15,0,0.209,10.69,221
LA01209,Gujarat,Surat,Agricultural,Notification,418,81,28,0,6,5,80,0.248,15.73,146
LA01210,Punjab,Ludhiana,Agricultural,Notification,374,162,40,0,6,15,70,0.324,10.75,232
LA01211,Uttar Pradesh,Varanasi,Agricultural,Objection,66,7,39,0,6,1,59,0.181,12.69,144
LA01212,Madhya Pradesh,Indore,Agricultural,Compensation,79,79,26,0,6,66,23,0.098,13.64,169
LA01213,Maharashtra,Nashik,Industrial,Compensation,316,126,58,0,10,120,60,0.425,27.1,307
LA01214,Punjab,Bathinda,Industrial,Compensation,437,142,14,0,4,49,36,0.021,30.88,209
LA01215,Rajasthan,Kota,Agricultural,Notification,81,29,3,0,3,10,52,0.177,4.71,81
LA01216,Rajasthan,Jodhpur,Agricultural,Compensation,134,16,45,0,7,92,18,0.206,10.54,212
LA01217,Uttar Pradesh,Lucknow,Agricultural,Objection,286,74,40,0,10,14,38,0.272,26.34,204
LA01218,Madhya Pradesh,Indore,Agricultural,Notification,81,61,16,0,3,21,71,0.228,6.48,91
LA01219,Madhya Pradesh,Jabalpur,Agricultural,Objection,173,142,53,0,8,13,15,0.32,2.0,222
LA01220,Maharashtra,Nashik,Agricultural,Objection,34,34,10,0,4,26,31,0.099,2.98,111
LA01221,Uttar Pradesh,Kanpur,Agricultural,Objection,265,80,16,0,2,14,23,0.252,3.19,128
LA01222,Uttar Pradesh,Agra,Residential,Possession,366,140,10,0,2,30,14,0.142,4.67,174
LA01223,Punjab,Bathinda,Agricultural,Compensation,224,15,12,0,1,115,32,0.419,3.5,150
LA01224,Uttar Pradesh,Varanasi,Agricultural,Compensation,150,135,44,0,10,81,49,0.118,20.68,272
LA01225,Maharashtra,Nagpur,Agricultural,Notification,229,22,43,0,5,23,4,0.103,5.6,151
LA01226,Punjab,Bathinda,Agricultural,Possession,269,122,39,0,4,14,16,0.304,26.08,188
LA01227,Rajasthan,Kota,Agricultural,Compensation,108,72,52,1,8,1,66,0.375,2.39,260
LA01228,Punjab,Amritsar,Agricultural,Notification,82,78,5,0,1,23,21,0.163,5.19,82
LA01229,Rajasthan,Kota,Agricultural,Compensation,115,53,38,0,11,107,27,0.147,8.2,187
LA01230,Gujarat,Rajkot,Agricultural,Compensation,494,75,7,0,1,1,54,0.111,16.62,125
LA01231,Madhya Pradesh,Jabalpur,Commercial,Objection,370,158,58,0,5,27,60,0.33,23.19,277
LA01232,Madhya Pradesh,Bhopal,Industrial,Notification,89,89,39,0,9,16,77,0.191,4.31,206
LA01233,Punjab,Patiala,Agricultural,Compensation,171,64,46,0,10,33,12,0.28,19.95,218
LA01234,Madhya Pradesh,Bhopal,Agricultural,Notification,224,56,35,0,7,20,61,0.108,1.37,173
LA01235,Uttar Pradesh,Kanpur,Residential,Notification,115,94,24,0,3,5,58,0.202,17.66,129
LA01236,Maharashtra,Nagpur,Residential,Notification,431,125,42,0,8,7,10,0.359,1.93,223
LA01237,Rajasthan,Jodhpur,Agricultural,Possession,473,37,51,1,8,27,71,0.275,11.55,207
LA01238,Rajasthan,Udaipur,Agricultural,Objection,145,132,11,0,6,8,25,0.027,22.86,129
LA01239,Gujarat,Rajkot,Agricultural,Objection,37,37,53,0,9,26,34,0.379,17.94,225
LA01240,Rajasthan,Jaipur,Residential,Objection,155,153,44,0,2,11,64,0.133,1.43,203
LA01241,Uttar Pradesh,Lucknow,Agricultural,Possession,304,101,6,0,2,26,42,0.172,4.72,131
LA01242,Madhya Pradesh,Bhopal,Agricultural,Compensation,410,61,57,0,5,82,22,0.294,15.13,238
LA01243,Punjab,Bathinda,Agricultural,Possession,189,61,11,0,3,3,26,0.091,14.71,99
LA01244,Maharashtra,Nagpur,Agricultural,Objection,158,135,37,0,5,8,59,0.337,9.74,204
LA01245,Punjab,Patiala,Agricultural,Notification,147,85,8,0,2,29,14,0.186,0.82,88
LA01246,Punjab,Bathinda,Residential,Compensation,31,23,12,0,7,99,38,0.158,24.48,202
LA01247,Punjab,Bathinda,Agricultural,Objection,36,36,39,0,5,7,60,0.054,29.26,143
LA01248,Maharashtra,Pune,Agricultural,Possession,231,29,41,0,6,4,71,0.292,8.7,133
LA01249,Gujarat,Ahmedabad,Agricultural,Possession,320,178,42,0,3,18,66,0.147,9.29,200
LA01250,Punjab,Amritsar,Commercial,Compensation,35,35,21,1,5,10,29,0.246,12.22,174
LA01251,Gujarat,Surat,Agricultural,Possession,124,65,50,1,11,29,16,0.378,31.83,224
LA01252,Maharashtra,Nagpur,Agricultural,Compensation,458,14,3,1,6,27,75,0.354,9.49,170
LA01253,Rajasthan,Jaipur,Agricultural,Objection,496,34,52,1,14,27,48,0.37,6.1,262
LA01254,Madhya Pradesh,Indore,Commercial,Compensation,332,171,19,0,3,112,33,0.039,10.82,211
LA01255,Uttar Pradesh,Lucknow,Commercial,Notification,275,99,38,0,10,17,73,0.351,7.31,182
LA01256,Rajasthan,Jaipur,Industrial,Possession,304,163,55,0,6,25,58,0.343,7.39,236
LA01257,Gujarat,Ahmedabad,Residential,Notification,204,173,16,0,2,19,38,0.201,1.26,153
LA01258,Uttar Pradesh,Lucknow,Agricultural,Objection,124,13,25,0,6,4,15,0.299,12.46,100
LA01259,Uttar Pradesh,Kanpur,Agricultural,Compensation,207,72,50,0,4,79,6,0.401,23.84,227
LA01260,Madhya Pradesh,Indore,Agricultural,Notification,359,152,52,1,6,3,42,0.303,20.5,262
LA01261,Gujarat,Surat,Residential,Notification,342,92,15,0,2,10,9,0.025,19.12,106
LA01262,Punjab,Amritsar,Residential,Compensation,348,94,31,1,0,18,25,0.356,7.01,203
LA01263,Maharashtra,Nagpur,Agricultural,Notification,316,105,20,0,3,19,55,0.135,8.55,117
LA01264,Madhya Pradesh,Jabalpur,Industrial,Compensation,58,58,32,0,6,26,1,0.19,24.32,178
LA01265,Gujarat,Vadodara,Agricultural,Objection,325,170,23,0,5,11,80,0.081,17.59,180
LA01266,Rajasthan,Kota,Agricultural,Objection,444,161,1,0,2,22,35,0.134,32.67,133
LA01267,Rajasthan,Kota,Agricultural,Notification,335,115,56,0,7,26,70,0.322,3.77,246
LA01268,Maharashtra,Nagpur,Industrial,Compensation,302,106,39,0,5,107,13,0.214,3.75,251
LA01269,Punjab,Ludhiana,Industrial,Possession,135,68,28,0,7,8,37,0.081,5.3,153
LA01270,Rajasthan,Udaipur,Agricultural,Notification,403,25,7,0,1,28,77,0.203,2.88,102
LA01271,Maharashtra,Pune,Industrial,Possession,242,129,5,0,7,30,51,0.132,1.97,137
LA01272,Rajasthan,Jodhpur,Industrial,Compensation,153,5,29,1,9,106,65,0.389,11.81,257
LA01273,Punjab,Patiala,Commercial,Compensation,260,127,39,0,6,67,55,0.06,11.03,221
LA01274,Madhya Pradesh,Indore,Industrial,Compensation,87,87,16,0,0,5,59,0.141,9.45,144
LA01275,Madhya Pradesh,Bhopal,Agricultural,Compensation,466,143,45,0,9,30,29,0.198,10.52,261
LA01276,Madhya Pradesh,Jabalpur,Commercial,Possession,360,172,24,0,9,26,36,0.185,1.71,192
LA01277,Uttar Pradesh,Lucknow,Residential,Compensation,183,102,1,0,0,106,4,0.159,4.57,120
LA01278,Madhya Pradesh,Bhopal,Residential,Compensation,403,105,33,0,5,51,20,0.235,5.51,198
LA01279,Rajasthan,Udaipur,Agricultural,Objection,55,55,11,0,3,6,5,0.126,7.76,122
LA01280,Punjab,Patiala,Residential,Notification,211,70,1,1,2,23,26,0.189,1.72,65
LA01281,Madhya Pradesh,Bhopal,Industrial,Compensation,336,20,8,0,2,27,58,0.02,2.92,116
LA01282,Madhya Pradesh,Jabalpur,Agricultural,Notification,41,10,18,0,2,23,16,0.074,4.78,70
LA01283,Maharashtra,Aurangabad,Industrial,Objection,363,132,31,0,3,28,38,0.284,21.29,191
LA01284,Madhya Pradesh,Bhopal,Agricultural,Notification,415,166,60,1,13,24,44,0.376,9.6,279
LA01285,Maharashtra,Nashik,Agricultural,Notification,309,14,14,0,3,26,13,0.226,20.52,106
LA01286,Rajasthan,Jodhpur,Agricultural,Compensation,127,62,4,0,1,106,65,0.162,6.54,153
LA01287,Punjab,Ludhiana,Commercial,Compensation,382,112,12,1,4,119,62,0.3,7.4,250
LA01288,Gujarat,Ahmedabad,Residential,Objection,189,129,20,1,7,12,15,0.291,12.17,211
LA01289,Rajasthan,Jaipur,Agricultural,Notification,376,134,13,0,2,10,2,0.095,6.19,109
LA01290,Uttar Pradesh,Lucknow,Residential,Objection,325,127,20,0,4,11,0,0.146,3.96,140
LA01291,Gujarat,Surat,Agricultural,Objection,73,19,59,0,13,18,23,0.364,1.67,227
LA01292,Punjab,Amritsar,Agricultural,Compensation,77,49,23,0,4,100,10,0.02,4.06,171
LA01293,Maharashtra,Pune,Industrial,Compensation,37,37,39,1,12,48,1,0.44,17.05,216
LA01294,Rajasthan,Jodhpur,Residential,Compensation,63,16,42,0,11,29,37,0.209,26.07,206
LA01295,Punjab,Ludhiana,Commercial,Compensation,171,65,8,0,2,69,42,0.105,3.41,144
LA01296,Uttar Pradesh,Varanasi,Residential,Possession,42,42,15,0,3,18,1,0.132,1.31,95
LA01297,Gujarat,Ahmedabad,Industrial,Compensation,472,177,25,0,12,42,48,0.188,18.66,226
LA01298,Madhya Pradesh,Jabalpur,Agricultural,Compensation,461,60,28,0,6,84,32,0.085,7.92,173
LA01299,Uttar Pradesh,Kanpur,Agricultural,Compensation,111,111,1,0,2,73,16,0.1,1.92,158
LA01300,Rajasthan,Udaipur,Agricultural,Notification,176,128,39,1,5,6,9,0.374,0.5,191
LA01301,Madhya Pradesh,Gwalior,Residential,Possession,379,126,19,0,8,15,61,0.02,2.82,182
LA01302,Maharashtra,Nashik,Residential,Objection,341,149,20,0,1,14,8,0.048,4.65,146
LA01303,Madhya Pradesh,Gwalior,Residential,Objection,303,153,37,0,4,4,16,0.289,2.34,178
LA01304,Punjab,Amritsar,Agricultural,Possession,495,44,57,0,9,30,57,0.354,14.76,228
LA01305,Uttar Pradesh,Lucknow,Agricultural,Compensation,326,79,52,1,9,26,51,0.404,3.28,244
LA01306,Madhya Pradesh,Indore,Residential,Notification,345,97,59,0,8,9,80,0.248,7.48,242
LA01307,Gujarat,Surat,Industrial,Notification,266,176,25,0,3,29,3,0.231,79.32,168
LA01308,Gujarat,Ahmedabad,Agricultural,Notification,277,12,8,0,1,8,15,0.02,8.31,68
LA01309,Maharashtra,Pune,Agricultural,Compensation,167,88,13,0,0,13,53,0.115,6.58,161
LA01310,Punjab,Bathinda,Agricultural,Notification,275,42,21,0,5,4,18,0.059,6.73,67
LA01311,Uttar Pradesh,Kanpur,Agricultural,Possession,462,41,19,0,2,18,30,0.138,14.43,103
LA01312,Maharashtra,Nashik,Agricultural,Possession,207,139,13,0,4,14,24,0.051,12.74,109
LA01313,Madhya Pradesh,Jabalpur,Agricultural,Compensation,92,40,10,0,0,39,65,0.175,2.71,168
LA01314,Punjab,Ludhiana,Residential,Compensation,312,144,12,1,3,102,63,0.263,4.9,219
LA01315,Punjab,Amritsar,Agricultural,Objection,399,179,40,0,1,28,65,0.176,3.79,192
LA01316,Gujarat,Rajkot,Agricultural,Notification,481,141,30,0,6,21,40,0.284,5.57,220
LA01317,Madhya Pradesh,Gwalior,Agricultural,Compensation,285,34,3,0,2,68,39,0.02,45.91,100
LA01318,Uttar Pradesh,Agra,Industrial,Notification,401,30,34,0,3,4,46,0.202,13.7,109
LA01319,Maharashtra,Nashik,Agricultural,Notification,147,81,51,1,14,2,5,0.337,6.82,200
LA01320,Maharashtra,Pune,Agricultural,Objection,229,101,26,0,1,7,44,0.232,25.65,156
LA01321,Rajasthan,Jaipur,Agricultural,Notification,227,141,20,0,3,22,22,0.207,8.92,145
LA01322,Gujarat,Ahmedabad,Residential,Objection,186,79,17,0,8,1,75,0.26,1.44,146
LA01323,Uttar Pradesh,Varanasi,Industrial,Compensation,367,34,23,0,6,110,14,0.179,39.02,174
LA01324,Punjab,Patiala,Agricultural,Possession,446,179,17,0,2,1,2,0.02,6.32,135
LA01325,Punjab,Amritsar,Agricultural,Compensation,183,164,56,0,7,27,78,0.256,0.77,302
LA01326,Gujarat,Rajkot,Agricultural,Possession,93,93,60,0,2,25,12,0.419,1.49,224
LA01327,Madhya Pradesh,Bhopal,Residential,Objection,418,127,21,0,6,16,41,0.14,22.82,157
LA01328,Rajasthan,Jaipur,Industrial,Possession,430,169,56,0,14,28,30,0.151,1.52,259
LA01329,Madhya Pradesh,Indore,Agricultural,Compensation,470,88,52,0,4,12,21,0.306,28.48,232
LA01330,Maharashtra,Aurangabad,Agricultural,Objection,150,30,5,0,1,23,39,0.141,8.01,119
LA01331,Maharashtra,Nagpur,Commercial,Possession,368,111,30,0,6,9,59,0.139,15.09,161
LA01332,Madhya Pradesh,Jabalpur,Residential,Objection,367,84,40,1,15,26,9,0.33,5.72,253
LA01333,Maharashtra,Pune,Agricultural,Notification,402,145,26,0,4,19,53,0.111,12.47,155
LA01334,Madhya Pradesh,Jabalpur,Agricultural,Objection,409,140,28,0,5,2,72,0.23,10.14,158
LA01335,Uttar Pradesh,Lucknow,Agricultural,Objection,478,87,30,0,5,2,23,0.2,7.11,123
LA01336,Punjab,Ludhiana,Commercial,Objection,254,69,42,1,15,27,54,0.264,2.55,270
LA01337,Uttar Pradesh,Kanpur,Residential,Compensation,65,65,18,0,3,97,74,0.148,10.58,213
LA01338,Gujarat,Ahmedabad,Residential,Possession,120,116,36,1,15,14,75,0.277,1.2,234
LA01339,Madhya Pradesh,Jabalpur,Commercial,Objection,447,117,15,0,5,23,52,0.259,18.76,165
LA01340,Maharashtra,Aurangabad,Agricultural,Compensation,427,95,54,1,9,115,76,0.458,9.0,285
LA01341,Uttar Pradesh,Kanpur,Agricultural,Objection,35,35,6,0,1,0,62,0.093,11.75,102
LA01342,Rajasthan,Jodhpur,Agricultural,Possession,203,179,5,1,5,19,41,0.214,0.54,168
LA01343,Rajasthan,Jaipur,Industrial,Notification,145,49,3,0,1,28,10,0.174,2.4,51
LA01344,Uttar Pradesh,Kanpur,Residential,Notification,181,35,21,1,8,10,69,0.256,4.46,161
LA01345,Gujarat,Vadodara,Agricultural,Compensation,330,145,37,0,3,110,23,0.276,14.49,216
LA01346,Punjab,Bathinda,Agricultural,Compensation,270,169,60,1,20,64,59,0.548,2.88,374
LA01347,Punjab,Patiala,Residential,Compensation,256,112,28,0,4,54,52,0.147,94.44,184
LA01348,Madhya Pradesh,Bhopal,Residential,Compensation,234,75,11,0,4,47,29,0.258,5.68,162
LA01349,Madhya Pradesh,Bhopal,Residential,Compensation,332,66,23,0,5,26,62,0.279,2.68,169
LA01350,Uttar Pradesh,Varanasi,Agricultural,Objection,351,87,8,0,3,12,53,0.134,6.13,77
LA01351,Rajasthan,Jaipur,Industrial,Notification,50,14,29,0,7,19,60,0.16,2.85,158
LA01352,Maharashtra,Aurangabad,Commercial,Notification,94,94,44,0,11,15,77,0.275,2.26,238
LA01353,Maharashtra,Pune,Residential,Notification,190,52,3,0,2,30,22,0.075,20.31,69
LA01354,Punjab,Patiala,Residential,Objection,235,51,47,0,4,30,61,0.189,12.34,202
LA01355,Gujarat,Rajkot,Industrial,Compensation,499,103,14,0,3,50,3,0.178,12.38,167
LA01356,Maharashtra,Nashik,Industrial,Objection,449,174,41,0,5,1,57,0.152,26.49,228
LA01357,Maharashtra,Pune,Residential,Compensation,335,41,49,0,11,48,12,0.246,12.02,256
LA01358,Rajasthan,Udaipur,Agricultural,Compensation,46,46,47,0,7,18,17,0.232,2.54,205
LA01359,Rajasthan,Jaipur,Agricultural,Compensation,77,77,41,0,4,114,15,0.122,15.01,210
LA01360,Maharashtra,Nagpur,Commercial,Compensation,245,176,42,0,4,21,67,0.288,2.39,264
LA01361,Rajasthan,Udaipur,Residential,Objection,306,72,12,0,2,18,30,0.108,4.58,109
LA01362,Rajasthan,Kota,Agricultural,Objection,341,180,9,0,0,0,31,0.215,7.06,121
LA01363,Maharashtra,Pune,Agricultural,Compensation,96,96,23,0,1,41,29,0.143,6.38,185
LA01364,Gujarat,Rajkot,Industrial,Compensation,448,122,37,0,10,120,50,0.197,1.23,274
LA01365,Uttar Pradesh,Lucknow,Industrial,Objection,262,104,38,0,5,11,74,0.151,2.81,165
LA01366,Rajasthan,Kota,Industrial,Objection,309,84,47,0,6,13,54,0.26,7.22,199
LA01367,Gujarat,Vadodara,Agricultural,Compensation,48,48,19,0,3,100,8,0.156,4.01,173
LA01368,Maharashtra,Nashik,Commercial,Compensation,418,154,52,0,12,119,41,0.345,22.79,289
LA01369,Punjab,Amritsar,Commercial,Notification,285,144,27,0,4,11,8,0.188,27.04,147
LA01370,Uttar Pradesh,Lucknow,Agricultural,Objection,134,9,15,1,5,7,13,0.41,2.41,180
LA01371,Punjab,Bathinda,Agricultural,Possession,180,127,45,0,8,7,15,0.29,7.84,198
LA01372,Maharashtra,Pune,Industrial,Notification,196,151,8,0,0,1,56,0.029,35.97,136
LA01373,Maharashtra,Nashik,Agricultural,Possession,42,42,25,0,3,27,70,0.088,6.46,163
LA01374,Maharashtra,Nagpur,Residential,Notification,473,92,47,0,12,9,20,0.311,4.92,188
LA01375,Punjab,Patiala,Residential,Compensation,408,64,47,1,7,46,76,0.277,17.47,262
LA01376,Punjab,Patiala,Residential,Objection,447,123,16,0,4,25,21,0.192,5.62,189
LA01377,Punjab,Patiala,Agricultural,Notification,196,121,10,0,3,14,24,0.193,26.33,124
LA01378,Madhya Pradesh,Gwalior,Residential,Possession,292,70,2,0,0,25,10,0.161,4.08,131
LA01379,Uttar Pradesh,Varanasi,Agricultural,Compensation,245,76,6,0,3,2,3,0.037,4.6,91
LA01380,Uttar Pradesh,Agra,Commercial,Possession,253,69,50,0,6,5,50,0.341,16.28,244
LA01381,Punjab,Bathinda,Agricultural,Objection,307,12,48,0,8,27,33,0.29,8.17,187
LA01382,Gujarat,Rajkot,Residential,Possession,242,10,31,0,5,20,9,0.15,8.24,123
LA01383,Maharashtra,Aurangabad,Commercial,Possession,394,19,35,0,7,21,45,0.204,1.09,176
LA01384,Punjab,Bathinda,Agricultural,Compensation,57,57,20,1,3,112,27,0.294,5.19,199
LA01385,Maharashtra,Aurangabad,Agricultural,Objection,120,94,12,0,1,0,31,0.07,17.53,108
LA01386,Gujarat,Ahmedabad,Commercial,Compensation,450,76,1,0,0,16,72,0.108,3.37,134
LA01387,Uttar Pradesh,Varanasi,Agricultural,Compensation,445,173,41,0,7,39,32,0.353,14.89,219
LA01388,Gujarat,Vadodara,Agricultural,Possession,415,44,3,0,2,3,36,0.172,9.66,68
LA01389,Punjab,Amritsar,Agricultural,Objection,203,74,7,0,2,13,55,0.115,6.05,123
LA01390,Punjab,Patiala,Industrial,Objection,244,48,48,0,9,0,72,0.285,28.72,229
LA01391,Gujarat,Surat,Residential,Notification,41,41,35,0,3,10,59,0.165,5.26,151
LA01392,Uttar Pradesh,Kanpur,Agricultural,Compensation,161,107,30,1,11,41,39,0.266,5.64,238
LA01393,Punjab,Bathinda,Industrial,Possession,372,59,14,0,2,7,24,0.02,5.98,109
LA01394,Madhya Pradesh,Bhopal,Agricultural,Notification,191,60,9,0,3,25,14,0.138,8.01,107
LA01395,Gujarat,Surat,Agricultural,Compensation,256,123,28,0,2,54,10,0.237,15.91,163
LA01396,Uttar Pradesh,Varanasi,Agricultural,Possession,88,88,22,0,5,25,61,0.161,1.69,144
LA01397,Uttar Pradesh,Agra,Agricultural,Notification,263,42,33,0,9,27,59,0.143,17.6,155
LA01398,Uttar Pradesh,Varanasi,Agricultural,Notification,369,24,10,0,2,16,28,0.124,7.91,80
LA01399,Rajasthan,Jaipur,Residential,Compensation,299,47,14,1,4,59,76,0.344,12.86,156
LA01400,Gujarat,Vadodara,Agricultural,Compensation,292,106,7,0,1,107,78,0.178,80.79,156
LA01401,Punjab,Bathinda,Residential,Notification,460,173,26,1,6,20,50,0.281,4.43,208
LA01402,Gujarat,Rajkot,Agricultural,Possession,140,33,17,0,1,25,21,0.305,2.17,131
LA01403,Gujarat,Ahmedabad,Agricultural,Compensation,171,12,14,0,4,105,41,0.353,8.97,157
LA01404,Gujarat,Rajkot,Agricultural,Possession,323,97,33,0,6,6,66,0.169,10.51,162
LA01405,Gujarat,Surat,Residential,Possession,256,179,30,0,6,21,41,0.177,17.67,211
LA01406,Rajasthan,Jodhpur,Residential,Possession,491,102,13,0,3,4,40,0.187,4.31,124
LA01407,Maharashtra,Nashik,Agricultural,Compensation,58,58,42,1,9,58,43,0.272,3.22,256
LA01408,Punjab,Patiala,Agricultural,Objection,87,87,21,0,3,2,68,0.227,1.6,146
LA01409,Rajasthan,Kota,Agricultural,Compensation,191,10,21,0,5,23,33,0.172,1.88,116
LA01410,Gujarat,Surat,Commercial,Notification,245,80,29,0,10,26,14,0.231,4.87,192
LA01411,Rajasthan,Jaipur,Agricultural,Compensation,449,140,9,0,5,94,41,0.075,6.58,203
LA01412,Uttar Pradesh,Varanasi,Commercial,Notification,262,94,26,0,8,22,51,0.124,58.27,147
LA01413,Gujarat,Ahmedabad,Agricultural,Compensation,235,39,35,0,5,9,75,0.054,1.36,178
LA01414,Madhya Pradesh,Bhopal,Agricultural,Notification,108,36,8,0,6,19,9,0.239,10.33,84
LA01415,Uttar Pradesh,Kanpur,Residential,Objection,234,121,34,0,6,3,76,0.286,3.58,215
LA01416,Madhya Pradesh,Indore,Agricultural,Objection,280,86,3,1,5,22,65,0.254,9.23,132
LA01417,Uttar Pradesh,Kanpur,Agricultural,Compensation,304,106,37,0,3,1,57,0.243,4.25,213
LA01418,Maharashtra,Aurangabad,Industrial,Compensation,315,70,3,0,0,115,19,0.02,20.81,159
LA01419,Punjab,Ludhiana,Agricultural,Notification,232,64,11,0,2,19,16,0.062,20.68,69
LA01420,Maharashtra,Nashik,Agricultural,Possession,104,104,22,0,6,11,34,0.149,6.6,149
LA01421,Punjab,Patiala,Agricultural,Possession,101,6,37,0,4,15,14,0.131,31.16,152
LA01422,Punjab,Bathinda,Agricultural,Objection,102,81,44,0,9,25,53,0.117,15.8,182
LA01423,Uttar Pradesh,Kanpur,Commercial,Compensation,321,70,29,0,5,61,60,0.113,29.74,187
LA01424,Madhya Pradesh,Indore,Agricultural,Objection,433,142,8,0,1,28,38,0.114,7.08,145
LA01425,Gujarat,Vadodara,Industrial,Notification,445,133,24,0,5,12,56,0.178,19.14,162
LA01426,Madhya Pradesh,Jabalpur,Residential,Compensation,176,79,48,0,9,28,63,0.339,3.43,217
LA01427,Madhya Pradesh,Indore,Industrial,Notification,67,51,6,0,2,0,73,0.27,3.1,97
LA01428,Punjab,Bathinda,Commercial,Possession,326,46,43,0,6,3,55,0.297,65.35,221
LA01429,Gujarat,Rajkot,Industrial,Possession,48,42,24,0,3,8,18,0.156,2.49,161
LA01430,Madhya Pradesh,Indore,Residential,Possession,325,53,1,0,2,30,10,0.232,4.78,81
LA01431,Maharashtra,Pune,Agricultural,Compensation,210,138,42,0,3,85,76,0.106,1.11,227
LA01432,Gujarat,Rajkot,Agricultural,Compensation,425,12,2,0,2,34,62,0.02,3.17,89
LA01433,Gujarat,Ahmedabad,Residential,Possession,324,9,23,0,5,26,68,0.1,2.73,163
LA01434,Uttar Pradesh,Agra,Agricultural,Objection,378,100,12,0,6,9,34,0.199,3.78,151
LA01435,Gujarat,Ahmedabad,Residential,Notification,221,44,36,0,6,25,12,0.231,9.97,177
LA01436,Rajasthan,Kota,Agricultural,Compensation,425,151,4,1,8,66,48,0.12,12.69,214
LA01437,Maharashtra,Nashik,Commercial,Objection,277,137,6,0,0,4,51,0.043,2.7,103
LA01438,Uttar Pradesh,Kanpur,Agricultural,Objection,324,140,32,1,10,0,17,0.213,3.35,189
LA01439,Gujarat,Rajkot,Industrial,Notification,199,85,60,1,8,3,38,0.307,21.83,226
LA01440,Punjab,Bathinda,Agricultural,Compensation,241,82,3,0,2,45,34,0.219,40.66,123
LA01441,Madhya Pradesh,Jabalpur,Agricultural,Objection,425,79,28,0,4,2,21,0.175,25.94,133
LA01442,Uttar Pradesh,Lucknow,Commercial,Notification,215,39,49,0,4,18,66,0.401,1.42,187
LA01443,Punjab,Amritsar,Commercial,Notification,40,40,18,1,5,18,39,0.182,24.27,152
LA01444,Maharashtra,Pune,Residential,Objection,208,156,30,0,5,7,75,0.234,47.17,207
LA01445,Rajasthan,Udaipur,Industrial,Possession,214,50,51,0,8,1,0,0.293,1.36,211
LA01446,Rajasthan,Kota,Agricultural,Objection,227,14,44,0,5,5,76,0.314,21.82,184
LA01447,Punjab,Amritsar,Commercial,Compensation,63,63,18,1,5,66,53,0.273,9.26,193
LA01448,Punjab,Patiala,Agricultural,Compensation,90,75,46,0,7,6,56,0.334,5.33,224
LA01449,Madhya Pradesh,Gwalior,Agricultural,Objection,182,145,41,0,3,28,23,0.274,8.22,177
LA01450,Rajasthan,Jodhpur,Agricultural,Possession,229,155,31,0,3,13,6,0.107,11.51,122
LA01451,Gujarat,Surat,Agricultural,Compensation,43,43,27,0,3,67,18,0.239,23.51,180
LA01452,Rajasthan,Jaipur,Residential,Compensation,213,74,56,1,9,97,35,0.386,22.33,313
LA01453,Rajasthan,Jodhpur,Residential,Notification,180,163,53,1,12,2,27,0.327,1.64,260
LA01454,Gujarat,Surat,Agricultural,Notification,46,25,60,0,10,6,15,0.366,3.86,188
LA01455,Uttar Pradesh,Varanasi,Industrial,Possession,147,70,41,0,4,14,1,0.305,8.11,149
LA01456,Rajasthan,Udaipur,Agricultural,Compensation,159,51,22,0,2,81,56,0.122,35.6,190
LA01457,Punjab,Bathinda,Agricultural,Possession,97,97,7,0,1,7,54,0.078,0.5,115
LA01458,Maharashtra,Pune,Residential,Possession,384,110,8,0,0,30,13,0.02,4.01,112
LA01459,Gujarat,Rajkot,Agricultural,Notification,64,64,58,0,10,19,63,0.159,1.6,211
LA01460,Uttar Pradesh,Agra,Agricultural,Compensation,302,31,22,0,4,37,79,0.146,1.88,151
LA01461,Madhya Pradesh,Indore,Residential,Compensation,343,142,7,1,2,81,80,0.272,19.8,194
LA01462,Gujarat,Rajkot,Agricultural,Compensation,409,120,14,0,6,51,15,0.095,4.34,168
LA01463,Rajasthan,Udaipur,Agricultural,Notification,286,155,2,0,1,21,34,0.203,0.72,104
LA01464,Rajasthan,Jaipur,Residential,Objection,285,82,32,0,5,26,4,0.186,6.31,157
LA01465,Punjab,Amritsar,Agricultural,Compensation,388,31,36,0,1,117,0,0.192,56.59,216
LA01466,Rajasthan,Kota,Commercial,Compensation,432,63,23,1,4,85,68,0.245,1.21,220
LA01467,Uttar Pradesh,Kanpur,Commercial,Compensation,129,114,45,0,6,52,78,0.328,12.59,218
LA01468,Maharashtra,Nashik,Agricultural,Objection,404,47,29,0,9,28,16,0.123,35.44,143
LA01469,Madhya Pradesh,Gwalior,Agricultural,Objection,247,17,58,0,7,6,37,0.287,7.03,180
LA01470,Rajasthan,Udaipur,Agricultural,Possession,76,76,46,0,11,15,1,0.219,50.81,188
LA01471,Punjab,Ludhiana,Residential,Objection,318,98,5,0,1,15,66,0.055,3.82,92
LA01472,Madhya Pradesh,Gwalior,Agricultural,Objection,490,74,17,0,5,17,44,0.152,31.37,144
LA01473,Maharashtra,Nagpur,Industrial,Compensation,96,96,46,1,12,35,23,0.356,24.78,262
LA01474,Gujarat,Rajkot,Agricultural,Objection,36,36,33,0,8,16,78,0.296,7.15,170
LA01475,Punjab,Amritsar,Residential,Compensation,461,5,46,0,11,74,11,0.262,1.67,219
LA01476,Gujarat,Ahmedabad,Agricultural,Objection,311,82,21,0,8,7,21,0.214,2.71,146
LA01477,Maharashtra,Nagpur,Agricultural,Possession,133,49,3,0,0,19,60,0.104,0.71,85
LA01478,Maharashtra,Nagpur,Agricultural,Possession,403,21,48,0,11,24,33,0.382,13.39,194
LA01479,Gujarat,Surat,Residential,Possession,215,11,48,0,5,20,56,0.234,11.87,180
LA01480,Maharashtra,Aurangabad,Industrial,Compensation,186,82,39,1,5,71,19,0.303,8.0,246
LA01481,Rajasthan,Udaipur,Agricultural,Objection,166,100,25,1,6,7,53,0.339,6.54,195
LA01482,Rajasthan,Jaipur,Agricultural,Compensation,311,94,1,0,2,111,45,0.062,28.72,170
LA01483,Gujarat,Rajkot,Agricultural,Possession,93,93,44,0,5,29,3,0.284,9.95,177
LA01484,Rajasthan,Jaipur,Agricultural,Compensation,200,85,40,0,1,81,26,0.409,4.24,224
LA01485,Maharashtra,Nashik,Industrial,Compensation,173,108,41,0,4,2,24,0.153,8.56,244
LA01486,Punjab,Ludhiana,Industrial,Compensation,58,58,11,0,2,30,47,0.245,57.25,146
LA01487,Rajasthan,Jodhpur,Industrial,Compensation,389,120,44,0,8,68,35,0.211,13.77,249
LA01488,Rajasthan,Udaipur,Agricultural,Compensation,33,33,44,0,4,102,38,0.349,5.0,201
LA01489,Rajasthan,Jodhpur,Agricultural,Objection,482,44,52,1,8,11,13,0.433,7.07,208
LA01490,Uttar Pradesh,Kanpur,Residential,Compensation,74,74,35,0,10,6,75,0.271,11.74,212
LA01491,Gujarat,Ahmedabad,Agricultural,Compensation,198,127,44,0,4,115,60,0.23,4.85,270
LA01492,Maharashtra,Nagpur,Residential,Notification,76,76,25,0,6,6,54,0.159,4.44,155
LA01493,Rajasthan,Jodhpur,Agricultural,Possession,202,5,42,1,11,27,22,0.291,7.31,197
LA01494,Gujarat,Vadodara,Agricultural,Compensation,317,100,42,0,5,13,55,0.238,33.75,228
LA01495,Maharashtra,Aurangabad,Industrial,Notification,71,71,47,1,11,0,19,0.352,16.3,196
LA01496,Maharashtra,Nagpur,Agricultural,Possession,277,118,52,1,14,4,39,0.405,4.91,269
LA01497,Uttar Pradesh,Lucknow,Industrial,Compensation,393,5,1,0,1,26,21,0.02,17.62,83
LA01498,Madhya Pradesh,Indore,Agricultural,Compensation,244,55,47,0,4,77,24,0.254,7.45,220
LA01499,Maharashtra,Pune,Agricultural,Objection,82,82,48,0,5,20,52,0.359,10.43,205
LA01500,Punjab,Amritsar,Agricultural,Possession,355,147,33,0,4,24,25,0.279,9.52,171
LA01501,Uttar Pradesh,Lucknow,Agricultural,Objection,117,83,32,0,5,20,59,0.204,0.9,153
LA01502,Gujarat,Vadodara,Agricultural,Compensation,37,37,44,0,11,98,40,0.461,0.5,255
LA01503,Gujarat,Surat,Agricultural,Notification,235,145,28,0,6,3,79,0.144,9.27,182
LA01504,Gujarat,Ahmedabad,Residential,Compensation,157,52,25,0,1,68,15,0.163,3.15,160
LA01505,Uttar Pradesh,Lucknow,Industrial,Compensation,43,39,49,1,7,4,76,0.249,1.43,238
LA01506,Gujarat,Rajkot,Agricultural,Compensation,396,163,48,1,9,28,10,0.334,3.25,259
LA01507,Punjab,Bathinda,Agricultural,Compensation,312,108,13,0,6,69,44,0.281,18.63,194
LA01508,Maharashtra,Aurangabad,Agricultural,Possession,458,154,50,0,8,29,30,0.242,10.57,233
LA01509,Punjab,Ludhiana,Commercial,Compensation,256,167,20,0,8,64,60,0.044,15.99,214
LA01510,Madhya Pradesh,Indore,Residential,Objection,236,79,9,0,4,20,10,0.189,11.62,135
LA01511,Maharashtra,Aurangabad,Agricultural,Possession,426,13,53,0,7,15,20,0.311,2.95,194
LA01512,Gujarat,Vadodara,Agricultural,Compensation,68,68,15,0,3,60,18,0.205,16.06,124
LA01513,Madhya Pradesh,Bhopal,Agricultural,Possession,200,107,13,0,7,20,74,0.116,13.27,149
LA01514,Gujarat,Ahmedabad,Agricultural,Possession,406,26,17,0,4,13,43,0.067,6.57,87
LA01515,Gujarat,Surat,Agricultural,Possession,167,98,30,1,12,7,13,0.294,7.84,197
LA01516,Punjab,Bathinda,Industrial,Compensation,446,9,10,0,4,64,63,0.167,16.32,87
LA01517,Maharashtra,Pune,Agricultural,Compensation,163,56,10,0,2,71,23,0.113,3.49,138
LA01518,Rajasthan,Udaipur,Agricultural,Notification,224,66,24,0,7,4,18,0.209,21.93,140
LA01519,Maharashtra,Nagpur,Agricultural,Compensation,452,84,14,0,2,70,40,0.09,13.0,153
LA01520,Maharashtra,Aurangabad,Residential,Compensation,144,104,12,1,7,37,64,0.27,7.41,180
LA01521,Punjab,Bathinda,Agricultural,Compensation,485,152,55,1,7,21,68,0.386,34.17,329
LA01522,Madhya Pradesh,Indore,Agricultural,Possession,50,50,36,0,9,1,1,0.168,2.03,170
LA01523,Gujarat,Rajkot,Agricultural,Notification,155,134,1,0,1,5,72,0.097,4.66,94
LA01524,Rajasthan,Jaipur,Residential,Objection,308,170,7,0,3,21,80,0.08,3.74,154
LA01525,Uttar Pradesh,Agra,Agricultural,Compensation,309,136,49,1,11,120,25,0.423,10.57,276
LA01526,Rajasthan,Jaipur,Industrial,Objection,458,49,17,0,1,10,41,0.211,24.1,134
LA01527,Gujarat,Ahmedabad,Agricultural,Notification,482,124,10,1,8,5,30,0.271,2.76,126
LA01528,Rajasthan,Jaipur,Agricultural,Notification,349,54,40,0,5,1,38,0.099,201.44,160
LA01529,Rajasthan,Jaipur,Industrial,Possession,340,89,51,0,14,6,52,0.209,3.81,248
LA01530,Punjab,Ludhiana,Commercial,Compensation,179,116,24,0,3,101,52,0.119,10.6,212
LA01531,Rajasthan,Jodhpur,Agricultural,Notification,409,56,45,0,4,2,38,0.182,7.41,138
LA01532,Rajasthan,Jaipur,Commercial,Notification,332,5,26,0,2,20,38,0.132,7.74,136
LA01533,Punjab,Ludhiana,Agricultural,Compensation,41,41,7,0,2,51,39,0.183,3.35,126
LA01534,Gujarat,Rajkot,Agricultural,Notification,421,133,48,0,3,29,33,0.31,21.49,206
LA01535,Madhya Pradesh,Bhopal,Commercial,Compensation,199,26,56,0,11,60,9,0.264,3.15,225
LA01536,Rajasthan,Jaipur,Commercial,Compensation,254,71,60,0,10,117,30,0.357,1.26,298
LA01537,Rajasthan,Jaipur,Agricultural,Objection,258,51,7,0,1,27,57,0.133,2.41,103
LA01538,Rajasthan,Jaipur,Residential,Compensation,416,177,34,1,9,44,79,0.314,31.35,258
LA01539,Madhya Pradesh,Gwalior,Agricultural,Notification,156,156,38,0,8,13,65,0.321,25.8,235
LA01540,Uttar Pradesh,Varanasi,Agricultural,Objection,214,126,5,1,3,30,69,0.151,0.99,189
LA01541,Maharashtra,Nagpur,Industrial,Possession,48,48,58,1,11,16,63,0.409,16.67,276
LA01542,Gujarat,Vadodara,Agricultural,Compensation,194,14,7,0,4,71,40,0.028,1.02,135
LA01543,Rajasthan,Jaipur,Residential,Possession,71,48,17,0,3,30,55,0.065,7.19,156
LA01544,Uttar Pradesh,Varanasi,Residential,Objection,304,21,59,1,8,22,67,0.294,2.21,223
LA01545,Gujarat,Ahmedabad,Residential,Objection,450,143,34,0,6,18,18,0.132,18.01,171
LA01546,Uttar Pradesh,Kanpur,Agricultural,Compensation,248,20,41,1,12,67,12,0.354,12.87,225
LA01547,Madhya Pradesh,Indore,Industrial,Compensation,459,124,30,0,2,100,21,0.165,19.68,220
LA01548,Punjab,Bathinda,Residential,Possession,490,172,46,0,9,30,42,0.237,5.5,237
LA01549,Maharashtra,Nashik,Residential,Notification,55,55,5,0,2,21,63,0.078,6.1,74
LA01550,Rajasthan,Kota,Agricultural,Possession,273,125,41,0,9,9,36,0.383,1.65,212
LA01551,Gujarat,Surat,Agricultural,Possession,278,159,4,0,6,0,79,0.02,2.64,134
LA01552,Punjab,Patiala,Agricultural,Compensation,211,80,11,0,4,17,26,0.027,19.08,142
LA01553,Uttar Pradesh,Varanasi,Agricultural,Objection,421,83,31,1,9,15,37,0.239,10.67,196
LA01554,Uttar Pradesh,Kanpur,Agricultural,Compensation,216,40,27,0,3,51,74,0.175,8.2,140
LA01555,Maharashtra,Nashik,Residential,Objection,55,55,10,0,3,28,13,0.162,26.1,119
LA01556,Rajasthan,Jodhpur,Industrial,Compensation,288,158,48,1,15,60,67,0.427,2.01,355
LA01557,Punjab,Patiala,Agricultural,Compensation,125,121,19,0,2,61,12,0.226,15.18,175
LA01558,Madhya Pradesh,Indore,Agricultural,Possession,197,40,52,0,8,22,73,0.269,2.27,226
LA01559,Punjab,Ludhiana,Residential,Compensation,266,97,1,0,2,99,26,0.056,32.39,136
LA01560,Punjab,Amritsar,Agricultural,Compensation,370,129,15,1,3,115,51,0.369,12.74,241
LA01561,Gujarat,Ahmedabad,Industrial,Compensation,161,18,18,0,4,53,57,0.02,19.39,133
LA01562,Gujarat,Ahmedabad,Agricultural,Compensation,209,139,36,0,3,83,30,0.217,3.66,222
LA01563,Gujarat,Surat,Agricultural,Possession,61,40,25,0,11,21,44,0.224,65.5,151
LA01564,Punjab,Bathinda,Agricultural,Notification,210,56,10,0,3,28,61,0.271,54.52,123
LA01565,Uttar Pradesh,Varanasi,Industrial,Possession,303,78,35,0,7,10,70,0.084,11.36,163
LA01566,Maharashtra,Nashik,Agricultural,Possession,320,93,58,0,8,23,8,0.265,23.93,192
LA01567,Punjab,Amritsar,Residential,Possession,168,166,9,0,3,2,40,0.02,5.46,142
LA01568,Uttar Pradesh,Lucknow,Agricultural,Compensation,58,44,16,1,8,25,69,0.108,2.08,179
LA01569,Punjab,Bathinda,Agricultural,Possession,301,50,29,0,7,9,45,0.179,16.38,151
LA01570,Punjab,Ludhiana,Industrial,Objection,338,71,44,1,8,29,2,0.417,2.95,242
LA01571,Rajasthan,Udaipur,Agricultural,Compensation,70,70,9,0,6,60,10,0.22,27.39,144
LA01572,Maharashtra,Aurangabad,Agricultural,Notification,267,174,14,0,4,6,66,0.094,21.07,153
LA01573,Madhya Pradesh,Gwalior,Agricultural,Objection,74,74,15,0,2,17,34,0.19,9.35,118
LA01574,Madhya Pradesh,Indore,Industrial,Objection,243,126,37,0,6,2,57,0.206,8.84,197
LA01575,Rajasthan,Udaipur,Agricultural,Objection,331,166,5,0,1,3,72,0.144,19.87,146
LA01576,Gujarat,Vadodara,Agricultural,Objection,368,154,40,0,4,13,7,0.32,9.72,242
LA01577,Uttar Pradesh,Kanpur,Industrial,Possession,366,124,26,0,2,19,36,0.159,4.93,176
LA01578,Madhya Pradesh,Jabalpur,Residential,Objection,387,100,20,0,0,18,11,0.236,1.62,149
LA01579,Rajasthan,Udaipur,Industrial,Compensation,143,143,52,0,9,48,68,0.183,19.28,289
LA01580,Uttar Pradesh,Lucknow,Commercial,Notification,428,47,50,0,5,21,36,0.318,10.66,149
LA01581,Gujarat,Rajkot,Residential,Compensation,194,68,49,1,9,54,71,0.452,116.24,288
LA01582,Gujarat,Rajkot,Agricultural,Compensation,206,130,54,0,7,78,24,0.357,6.71,287
LA01583,Uttar Pradesh,Lucknow,Agricultural,Objection,400,8,15,0,2,1,11,0.042,9.99,81
LA01584,Maharashtra,Nashik,Residential,Compensation,184,93,52,0,5,107,70,0.256,10.23,271
LA01585,Uttar Pradesh,Varanasi,Residential,Possession,65,65,11,0,4,16,49,0.151,14.16,104
LA01586,Gujarat,Ahmedabad,Industrial,Possession,366,36,20,0,2,24,15,0.189,2.81,111
LA01587,Madhya Pradesh,Indore,Residential,Objection,341,146,34,0,2,23,56,0.212,6.84,184
LA01588,Rajasthan,Kota,Agricultural,Compensation,304,77,45,1,14,66,33,0.48,16.91,296
LA01589,Punjab,Patiala,Agricultural,Compensation,97,97,35,0,11,63,3,0.121,5.3,235
LA01590,Rajasthan,Udaipur,Residential,Objection,327,116,34,0,4,29,21,0.188,16.28,219
LA01591,Madhya Pradesh,Bhopal,Agricultural,Possession,123,32,23,0,3,0,60,0.031,8.14,98
LA01592,Maharashtra,Nashik,Commercial,Objection,291,134,36,0,5,10,10,0.266,11.04,184
LA01593,Maharashtra,Aurangabad,Residential,Possession,269,14,29,0,5,23,27,0.236,23.36,126
LA01594,Rajasthan,Kota,Agricultural,Notification,393,47,29,0,6,19,21,0.461,5.89,131
LA01595,Madhya Pradesh,Bhopal,Residential,Notification,489,161,36,0,11,24,59,0.31,1.73,205
LA01596,Rajasthan,Jodhpur,Residential,Possession,119,119,37,0,4,23,69,0.244,5.66,192
LA01597,Uttar Pradesh,Agra,Industrial,Possession,84,13,20,0,6,29,63,0.182,3.24,152
LA01598,Madhya Pradesh,Gwalior,Agricultural,Possession,291,71,9,0,5,16,57,0.096,0.88,103
LA01599,Punjab,Amritsar,Residential,Possession,478,21,18,0,8,25,7,0.169,6.64,139
LA01600,Madhya Pradesh,Gwalior,Agricultural,Objection,104,52,25,1,9,4,74,0.308,9.02,210
LA01601,Gujarat,Surat,Agricultural,Objection,259,175,10,0,6,5,13,0.02,20.51,145
LA01602,Madhya Pradesh,Gwalior,Agricultural,Notification,221,39,11,0,2,1,32,0.138,2.36,103
LA01603,Madhya Pradesh,Bhopal,Industrial,Compensation,179,117,58,1,12,47,67,0.415,8.07,292
LA01604,Gujarat,Vadodara,Industrial,Objection,342,146,17,0,3,3,19,0.286,22.83,150
LA01605,Rajasthan,Udaipur,Agricultural,Possession,169,160,45,0,7,25,17,0.241,4.16,220
LA01606,Punjab,Ludhiana,Residential,Notification,262,67,8,0,3,15,2,0.053,12.63,87
LA01607,Rajasthan,Jodhpur,Agricultural,Notification,428,127,59,0,7,13,29,0.322,36.51,252
LA01608,Uttar Pradesh,Kanpur,Residential,Objection,208,90,13,1,4,19,40,0.239,1.15,142
LA01609,Gujarat,Vadodara,Agricultural,Notification,39,23,24,1,5,11,37,0.264,9.71,127
LA01610,Rajasthan,Kota,Residential,Objection,446,44,47,0,4,17,3,0.15,23.64,168
LA01611,Madhya Pradesh,Gwalior,Agricultural,Compensation,159,136,13,0,4,85,16,0.121,5.2,167
LA01612,Rajasthan,Kota,Residential,Objection,394,125,33,0,10,22,0,0.169,29.57,172
LA01613,Madhya Pradesh,Gwalior,Agricultural,Compensation,389,96,48,1,9,68,18,0.349,13.93,257
LA01614,Madhya Pradesh,Bhopal,Residential,Possession,277,142,2,0,1,1,48,0.148,43.35,114
LA01615,Rajasthan,Udaipur,Residential,Compensation,71,71,2,0,3,22,0,0.039,13.23,130
LA01616,Gujarat,Surat,Agricultural,Compensation,477,64,48,0,6,10,13,0.242,47.11,182
LA01617,Madhya Pradesh,Bhopal,Agricultural,Objection,350,56,16,0,3,18,44,0.185,9.97,140
LA01618,Uttar Pradesh,Agra,Commercial,Notification,229,171,55,0,9,23,45,0.269,1.88,276
LA01619,Rajasthan,Jodhpur,Residential,Objection,432,176,56,1,10,25,72,0.605,3.93,309
LA01620,Punjab,Ludhiana,Agricultural,Possession,401,10,53,0,12,24,46,0.309,20.46,209
LA01621,Gujarat,Rajkot,Agricultural,Compensation,388,144,60,0,4,55,74,0.199,20.06,286
LA01622,Rajasthan,Jaipur,Agricultural,Objection,109,28,50,0,9,21,58,0.206,5.42,206
LA01623,Punjab,Amritsar,Residential,Compensation,328,156,24,1,4,10,44,0.197,44.89,215
LA01624,Rajasthan,Jodhpur,Residential,Possession,164,108,60,0,10,23,31,0.244,5.19,230
LA01625,Uttar Pradesh,Varanasi,Agricultural,Compensation,66,66,21,0,1,49,9,0.198,11.73,161
LA01626,Punjab,Patiala,Residential,Compensation,189,128,36,0,4,69,57,0.125,11.41,220
LA01627,Uttar Pradesh,Varanasi,Residential,Possession,78,78,1,0,1,1,75,0.059,1.95,97
LA01628,Uttar Pradesh,Lucknow,Commercial,Compensation,79,49,58,0,13,88,29,0.4,6.62,286
LA01629,Maharashtra,Aurangabad,Agricultural,Compensation,372,147,36,1,1,114,28,0.266,79.86,272
LA01630,Rajasthan,Udaipur,Agricultural,Notification,266,102,57,0,9,19,7,0.351,2.94,250
LA01631,Uttar Pradesh,Agra,Agricultural,Notification,217,100,22,0,1,4,48,0.024,13.81,104
LA01632,Punjab,Patiala,Agricultural,Possession,120,61,19,0,6,9,25,0.129,2.33,124
LA01633,Rajasthan,Jaipur,Agricultural,Compensation,393,6,32,1,6,65,0,0.233,2.91,157
LA01634,Punjab,Bathinda,Agricultural,Objection,328,102,52,0,3,0,0,0.292,1.8,220
LA01635,Maharashtra,Aurangabad,Agricultural,Compensation,305,65,33,0,6,119,27,0.125,18.94,209
LA01636,Uttar Pradesh,Agra,Residential,Notification,119,119,48,0,8,19,37,0.43,3.09,216
LA01637,Rajasthan,Kota,Agricultural,Possession,88,69,13,1,7,24,37,0.108,26.25,144
LA01638,Uttar Pradesh,Agra,Residential,Objection,88,88,47,1,6,13,59,0.447,4.34,245
LA01639,Gujarat,Ahmedabad,Agricultural,Possession,41,41,44,0,7,2,42,0.318,8.4,165
LA01640,Gujarat,Vadodara,Residential,Compensation,486,85,54,0,10,96,63,0.314,11.15,304
LA01641,Madhya Pradesh,Gwalior,Agricultural,Objection,203,129,4,0,1,27,24,0.1,1.47,128
LA01642,Rajasthan,Udaipur,Commercial,Notification,340,119,24,0,4,6,18,0.32,9.06,170
LA01643,Maharashtra,Aurangabad,Commercial,Possession,492,114,6,0,3,17,43,0.305,10.48,128
LA01644,Uttar Pradesh,Agra,Agricultural,Notification,471,106,25,1,6,29,8,0.263,23.1,155
LA01645,Rajasthan,Udaipur,Residential,Notification,180,169,46,0,7,11,61,0.268,2.83,225
LA01646,Gujarat,Vadodara,Agricultural,Compensation,260,60,39,0,8,30,15,0.188,3.26,206
LA01647,Maharashtra,Nagpur,Residential,Objection,248,81,46,0,12,25,74,0.171,14.29,235
LA01648,Uttar Pradesh,Kanpur,Agricultural,Objection,45,45,45,1,16,24,79,0.407,30.34,238
LA01649,Punjab,Bathinda,Agricultural,Objection,391,105,60,0,7,20,43,0.324,4.09,253
LA01650,Punjab,Patiala,Agricultural,Possession,300,178,53,0,4,27,25,0.145,2.15,210
LA01651,Gujarat,Ahmedabad,Industrial,Objection,204,112,36,0,8,24,27,0.258,5.38,190
LA01652,Rajasthan,Jaipur,Agricultural,Objection,292,41,53,0,12,21,34,0.312,2.68,218
LA01653,Rajasthan,Jodhpur,Residential,Objection,376,167,3,0,1,10,38,0.044,11.0,106
LA01654,Uttar Pradesh,Kanpur,Agricultural,Objection,37,37,44,0,8,1,6,0.197,2.51,148
LA01655,Rajasthan,Kota,Agricultural,Objection,334,82,32,0,3,22,16,0.232,19.55,188
LA01656,Gujarat,Surat,Agricultural,Notification,435,30,58,0,7,26,63,0.426,9.14,236
LA01657,Punjab,Patiala,Industrial,Notification,372,75,31,0,4,21,4,0.228,20.17,187
LA01658,Punjab,Bathinda,Commercial,Objection,322,146,11,0,8,20,36,0.197,0.65,178
LA01659,Punjab,Amritsar,Agricultural,Possession,72,72,44,0,10,22,70,0.187,1.27,215
LA01660,Gujarat,Surat,Residential,Notification,380,37,58,0,8,8,7,0.266,26.91,185
LA01661,Uttar Pradesh,Kanpur,Agricultural,Objection,383,32,1,0,1,3,74,0.134,3.6,79
LA01662,Uttar Pradesh,Agra,Agricultural,Possession,262,175,4,0,1,19,38,0.02,1.71,139
LA01663,Gujarat,Rajkot,Agricultural,Possession,304,83,40,1,9,29,34,0.355,6.03,243
LA01664,Uttar Pradesh,Varanasi,Agricultural,Compensation,321,125,34,1,11,55,57,0.36,9.42,278
LA01665,Uttar Pradesh,Kanpur,Agricultural,Objection,87,68,33,0,6,2,62,0.204,6.31,154
LA01666,Maharashtra,Nashik,Residential,Objection,151,20,6,0,3,21,38,0.133,11.8,103
LA01667,Madhya Pradesh,Gwalior,Agricultural,Objection,403,77,35,0,6,13,6,0.219,10.3,150
LA01668,Madhya Pradesh,Bhopal,Industrial,Notification,488,126,35,0,7,27,78,0.167,9.78,193
LA01669,Uttar Pradesh,Agra,Residential,Objection,157,63,51,0,9,14,0,0.182,28.46,226
LA01670,Madhya Pradesh,Bhopal,Commercial,Compensation,218,111,24,0,4,115,70,0.165,7.29,206
LA01671,Madhya Pradesh,Bhopal,Residential,Objection,461,82,21,0,7,1,35,0.272,7.07,195
LA01672,Uttar Pradesh,Lucknow,Industrial,Compensation,106,64,5,0,4,109,41,0.187,16.49,174
LA01673,Gujarat,Vadodara,Agricultural,Objection,153,49,35,0,14,10,61,0.203,12.84,180
LA01674,Madhya Pradesh,Bhopal,Agricultural,Objection,56,50,39,0,4,13,76,0.195,3.0,177
LA01675,Madhya Pradesh,Gwalior,Agricultural,Compensation,140,50,17,1,3,71,12,0.21,6.74,156
LA01676,Punjab,Amritsar,Industrial,Possession,329,131,44,0,2,26,65,0.203,11.45,202
LA01677,Rajasthan,Jodhpur,Agricultural,Objection,194,64,57,0,8,24,53,0.319,4.11,229
LA01678,Maharashtra,Aurangabad,Residential,Compensation,493,135,11,0,2,95,29,0.207,4.31,180
LA01679,Punjab,Patiala,Commercial,Objection,449,59,35,0,5,3,34,0.394,1.84,164
LA01680,Uttar Pradesh,Kanpur,Agricultural,Notification,451,62,42,0,11,2,62,0.183,0.5,175
LA01681,Punjab,Patiala,Industrial,Compensation,372,167,2,0,3,75,11,0.145,5.08,145
LA01682,Rajasthan,Jaipur,Agricultural,Notification,360,159,11,0,4,28,40,0.17,8.39,119
LA01683,Rajasthan,Jaipur,Agricultural,Objection,270,75,24,0,3,19,58,0.144,2.47,125
LA01684,Madhya Pradesh,Gwalior,Residential,Compensation,496,52,9,1,3,102,43,0.135,29.31,206
LA01685,Maharashtra,Aurangabad,Agricultural,Notification,74,74,22,0,5,9,36,0.189,2.59,135
LA01686,Uttar Pradesh,Lucknow,Agricultural,Notification,370,17,9,0,4,10,42,0.289,18.4,101
LA01687,Maharashtra,Pune,Agricultural,Objection,96,85,54,1,10,5,41,0.411,11.23,249
LA01688,Maharashtra,Aurangabad,Agricultural,Possession,189,110,36,1,7,24,65,0.257,65.13,226
LA01689,Punjab,Bathinda,Commercial,Compensation,150,123,20,0,2,116,66,0.141,12.68,238
LA01690,Rajasthan,Jaipur,Industrial,Objection,313,23,47,1,12,6,74,0.277,1.74,235
LA01691,Madhya Pradesh,Indore,Agricultural,Notification,400,5,2,0,0,30,5,0.088,21.21,76
LA01692,Punjab,Patiala,Agricultural,Compensation,67,53,36,0,5,111,25,0.271,40.35,213
LA01693,Uttar Pradesh,Lucknow,Agricultural,Notification,313,25,42,0,8,23,71,0.188,1.26,180
LA01694,Maharashtra,Nashik,Industrial,Compensation,134,94,49,0,8,118,51,0.02,14.0,272
LA01695,Rajasthan,Jodhpur,Residential,Compensation,66,66,14,0,1,90,30,0.153,17.47,143
LA01696,Madhya Pradesh,Gwalior,Agricultural,Objection,226,55,36,0,8,15,50,0.182,5.97,175
LA01697,Maharashtra,Nashik,Agricultural,Objection,303,84,47,0,7,7,37,0.198,0.66,163
LA01698,Rajasthan,Jodhpur,Industrial,Notification,125,42,48,0,6,1,71,0.199,5.5,178
LA01699,Maharashtra,Nashik,Industrial,Notification,213,12,11,0,3,19,45,0.157,4.13,87
LA01700,Punjab,Bathinda,Agricultural,Objection,479,128,59,1,11,4,36,0.376,34.12,266
LA01701,Gujarat,Ahmedabad,Commercial,Possession,193,50,17,0,6,13,50,0.226,6.76,133
LA01702,Gujarat,Ahmedabad,Agricultural,Objection,498,101,24,0,5,29,15,0.25,4.89,169
LA01703,Madhya Pradesh,Bhopal,Agricultural,Compensation,422,125,12,0,1,50,62,0.102,4.11,148
LA01704,Gujarat,Rajkot,Commercial,Compensation,204,152,9,0,4,19,16,0.078,10.23,193
LA01705,Punjab,Bathinda,Agricultural,Notification,301,37,16,0,5,22,1,0.156,7.82,106
LA01706,Punjab,Patiala,Agricultural,Notification,364,107,9,0,4,25,4,0.108,3.35,89
LA01707,Punjab,Ludhiana,Industrial,Objection,248,165,44,1,8,18,5,0.21,9.62,253
LA01708,Punjab,Bathinda,Commercial,Compensation,222,90,36,0,5,96,8,0.369,4.23,250
LA01709,Gujarat,Surat,Agricultural,Objection,185,12,24,0,1,25,4,0.223,0.55,119
LA01710,Gujarat,Rajkot,Residential,Compensation,95,50,33,0,3,49,24,0.164,14.41,160
LA01711,Maharashtra,Nashik,Commercial,Possession,41,41,37,1,14,16,77,0.184,13.11,258
LA01712,Maharashtra,Aurangabad,Residential,Compensation,188,144,12,0,4,73,8,0.116,9.02,187
LA01713,Punjab,Bathinda,Industrial,Possession,404,60,18,0,2,17,54,0.1,4.75,105
LA01714,Madhya Pradesh,Bhopal,Residential,Compensation,139,39,53,0,9,67,70,0.279,6.88,256
LA01715,Uttar Pradesh,Kanpur,Agricultural,Possession,114,56,1,0,0,12,65,0.02,16.76,76
LA01716,Punjab,Amritsar,Agricultural,Possession,184,47,58,0,14,14,29,0.273,3.93,220
LA01717,Uttar Pradesh,Agra,Commercial,Compensation,312,135,58,0,11,10,4,0.272,17.46,243
LA01718,Maharashtra,Nashik,Industrial,Possession,131,131,16,0,2,30,29,0.125,1.69,148
LA01719,Maharashtra,Nagpur,Agricultural,Possession,133,13,20,0,4,24,48,0.139,8.74,101
LA01720,Uttar Pradesh,Agra,Agricultural,Compensation,82,82,13,0,4,114,61,0.138,7.58,176
LA01721,Rajasthan,Kota,Commercial,Compensation,186,137,34,0,4,108,11,0.329,20.14,252
LA01722,Madhya Pradesh,Gwalior,Agricultural,Compensation,132,112,13,0,2,68,24,0.088,2.95,149
LA01723,Uttar Pradesh,Varanasi,Agricultural,Possession,421,158,48,0,2,26,48,0.179,3.29,210
LA01724,Madhya Pradesh,Jabalpur,Industrial,Objection,456,11,24,0,4,19,57,0.034,1.83,143
LA01725,Uttar Pradesh,Lucknow,Commercial,Possession,204,128,59,1,8,9,25,0.362,4.19,250
LA01726,Madhya Pradesh,Jabalpur,Industrial,Compensation,70,27,52,1,10,14,66,0.27,9.54,237
LA01727,Punjab,Ludhiana,Residential,Possession,71,71,25,0,9,7,64,0.262,1.22,146
LA01728,Uttar Pradesh,Kanpur,Agricultural,Objection,182,92,36,0,5,22,29,0.208,4.74,163
LA01729,Maharashtra,Nashik,Industrial,Compensation,248,20,2,0,1,17,43,0.164,13.61,105
LA01730,Rajasthan,Kota,Agricultural,Compensation,278,136,5,1,8,101,38,0.331,6.67,227
LA01731,Madhya Pradesh,Gwalior,Agricultural,Possession,173,136,31,0,8,10,54,0.135,7.97,171
LA01732,Punjab,Bathinda,Industrial,Possession,196,86,29,0,7,5,26,0.168,1.64,171
LA01733,Madhya Pradesh,Indore,Residential,Compensation,163,59,24,0,6,31,26,0.283,6.69,176
LA01734,Punjab,Bathinda,Industrial,Compensation,273,8,6,1,5,1,34,0.226,7.6,105
LA01735,Punjab,Amritsar,Agricultural,Notification,358,164,51,0,10,23,17,0.32,6.27,234
LA01736,Madhya Pradesh,Bhopal,Industrial,Possession,50,37,25,0,4,14,47,0.258,8.61,165
LA01737,Uttar Pradesh,Agra,Residential,Objection,255,153,29,0,5,17,77,0.263,5.42,173
LA01738,Rajasthan,Kota,Residential,Compensation,335,108,25,0,5,13,28,0.21,4.68,216
LA01739,Rajasthan,Kota,Industrial,Compensation,346,125,30,0,4,110,69,0.305,2.61,236
LA01740,Gujarat,Rajkot,Agricultural,Objection,295,127,39,0,7,29,37,0.225,19.58,177
LA01741,Maharashtra,Pune,Residential,Objection,277,156,46,1,3,14,13,0.389,2.17,242
LA01742,Madhya Pradesh,Indore,Residential,Notification,350,10,33,0,8,23,40,0.197,8.65,159
LA01743,Maharashtra,Aurangabad,Commercial,Possession,208,179,10,0,2,28,40,0.201,45.3,159
LA01744,Rajasthan,Jodhpur,Industrial,Compensation,297,12,53,1,7,115,1,0.323,22.23,263
LA01745,Gujarat,Ahmedabad,Residential,Notification,180,180,18,0,4,7,38,0.02,12.3,187
LA01746,Punjab,Bathinda,Agricultural,Compensation,236,50,1,0,2,76,13,0.14,9.49,121
LA01747,Punjab,Amritsar,Agricultural,Objection,88,88,3,0,0,24,64,0.02,6.5,157
LA01748,Maharashtra,Aurangabad,Industrial,Possession,194,19,47,1,8,24,43,0.271,3.0,231
LA01749,Madhya Pradesh,Jabalpur,Industrial,Objection,96,86,24,0,4,29,24,0.273,5.73,164
LA01750,Madhya Pradesh,Jabalpur,Industrial,Objection,136,100,2,0,0,0,0,0.164,13.13,100
LA01751,Punjab,Patiala,Agricultural,Notification,227,172,49,0,6,29,46,0.236,10.91,220
LA01752,Punjab,Bathinda,Agricultural,Compensation,265,26,19,0,1,45,57,0.02,16.26,138
LA01753,Uttar Pradesh,Varanasi,Commercial,Compensation,473,11,59,0,5,73,34,0.339,25.02,254
LA01754,Maharashtra,Nashik,Commercial,Compensation,42,42,53,0,9,15,73,0.337,6.31,237
LA01755,Uttar Pradesh,Lucknow,Agricultural,Compensation,453,13,3,0,4,91,15,0.14,8.95,94
LA01756,Gujarat,Surat,Residential,Objection,184,141,42,0,7,2,61,0.279,1.11,246
LA01757,Maharashtra,Nagpur,Agricultural,Objection,371,11,37,1,4,3,40,0.303,70.54,188
LA01758,Uttar Pradesh,Kanpur,Agricultural,Objection,349,175,11,0,4,15,25,0.094,4.88,122
LA01759,Uttar Pradesh,Lucknow,Agricultural,Possession,487,98,21,1,10,11,23,0.185,14.18,174
LA01760,Uttar Pradesh,Kanpur,Agricultural,Notification,81,81,30,1,5,10,36,0.239,4.88,184
LA01761,Maharashtra,Pune,Agricultural,Possession,485,27,9,0,1,5,6,0.139,4.77,90
LA01762,Maharashtra,Nagpur,Industrial,Objection,59,53,44,0,9,30,52,0.279,5.83,197
LA01763,Rajasthan,Kota,Residential,Notification,443,85,17,0,6,10,33,0.215,2.13,148
LA01764,Uttar Pradesh,Kanpur,Industrial,Objection,337,10,57,1,7,14,55,0.281,0.62,227
LA01765,Uttar Pradesh,Agra,Agricultural,Notification,256,23,49,0,6,4,41,0.131,23.56,164
LA01766,Punjab,Amritsar,Agricultural,Compensation,217,62,39,0,11,49,79,0.208,12.75,210
LA01767,Uttar Pradesh,Kanpur,Agricultural,Compensation,74,74,8,0,2,87,6,0.03,2.96,56
LA01768,Maharashtra,Nagpur,Residential,Objection,407,129,2,0,0,30,39,0.102,11.61,107
LA01769,Rajasthan,Udaipur,Agricultural,Compensation,372,20,9,0,5,72,43,0.02,16.84,138
LA01770,Gujarat,Surat,Residential,Compensation,471,15,30,1,9,9,20,0.397,3.69,189
LA01771,Maharashtra,Nashik,Commercial,Possession,374,120,47,0,8,16,54,0.195,11.15,236
LA01772,Maharashtra,Nashik,Industrial,Possession,480,68,10,0,2,2,29,0.246,20.22,132
LA01773,Maharashtra,Nagpur,Agricultural,Compensation,447,144,43,0,9,80,61,0.29,1.75,263
LA01774,Maharashtra,Pune,Agricultural,Possession,230,57,3,0,0,2,74,0.02,12.6,75
LA01775,Madhya Pradesh,Indore,Agricultural,Compensation,361,68,16,0,5,29,69,0.314,10.64,130
LA01776,Rajasthan,Jaipur,Agricultural,Compensation,154,43,36,0,4,80,51,0.235,48.45,174
LA01777,Gujarat,Vadodara,Residential,Compensation,404,51,50,1,13,34,58,0.394,12.9,247
LA01778,Rajasthan,Udaipur,Agricultural,Notification,316,129,47,0,7,15,70,0.253,4.9,223
LA01779,Gujarat,Rajkot,Residential,Compensation,237,87,32,0,8,66,79,0.245,5.5,223
LA01780,Madhya Pradesh,Indore,Agricultural,Possession,325,121,3,0,1,19,58,0.135,55.89,107
LA01781,Rajasthan,Jaipur,Industrial,Notification,160,18,18,0,3,28,73,0.08,5.18,101
LA01782,Maharashtra,Pune,Industrial,Possession,323,99,48,0,10,26,78,0.251,13.28,221
LA01783,Rajasthan,Jaipur,Agricultural,Possession,253,85,5,0,0,5,14,0.107,5.82,101
LA01784,Punjab,Bathinda,Industrial,Objection,181,165,43,0,4,21,40,0.285,21.79,230
LA01785,Madhya Pradesh,Jabalpur,Agricultural,Compensation,489,79,43,1,9,41,28,0.396,22.89,265
LA01786,Gujarat,Vadodara,Residential,Possession,60,23,46,1,4,26,76,0.362,7.22,173
LA01787,Gujarat,Ahmedabad,Industrial,Possession,386,127,14,0,3,14,60,0.091,4.92,156
LA01788,Rajasthan,Jaipur,Commercial,Notification,128,31,15,0,5,23,71,0.094,4.8,110
LA01789,Maharashtra,Aurangabad,Commercial,Objection,134,134,12,0,3,16,28,0.033,1.31,135
LA01790,Madhya Pradesh,Indore,Agricultural,Compensation,102,72,24,0,5,12,68,0.221,8.17,197
LA01791,Uttar Pradesh,Lucknow,Commercial,Objection,78,78,32,1,7,28,6,0.257,8.01,190
LA01792,Punjab,Ludhiana,Residential,Objection,88,88,8,0,0,4,76,0.093,3.27,127
LA01793,Maharashtra,Nashik,Agricultural,Notification,422,86,35,0,4,28,18,0.23,1.18,138
LA01794,Gujarat,Vadodara,Agricultural,Notification,466,107,15,1,8,14,42,0.249,9.08,160
LA01795,Maharashtra,Aurangabad,Commercial,Compensation,305,37,34,0,4,36,58,0.207,10.3,162
LA01796,Gujarat,Surat,Residential,Compensation,36,18,19,0,3,55,60,0.08,10.96,148
LA01797,Punjab,Patiala,Agricultural,Compensation,437,139,58,0,12,36,17,0.329,2.75,282
LA01798,Gujarat,Ahmedabad,Industrial,Compensation,313,173,20,0,8,64,44,0.141,10.99,241
LA01799,Maharashtra,Pune,Residential,Objection,275,156,53,1,9,14,42,0.377,6.18,261
LA01800,Uttar Pradesh,Lucknow,Agricultural,Objection,476,58,11,0,2,12,62,0.215,17.54,111
LA01801,Rajasthan,Udaipur,Agricultural,Notification,223,68,6,0,2,13,25,0.145,2.79,73
LA01802,Maharashtra,Nagpur,Residential,Objection,199,68,12,0,2,19,61,0.08,23.34,119
LA01803,Maharashtra,Aurangabad,Commercial,Objection,397,128,26,0,7,25,49,0.173,33.45,175
LA01804,Gujarat,Ahmedabad,Residential,Notification,278,114,55,0,5,12,61,0.41,8.3,190
LA01805,Rajasthan,Jaipur,Agricultural,Notification,367,145,11,0,4,0,70,0.102,11.06,113
LA01806,Rajasthan,Udaipur,Residential,Notification,357,171,48,0,6,17,34,0.263,16.18,222
LA01807,Rajasthan,Jaipur,Residential,Compensation,425,74,42,0,9,89,35,0.298,2.65,240
LA01808,Maharashtra,Pune,Commercial,Compensation,179,121,21,0,6,117,64,0.183,4.54,240
LA01809,Rajasthan,Kota,Agricultural,Possession,63,63,21,0,6,3,63,0.136,8.88,152
LA01810,Punjab,Patiala,Commercial,Compensation,254,173,57,1,13,2,70,0.346,56.09,314
LA01811,Gujarat,Ahmedabad,Agricultural,Compensation,334,67,43,0,7,9,44,0.244,2.23,175
LA01812,Uttar Pradesh,Agra,Agricultural,Notification,414,38,15,0,2,11,51,0.189,38.01,108
LA01813,Madhya Pradesh,Gwalior,Residential,Compensation,155,71,55,0,14,70,4,0.406,6.09,269
LA01814,Maharashtra,Nashik,Residential,Notification,381,113,25,0,7,22,36,0.064,7.14,148
LA01815,Punjab,Amritsar,Agricultural,Objection,421,172,5,0,1,4,19,0.241,24.98,155
LA01816,Rajasthan,Jaipur,Commercial,Objection,410,150,49,0,6,19,69,0.24,55.78,256
LA01817,Gujarat,Surat,Agricultural,Objection,410,8,53,0,10,10,9,0.359,11.28,193
LA01818,Gujarat,Rajkot,Agricultural,Objection,495,94,27,0,4,11,63,0.123,23.68,164
LA01819,Rajasthan,Kota,Agricultural,Compensation,341,33,43,0,8,45,67,0.118,2.94,221
LA01820,Gujarat,Rajkot,Agricultural,Possession,204,68,15,0,5,25,38,0.037,4.35,107
LA01821,Gujarat,Ahmedabad,Residential,Compensation,235,171,52,1,13,36,54,0.362,1.91,298
LA01822,Madhya Pradesh,Bhopal,Commercial,Compensation,381,178,23,0,6,10,46,0.214,4.41,209
LA01823,Gujarat,Vadodara,Residential,Compensation,141,32,17,0,3,35,55,0.148,13.0,125
LA01824,Punjab,Ludhiana,Agricultural,Notification,313,29,31,0,3,23,55,0.174,9.14,132
LA01825,Madhya Pradesh,Gwalior,Agricultural,Compensation,299,127,17,0,10,29,20,0.249,41.56,188
LA01826,Punjab,Bathinda,Agricultural,Compensation,343,77,38,0,4,106,55,0.221,57.67,226
LA01827,Rajasthan,Jodhpur,Residential,Objection,228,81,45,0,6,18,73,0.272,6.45,207
LA01828,Punjab,Patiala,Agricultural,Objection,378,158,25,0,4,13,25,0.424,3.74,218
LA01829,Uttar Pradesh,Kanpur,Agricultural,Possession,63,63,48,0,2,10,24,0.251,23.57,191
LA01830,Punjab,Ludhiana,Commercial,Compensation,383,163,26,0,3,46,23,0.121,26.16,204
LA01831,Maharashtra,Aurangabad,Residential,Compensation,412,142,59,1,12,115,73,0.449,11.49,355
LA01832,Punjab,Ludhiana,Agricultural,Compensation,447,177,16,0,5,93,71,0.205,14.96,248
LA01833,Uttar Pradesh,Varanasi,Agricultural,Objection,464,131,43,0,4,7,28,0.263,12.8,189
LA01834,Rajasthan,Kota,Residential,Compensation,194,160,33,0,6,76,75,0.22,2.75,234
LA01835,Maharashtra,Pune,Agricultural,Objection,51,51,57,0,11,8,61,0.42,2.18,238
LA01836,Rajasthan,Kota,Agricultural,Objection,337,13,14,0,7,25,32,0.252,7.02,128
LA01837,Punjab,Ludhiana,Industrial,Compensation,72,72,12,0,2,71,66,0.117,6.04,173
LA01838,Gujarat,Vadodara,Agricultural,Notification,162,162,53,0,14,22,73,0.242,9.75,270
LA01839,Gujarat,Rajkot,Agricultural,Compensation,360,59,55,0,10,9,70,0.327,6.48,230
LA01840,Uttar Pradesh,Varanasi,Agricultural,Objection,310,80,45,0,6,15,38,0.198,1.35,166
LA01841,Maharashtra,Aurangabad,Agricultural,Compensation,315,105,29,1,10,68,17,0.372,0.89,228
LA01842,Rajasthan,Jodhpur,Agricultural,Compensation,383,119,25,0,5,35,13,0.211,15.45,193
LA01843,Madhya Pradesh,Gwalior,Agricultural,Compensation,107,107,40,0,5,16,67,0.444,3.81,213
LA01844,Punjab,Amritsar,Residential,Compensation,402,74,45,1,8,73,59,0.471,5.86,242
LA01845,Madhya Pradesh,Jabalpur,Agricultural,Possession,306,155,17,0,4,1,57,0.061,4.23,152
LA01846,Uttar Pradesh,Agra,Industrial,Compensation,227,148,1,1,2,97,3,0.146,2.97,171
LA01847,Maharashtra,Aurangabad,Industrial,Compensation,248,170,5,0,1,107,78,0.02,2.89,162
LA01848,Uttar Pradesh,Agra,Agricultural,Compensation,269,106,21,0,3,108,9,0.02,20.49,179
LA01849,Uttar Pradesh,Kanpur,Agricultural,Objection,289,18,41,0,6,27,47,0.245,5.82,166
LA01850,Rajasthan,Jaipur,Commercial,Objection,187,153,27,0,2,22,76,0.083,13.94,221
LA01851,Rajasthan,Kota,Industrial,Objection,135,18,38,0,3,10,19,0.35,15.94,161
LA01852,Gujarat,Ahmedabad,Industrial,Objection,109,39,29,0,7,15,41,0.288,10.14,175
LA01853,Maharashtra,Pune,Agricultural,Objection,190,55,16,0,4,18,68,0.122,16.48,131
LA01854,Rajasthan,Jodhpur,Agricultural,Objection,152,37,45,0,6,10,21,0.223,7.5,161
LA01855,Rajasthan,Jodhpur,Agricultural,Compensation,273,132,44,1,4,36,8,0.461,28.9,243
LA01856,Punjab,Patiala,Commercial,Objection,459,82,58,0,3,4,38,0.426,16.83,249
LA01857,Maharashtra,Nashik,Residential,Possession,80,43,50,0,7,13,64,0.194,19.23,211
LA01858,Uttar Pradesh,Lucknow,Agricultural,Objection,175,5,23,0,6,7,46,0.088,2.89,91
LA01859,Uttar Pradesh,Agra,Residential,Compensation,53,43,43,0,8,76,35,0.222,9.61,200
LA01860,Madhya Pradesh,Indore,Agricultural,Notification,489,126,22,0,4,19,51,0.199,1.18,130
LA01861,Madhya Pradesh,Gwalior,Residential,Compensation,360,144,53,0,11,60,4,0.246,29.99,289
LA01862,Gujarat,Vadodara,Agricultural,Notification,143,57,37,0,5,11,28,0.256,3.96,120
LA01863,Punjab,Ludhiana,Residential,Compensation,225,17,51,0,8,75,71,0.431,4.55,266
LA01864,Maharashtra,Nagpur,Residential,Objection,370,103,17,0,5,1,31,0.037,1.88,141
LA01865,Punjab,Patiala,Residential,Possession,481,142,1,0,2,26,78,0.052,7.13,133
LA01866,Maharashtra,Aurangabad,Agricultural,Objection,300,17,9,0,3,10,44,0.02,5.65,77
LA01867,Rajasthan,Kota,Commercial,Compensation,157,145,32,0,4,76,75,0.133,45.73,261
LA01868,Madhya Pradesh,Jabalpur,Residential,Objection,358,35,58,0,9,11,50,0.277,17.45,221
LA01869,Rajasthan,Jaipur,Agricultural,Compensation,352,50,38,0,7,114,33,0.169,4.42,191
LA01870,Madhya Pradesh,Gwalior,Agricultural,Compensation,333,114,49,1,11,17,74,0.415,1.4,260
LA01871,Rajasthan,Jaipur,Residential,Objection,51,14,29,0,4,24,21,0.202,0.75,108
LA01872,Gujarat,Ahmedabad,Agricultural,Objection,362,58,58,0,7,8,31,0.321,2.65,235
LA01873,Uttar Pradesh,Varanasi,Agricultural,Notification,39,29,57,1,10,9,58,0.375,1.95,249
LA01874,Punjab,Amritsar,Agricultural,Notification,456,42,14,0,4,21,70,0.12,10.47,129
LA01875,Maharashtra,Nagpur,Agricultural,Possession,445,141,52,1,10,16,15,0.354,6.39,250
LA01876,Rajasthan,Kota,Agricultural,Objection,295,45,2,0,3,23,80,0.073,7.52,76
LA01877,Gujarat,Vadodara,Residential,Notification,334,12,36,0,11,3,34,0.262,2.86,134
LA01878,Punjab,Ludhiana,Agricultural,Possession,61,42,27,0,2,29,27,0.025,8.6,103
LA01879,Madhya Pradesh,Bhopal,Residential,Notification,441,20,19,0,4,7,10,0.178,1.79,95
LA01880,Rajasthan,Jaipur,Agricultural,Objection,157,114,57,1,13,3,2,0.336,6.76,280
LA01881,Maharashtra,Aurangabad,Agricultural,Compensation,153,153,40,0,2,40,45,0.197,16.95,249
LA01882,Gujarat,Ahmedabad,Agricultural,Possession,363,34,9,0,3,9,48,0.02,5.13,79
LA01883,Gujarat,Vadodara,Commercial,Compensation,472,133,9,0,4,13,7,0.091,11.51,108
LA01884,Punjab,Amritsar,Industrial,Compensation,262,68,8,1,2,86,73,0.234,1.02,167
LA01885,Uttar Pradesh,Lucknow,Agricultural,Possession,269,17,19,1,8,19,44,0.299,0.94,172
LA01886,Gujarat,Surat,Agricultural,Notification,288,126,5,0,3,19,4,0.02,10.25,97
LA01887,Uttar Pradesh,Lucknow,Agricultural,Possession,167,41,16,0,7,24,68,0.183,21.05,128
LA01888,Maharashtra,Pune,Agricultural,Possession,310,95,46,1,12,0,15,0.456,5.82,224
LA01889,Rajasthan,Jaipur,Commercial,Possession,482,94,53,0,8,2,54,0.242,63.13,211
LA01890,Maharashtra,Aurangabad,Agricultural,Objection,210,110,48,0,13,6,54,0.274,1.74,210
LA01891,Gujarat,Vadodara,Industrial,Notification,394,28,30,0,3,13,65,0.026,3.74,164
LA01892,Gujarat,Rajkot,Residential,Compensation,394,49,42,0,8,19,65,0.171,8.5,239
LA01893,Punjab,Amritsar,Agricultural,Compensation,430,134,57,1,13,22,79,0.427,11.76,298
LA01894,Madhya Pradesh,Bhopal,Commercial,Compensation,370,169,4,0,6,64,7,0.182,4.12,149
LA01895,Rajasthan,Kota,Agricultural,Possession,464,7,55,0,8,15,29,0.241,2.56,187
LA01896,Punjab,Bathinda,Commercial,Compensation,366,77,44,1,6,87,29,0.56,13.74,275
LA01897,Uttar Pradesh,Kanpur,Agricultural,Objection,489,160,24,0,4,16,30,0.197,8.44,186
LA01898,Punjab,Ludhiana,Commercial,Objection,366,55,27,0,2,19,19,0.077,5.24,154
LA01899,Madhya Pradesh,Indore,Agricultural,Notification,424,83,27,0,3,23,18,0.283,12.17,119
LA01900,Maharashtra,Aurangabad,Agricultural,Notification,449,164,10,0,4,26,78,0.023,6.45,166
LA01901,Uttar Pradesh,Kanpur,Commercial,Notification,493,175,14,0,3,29,72,0.161,6.43,163
LA01902,Uttar Pradesh,Varanasi,Agricultural,Possession,310,120,18,0,3,12,55,0.075,6.19,151
LA01903,Madhya Pradesh,Gwalior,Agricultural,Compensation,364,127,1,0,1,111,44,0.02,3.25,150
LA01904,Gujarat,Ahmedabad,Commercial,Compensation,485,113,31,0,3,97,38,0.271,2.94,245
LA01905,Gujarat,Rajkot,Agricultural,Objection,209,54,29,0,5,10,55,0.171,4.37,110
LA01906,Gujarat,Rajkot,Industrial,Compensation,86,86,20,0,2,115,69,0.292,7.63,224
LA01907,Gujarat,Vadodara,Residential,Possession,446,10,11,0,4,18,34,0.045,1.14,76
LA01908,Rajasthan,Udaipur,Residential,Possession,327,15,59,0,4,2,43,0.17,19.01,186
LA01909,Rajasthan,Jaipur,Agricultural,Compensation,231,110,41,1,8,2,73,0.301,7.53,268
LA01910,Punjab,Bathinda,Agricultural,Possession,367,152,29,1,11,1,73,0.535,2.55,226
LA01911,Rajasthan,Jaipur,Industrial,Compensation,45,45,44,0,6,40,18,0.313,37.21,193
LA01912,Punjab,Bathinda,Agricultural,Compensation,254,124,23,0,1,35,19,0.207,7.7,165
LA01913,Rajasthan,Jaipur,Agricultural,Possession,155,71,13,0,2,10,16,0.176,1.94,98
LA01914,Madhya Pradesh,Gwalior,Agricultural,Objection,165,68,41,0,5,6,2,0.195,35.58,145
LA01915,Gujarat,Rajkot,Agricultural,Objection,486,79,47,1,11,16,56,0.585,28.64,259
LA01916,Uttar Pradesh,Lucknow,Residential,Objection,289,50,40,1,4,0,34,0.365,2.98,197
LA01917,Gujarat,Ahmedabad,Commercial,Compensation,96,78,34,0,5,2,2,0.238,5.35,189
LA01918,Maharashtra,Aurangabad,Commercial,Compensation,201,23,1,0,0,102,16,0.162,4.68,109
LA01919,Maharashtra,Pune,Industrial,Compensation,144,61,39,1,7,13,43,0.229,1.12,202
LA01920,Uttar Pradesh,Kanpur,Agricultural,Objection,458,170,38,0,7,25,67,0.157,10.22,220
LA01921,Maharashtra,Aurangabad,Agricultural,Objection,167,129,25,0,6,27,53,0.16,17.2,175
LA01922,Uttar Pradesh,Kanpur,Agricultural,Possession,198,29,15,0,5,4,43,0.222,14.25,108
LA01923,Madhya Pradesh,Indore,Residential,Objection,187,55,59,0,6,25,15,0.195,7.64,197
LA01924,Maharashtra,Nashik,Agricultural,Possession,112,50,23,0,6,17,23,0.167,18.96,137
LA01925,Maharashtra,Nagpur,Residential,Objection,397,54,17,0,6,3,63,0.135,2.37,119
LA01926,Rajasthan,Kota,Agricultural,Compensation,301,126,43,0,7,85,62,0.119,45.53,247
LA01927,Maharashtra,Nagpur,Commercial,Compensation,235,162,29,0,6,20,70,0.153,3.41,219
LA01928,Rajasthan,Jaipur,Commercial,Possession,216,129,34,1,12,8,42,0.366,3.82,236
LA01929,Gujarat,Vadodara,Industrial,Notification,344,90,39,1,7,27,22,0.212,4.16,218
LA01930,Punjab,Patiala,Agricultural,Possession,75,33,23,0,3,22,40,0.279,3.86,108
LA01931,Rajasthan,Kota,Industrial,Compensation,468,30,10,0,3,18,72,0.158,6.09,91
LA01932,Maharashtra,Pune,Agricultural,Compensation,296,148,11,0,2,55,14,0.15,5.86,152
LA01933,Punjab,Patiala,Agricultural,Compensation,137,124,57,1,12,116,68,0.404,8.41,314
LA01934,Punjab,Patiala,Agricultural,Notification,283,94,31,0,3,28,80,0.107,3.26,106
LA01935,Rajasthan,Jaipur,Agricultural,Compensation,431,106,26,0,1,8,66,0.121,8.73,201
LA01936,Rajasthan,Udaipur,Residential,Objection,111,111,20,0,1,0,53,0.181,2.48,158
LA01937,Maharashtra,Nagpur,Agricultural,Objection,276,148,44,0,7,7,33,0.196,15.37,224
LA01938,Uttar Pradesh,Agra,Agricultural,Compensation,311,20,55,0,7,65,69,0.302,15.18,235
LA01939,Punjab,Patiala,Residential,Compensation,411,74,47,0,10,99,13,0.193,7.35,252
LA01940,Gujarat,Vadodara,Commercial,Notification,297,12,33,1,7,30,61,0.346,3.86,176
LA01941,Rajasthan,Kota,Residential,Notification,376,72,29,0,7,29,32,0.238,10.09,173
LA01942,Gujarat,Surat,Residential,Notification,394,117,52,1,8,20,40,0.248,3.04,239
LA01943,Punjab,Bathinda,Agricultural,Notification,449,41,52,0,8,6,37,0.283,7.65,182
LA01944,Rajasthan,Udaipur,Commercial,Compensation,200,31,24,0,7,54,0,0.056,6.35,158
LA01945,Maharashtra,Pune,Agricultural,Notification,361,91,58,1,15,2,79,0.264,102.5,284
LA01946,Rajasthan,Kota,Agricultural,Possession,147,97,50,1,7,24,54,0.321,2.17,241
LA01947,Rajasthan,Jaipur,Agricultural,Objection,427,130,51,1,14,6,48,0.61,0.51,266
LA01948,Punjab,Amritsar,Residential,Notification,478,7,4,0,1,27,8,0.158,3.91,68
LA01949,Rajasthan,Udaipur,Agricultural,Possession,168,48,8,0,4,18,63,0.227,1.33,123
LA01950,Gujarat,Ahmedabad,Residential,Objection,294,142,18,0,3,15,77,0.198,3.57,171
LA01951,Punjab,Amritsar,Agricultural,Objection,417,125,46,0,6,28,65,0.269,2.02,225
LA01952,Uttar Pradesh,Lucknow,Agricultural,Possession,42,42,5,1,10,4,20,0.289,2.99,107
LA01953,Rajasthan,Kota,Agricultural,Possession,362,148,5,0,2,14,14,0.05,2.55,113
LA01954,Maharashtra,Nashik,Agricultural,Compensation,416,152,2,0,3,67,29,0.131,19.36,136
LA01955,Punjab,Patiala,Agricultural,Notification,440,94,12,1,4,5,1,0.324,7.04,124
LA01956,Maharashtra,Aurangabad,Residential,Compensation,122,122,56,1,8,78,44,0.448,21.66,297
LA01957,Uttar Pradesh,Kanpur,Agricultural,Possession,386,78,44,1,10,18,37,0.453,7.69,247
LA01958,Uttar Pradesh,Kanpur,Agricultural,Possession,400,163,44,0,13,4,40,0.275,18.7,261
LA01959,Uttar Pradesh,Lucknow,Residential,Notification,31,31,18,0,3,3,80,0.284,5.46,102
LA01960,Gujarat,Ahmedabad,Agricultural,Objection,362,83,38,1,9,9,53,0.314,36.4,216
LA01961,Punjab,Bathinda,Agricultural,Objection,324,125,47,0,8,25,33,0.43,11.83,228
LA01962,Punjab,Bathinda,Agricultural,Notification,486,75,32,0,8,4,63,0.254,3.39,172
LA01963,Rajasthan,Kota,Agricultural,Compensation,50,30,52,1,7,88,29,0.345,13.72,256
LA01964,Madhya Pradesh,Indore,Agricultural,Objection,484,162,35,0,2,3,61,0.112,7.59,182
LA01965,Madhya Pradesh,Bhopal,Residential,Objection,299,84,20,0,4,10,75,0.093,6.03,152
LA01966,Madhya Pradesh,Jabalpur,Agricultural,Notification,159,159,39,0,8,16,73,0.156,8.13,203
LA01967,Maharashtra,Aurangabad,Commercial,Compensation,212,75,57,0,9,64,42,0.29,15.66,297
LA01968,Maharashtra,Pune,Agricultural,Notification,390,176,50,1,14,12,38,0.281,0.89,247
LA01969,Punjab,Patiala,Residential,Objection,499,111,30,0,4,8,32,0.296,5.2,182
LA01970,Rajasthan,Kota,Commercial,Notification,179,140,36,0,3,1,43,0.221,14.62,191
LA01971,Madhya Pradesh,Indore,Agricultural,Possession,493,137,59,0,9,0,75,0.31,9.47,260
LA01972,Punjab,Bathinda,Agricultural,Notification,326,40,45,1,9,4,70,0.262,2.4,193
LA01973,Madhya Pradesh,Bhopal,Agricultural,Compensation,120,120,31,1,6,1,49,0.239,0.69,239
LA01974,Maharashtra,Nashik,Industrial,Notification,311,171,17,0,1,1,22,0.02,40.48,94
LA01975,Uttar Pradesh,Lucknow,Industrial,Notification,407,121,55,0,11,15,30,0.424,6.13,221
LA01976,Rajasthan,Kota,Agricultural,Objection,55,55,59,0,7,0,19,0.187,33.58,211
LA01977,Punjab,Patiala,Commercial,Notification,67,67,5,0,3,6,15,0.02,16.36,65
LA01978,Maharashtra,Aurangabad,Agricultural,Notification,32,32,2,0,2,5,0,0.204,3.34,41
LA01979,Rajasthan,Kota,Agricultural,Compensation,298,88,7,0,2,86,62,0.14,0.61,151
LA01980,Madhya Pradesh,Bhopal,Residential,Compensation,57,57,24,0,3,102,59,0.18,4.65,180
LA01981,Uttar Pradesh,Agra,Agricultural,Notification,469,37,10,0,3,13,14,0.148,7.12,91
LA01982,Uttar Pradesh,Lucknow,Agricultural,Objection,90,90,53,0,6,0,55,0.354,11.6,236
LA01983,Rajasthan,Kota,Commercial,Compensation,63,63,55,0,6,66,13,0.292,2.43,247
LA01984,Madhya Pradesh,Gwalior,Agricultural,Objection,151,151,11,0,6,9,22,0.02,8.83,156
LA01985,Uttar Pradesh,Varanasi,Residential,Objection,389,52,50,0,5,8,20,0.324,8.83,169
LA01986,Madhya Pradesh,Indore,Agricultural,Notification,457,21,9,0,1,17,10,0.147,19.81,69
LA01987,Madhya Pradesh,Indore,Agricultural,Objection,148,63,48,0,4,10,59,0.35,5.44,225
LA01988,Gujarat,Ahmedabad,Agricultural,Compensation,274,157,22,1,2,74,3,0.161,11.5,226
LA01989,Gujarat,Surat,Industrial,Possession,394,97,3,0,0,7,32,0.032,9.86,119
LA01990,Punjab,Amritsar,Agricultural,Possession,405,14,26,1,6,21,39,0.314,17.74,147
LA01991,Uttar Pradesh,Varanasi,Agricultural,Possession,102,26,50,0,7,3,46,0.193,3.25,194
LA01992,Maharashtra,Aurangabad,Residential,Objection,424,64,57,0,7,30,15,0.105,0.5,200
LA01993,Gujarat,Ahmedabad,Industrial,Notification,438,65,8,0,2,30,38,0.128,5.83,113
LA01994,Uttar Pradesh,Agra,Industrial,Objection,376,28,51,0,10,8,64,0.35,5.87,240
LA01995,Madhya Pradesh,Gwalior,Residential,Objection,278,91,18,0,4,7,30,0.141,2.32,124
LA01996,Rajasthan,Jodhpur,Agricultural,Notification,214,89,28,0,4,0,76,0.23,1.64,119
LA01997,Uttar Pradesh,Lucknow,Residential,Notification,448,40,7,0,1,30,34,0.139,4.16,120
LA01998,Punjab,Bathinda,Commercial,Compensation,436,45,59,1,15,90,62,0.417,6.59,327
LA01999,Gujarat,Vadodara,Industrial,Objection,274,121,48,0,8,0,9,0.275,8.13,213
LA02000,Gujarat,Vadodara,Commercial,Notification,379,172,39,1,6,3,68,0.436,0.75,243
e26f4b5a,Karnataka,Karnataka District 1,Commercial,Notification,118,98,35,0,6,6,20,0.401,11.0,165
1ca7c5b3,Maharashtra,Maharashtra District 2,Industrial,Compensation,360,180,28,1,7,17,80,0.36,9.0,314
84dc4e6e,Punjab,Punjab District 3,Commercial,Possession,283,23,36,1,4,2,10,0.293,13.0,165
9d521f82,Tamil Nadu,Tamil Nadu District 4,Commercial,Notification,132,112,32,0,5,5,30,0.308,11.0,197
62b156fc,Tamil Nadu,Tamil Nadu District 1,Industrial,Objection,166,66,9,0,2,3,14,0.161,2.0,174
893366ac,Rajasthan,Rajasthan District 2,Industrial,Notification,67,47,20,0,1,7,16,0.293,7.0,165
a1334613,West Bengal,West Bengal District 3,Commercial,Notification,134,114,35,1,7,6,41,0.505,12.0,181
03fff875,Rajasthan,Rajasthan District 4,Agricultural,Compensation,256,76,31,1,6,30,10,0.411,10.0,111
85ff3196,Haryana,Haryana District 1,Agricultural,Compensation,305,125,20,0,5,70,24,0.226,6.0,201
78443d79,Madhya Pradesh,Madhya Pradesh District 2,Agricultural,Objection,280,180,17,0,3,35,80,0.241,5.0,154
9abe177c,Andhra Pradesh,Andhra Pradesh District 3,Industrial,Compensation,247,67,34,0,3,33,0,0.239,12.0,111
17bfe2b6,Chhattisgarh,Chhattisgarh District 4,Residential,Notification,69,49,15,0,4,30,18,0.071,4.0,165
347b062d,West Bengal,West Bengal District 1,Residential,Notification,31,11,24,0,3,1,0,0.114,8.0,174
53478cff,Chhattisgarh,Chhattisgarh District 2,Agricultural,Objection,140,40,18,0,4,31,0,0.117,5.0,111
0de1ef20,Karnataka,Karnataka District 3,Agricultural,Compensation,360,180,11,0,2,78,80,0.194,3.0,323
042cff19,Madhya Pradesh,Madhya Pradesh District 4,Industrial,Objection,189,89,23,0,4,33,30,0.21,7.0,201
1c860516,Karnataka,Karnataka District 1,Commercial,Compensation,253,73,29,0,3,0,4,0.077,10.0,197
f23bb5c3,Bihar,Bihar District 2,Agricultural,Possession,274,14,6,1,2,3,10,0.281,2.0,192
fccc4467,Uttar Pradesh,Uttar Pradesh District 3,Residential,Notification,103,83,13,0,2,33,10,0.124,4.0,181
fc08d59d,Madhya Pradesh,Madhya Pradesh District 4,Agricultural,Compensation,286,106,26,0,3,33,26,0.238,9.0,154
9f2b6eda,Haryana,Haryana District 1,Agricultural,Notification,45,25,42,0,5,3,2,0.243,15.0,197
7c94a703,Madhya Pradesh,Madhya Pradesh District 2,Industrial,Compensation,278,98,22,0,4,36,20,0.288,7.0,187
eb662a5b,Uttar Pradesh,Uttar Pradesh District 3,Industrial,Objection,179,79,29,0,7,36,22,0.406,9.0,138
d3fb6c5e,Tamil Nadu,Tamil Nadu District 4,Commercial,Compensation,286,106,28,0,6,73,11,0.267,9.0,228
d0365c66,Rajasthan,Rajasthan District 1,Commercial,Notification,48,28,23,0,2,1,4,0.092,8.0,197
4ab86d05,Rajasthan,Rajasthan District 2,Agricultural,Objection,280,180,16,1,2,2,80,0.241,5.0,374
5252bdfd,Karnataka,Karnataka District 3,Agricultural,Possession,269,9,23,0,2,6,0,0.27,8.0,138
4050cc25,Chhattisgarh,Chhattisgarh District 4,Agricultural,Notification,174,154,15,0,5,33,58,0.196,4.0,295
8c2c6be3,Bihar,Bihar District 1,Agricultural,Objection,150,50,42,0,5,4,3,0.277,15.0,181
d8cfef39,Haryana,Haryana District 2,Agricultural,Compensation,316,136,30,0,3,37,30,0.254,10.0,138
34967d49,Haryana,Haryana District 3,Commercial,Notification,76,56,45,0,6,3,22,0.28,16.0,269
a0a1217c,Haryana,Haryana District 4,Industrial,Objection,173,73,24,0,3,0,0,0.088,8.0,192
dca5cd14,Rajasthan,Rajasthan District 1,Agricultural,Compensation,254,74,32,0,6,0,0,0.164,10.0,165
7bfdf31c,Andhra Pradesh,Andhra Pradesh District 2,Industrial,Compensation,261,81,18,1,5,27,19,0.369,5.0,192
377b3345,Maharashtra,Maharashtra District 3,Industrial,Possession,294,34,26,0,3,0,8,0.088,9.0,187
cfa7b4df,Karnataka,Karnataka District 4,Agricultural,Compensation,251,71,9,0,1,53,0,0.27,3.0,201
e0fb013d,Andhra Pradesh,Andhra Pradesh District 1,Agricultural,Notification,30,7,25,1,6,2,10,0.334,8.0,111
7e658e1f,Andhra Pradesh,Andhra Pradesh District 2,Industrial,Notification,36,16,21,0,3,1,0,0.121,7.0,111
95a3889c,Chhattisgarh,Chhattisgarh District 3,Industrial,Compensation,212,32,35,0,4,11,0,0.169,12.0,111
35343ed6,Madhya Pradesh,Madhya Pradesh District 4,Commercial,Notification,41,21,17,1,5,5,10,0.415,5.0,111
28468bd3,Rajasthan,Rajasthan District 1,Industrial,Compensation,290,110,19,0,3,71,13,0.187,6.0,253
8f27fee8,West Bengal,West Bengal District 2,Residential,Compensation,241,61,28,0,3,0,0,0.072,10.0,201
3a525cc4,Karnataka,Karnataka District 3,Agricultural,Notification,100,80,5,0,0,3,8,0.106,2.0,187
369820cb,Haryana,Haryana District 4,Agricultural,Objection,120,20,38,0,5,4,0,0.291,13.0,181
422d3eb9,West Bengal,West Bengal District 1,Residential,Compensation,288,108,42,0,4,5,12,0.127,16.0,192
5b338375,Rajasthan,Rajasthan District 2,Residential,Possession,282,22,31,0,4,2,0,0.201,10.0,111
a1d87cb3,Chhattisgarh,Chhattisgarh District 3,Agricultural,Objection,280,180,7,1,4,7,44,0.457,2.0,138
06fdb483,Maharashtra,Maharashtra District 4,Industrial,Notification,30,5,1,0,0,2,0,0.075,1.0,187
81f56826,Bihar,Bihar District 1,Commercial,Objection,280,180,22,0,4,1,49,0.157,7.0,138
9aa27565,Rajasthan,Rajasthan District 2,Industrial,Objection,193,93,20,1,6,30,42,0.226,6.0,272
35e4f98f,Maharashtra,Maharashtra District 3,Agricultural,Notification,187,167,27,0,4,7,66,0.377,9.0,312
7bb08504,West Bengal,West Bengal District 4,Industrial,Objection,170,70,19,0,2,2,16,0.135,6.0,181
9386a5ee,Karnataka,Karnataka District 1,Commercial,Objection,128,28,28,0,3,3,0,0.179,10.0,111
c80a8c1c,Andhra Pradesh,Andhra Pradesh District 2,Agricultural,Objection,122,22,33,0,3,5,0,0.262,12.0,192
3cce8f77,West Bengal,West Bengal District 3,Agricultural,Compensation,218,38,25,0,5,11,0,0.191,8.0,201
69c48700,Karnataka,Karnataka District 4,Residential,Objection,212,112,25,1,6,7,54,0.507,8.0,290
e576b129,Uttar Pradesh,Uttar Pradesh District 1,Agricultural,Objection,145,45,30,0,4,4,0,0.282,10.0,111
0cc35ced,Bihar,Bihar District 2,Agricultural,Compensation,224,44,27,0,6,92,0,0.345,9.0,197
34e6388c,Madhya Pradesh,Madhya Pradesh District 3,Industrial,Notification,82,62,17,0,4,4,0,0.259,5.0,197
e2fc145b,Tamil Nadu,Tamil Nadu District 4,Industrial,Compensation,253,73,14,1,5,44,10,0.451,4.0,201
ae4c8f04,West Bengal,West Bengal District 1,Commercial,Objection,141,41,33,0,6,3,0,0.268,11.0,111
c174bf53,Bihar,Bihar District 2,Agricultural,Notification,34,14,9,0,1,4,0,0.168,3.0,111
5a8fb130,Bihar,Bihar District 3,Agricultural,Objection,157,57,34,0,8,1,8,0.257,11.0,138
4564fbf5,Bihar,Bihar District 4,Residential,Objection,266,166,23,0,3,1,21,0.139,7.0,201
2b55387f,Uttar Pradesh,Uttar Pradesh District 1,Agricultural,Objection,280,180,34,0,4,4,80,0.257,12.0,138
80817d3f,Uttar Pradesh,Uttar Pradesh District 2,Commercial,Objection,212,112,23,1,6,30,10,0.266,7.0,111
b84400f3,Madhya Pradesh,Madhya Pradesh District 3,Agricultural,Objection,150,50,22,0,4,31,4,0.142,7.0,165
56f74506,Bihar,Bihar District 4,Agricultural,Compensation,232,52,28,0,1,65,0,0.335,10.0,201
60aa2955,Madhya Pradesh,Madhya Pradesh District 1,Agricultural,Notification,125,105,27,0,3,33,25,0.188,9.0,259
2860f023,Andhra Pradesh,Andhra Pradesh District 2,Agricultural,Objection,280,180,38,0,6,3,72,0.28,13.0,197
55598015,Uttar Pradesh,Uttar Pradesh District 3,Agricultural,Possession,274,14,14,0,0,0,0,0.02,5.0,154
f46a2ad1,Rajasthan,Rajasthan District 4,Industrial,Objection,168,68,47,0,6,3,15,0.277,17.0,165
3dbc873a,Karnataka,Karnataka District 1,Industrial,Compensation,270,90,29,0,5,17,0,0.218,9.0,111
b7fb7806,Rajasthan,Rajasthan District 2,Agricultural,Notification,45,25,19,0,4,35,2,0.299,6.0,187
de7609e8,Haryana,Haryana District 3,Agricultural,Notification,57,37,19,0,1,3,10,0.147,6.0,192
9c609253,Chhattisgarh,Chhattisgarh District 4,Agricultural,Compensation,220,40,20,0,3,28,0,0.205,6.0,111
e9986243,West Bengal,West Bengal District 1,Agricultural,Compensation,283,103,21,0,4,0,8,0.111,6.0,192
f8803fc8,West Bengal,West Bengal District 2,Commercial,Objection,142,42,40,0,9,32,0,0.295,13.0,192
3d9cff89,Rajasthan,Rajasthan District 3,Commercial,Objection,280,180,14,0,0,3,80,0.108,5.0,343
f10acc2e,Rajasthan,Rajasthan District 4,Commercial,Objection,173,73,29,0,4,1,18,0.147,10.0,260
abfb37cf,Punjab,Punjab District 1,Commercial,Possession,277,17,13,0,4,33,0,0.195,3.0,174
825d5c42,Madhya Pradesh,Madhya Pradesh District 2,Agricultural,Notification,34,14,21,1,5,7,10,0.504,7.0,197
476dc2bb,Chhattisgarh,Chhattisgarh District 3,Residential,Possession,273,13,20,0,5,2,0,0.228,5.0,187
4a96c3d5,Bihar,Bihar District 4,Agricultural,Objection,278,178,6,0,1,5,29,0.205,2.0,192
dd6cecc8,Punjab,Punjab District 1,Agricultural,Objection,228,128,19,0,4,6,0,0.317,6.0,174
059b8a1e,Maharashtra,Maharashtra District 2,Industrial,Compensation,340,160,28,0,6,60,47,0.202,9.0,197
d56364d8,Punjab,Punjab District 3,Commercial,Notification,192,172,23,1,5,34,80,0.349,8.0,317
045abe39,Karnataka,Karnataka District 4,Agricultural,Notification,58,38,20,0,2,1,0,0.082,7.0,174
6a0ebc2c,Rajasthan,Rajasthan District 1,Industrial,Objection,131,31,42,1,11,7,10,0.614,14.0,111
b993c93f,Punjab,Punjab District 2,Industrial,Compensation,269,89,11,0,0,22,0,0.11,4.0,154
4992f491,Tamil Nadu,Tamil Nadu District 3,Agricultural,Notification,84,64,18,0,3,3,0,0.186,5.0,187
b4caa970,West Bengal,West Bengal District 4,Commercial,Notification,113,93,12,0,4,31,17,0.127,3.0,192
34732563,Uttar Pradesh,Uttar Pradesh District 1,Agricultural,Notification,91,71,16,0,1,0,2,0.02,5.0,181
336b11ec,Andhra Pradesh,Andhra Pradesh District 2,Agricultural,Objection,146,46,33,1,7,32,10,0.316,11.0,187
db7aeab8,Uttar Pradesh,Uttar Pradesh District 3,Industrial,Objection,192,92,33,0,7,35,32,0.366,11.0,273
6b3b4fac,Uttar Pradesh,Uttar Pradesh District 4,Agricultural,Possession,287,27,36,0,7,4,3,0.331,12.0,201
cfa14b59,Rajasthan,Rajasthan District 1,Agricultural,Compensation,306,126,31,0,3,6,24,0.117,11.0,181
9d25a36d,Andhra Pradesh,Andhra Pradesh District 2,Agricultural,Compensation,244,64,21,0,4,14,0,0.18,6.0,192
0ba56273,Karnataka,Karnataka District 3,Industrial,Notification,160,140,32,0,2,3,48,0.17,12.0,197
f0013efc,Rajasthan,Rajasthan District 4,Industrial,Notification,33,13,12,0,2,33,0,0.137,4.0,138
40d3e9c9,Haryana,Haryana District 1,Industrial,Objection,280,180,17,1,3,2,80,0.26,6.0,323
6494a295,Madhya Pradesh,Madhya Pradesh District 2,Commercial,Compensation,296,116,26,0,4,24,32,0.227,8.0,181
e178bcaf,Karnataka,Karnataka District 3,Industrial,Compensation,290,110,10,1,3,13,38,0.244,3.0,197
f7684058,Tamil Nadu,Tamil Nadu District 4,Commercial,Objection,168,68,28,0,5,36,16,0.308,9.0,242
ab66ff9b,Uttar Pradesh,Uttar Pradesh District 1,Commercial,Notification,58,38,40,1,6,4,20,0.405,14.0,224
da6c5b85,Punjab,Punjab District 2,Commercial,Compensation,238,58,17,0,1,27,0,0.147,6.0,192
86a8b2b7,Andhra Pradesh,Andhra Pradesh District 3,Agricultural,Objection,117,17,30,1,6,31,10,0.291,10.0,165
2d31e6f2,Andhra Pradesh,Andhra Pradesh District 4,Industrial,Notification,37,17,12,0,3,3,0,0.194,3.0,111
fe5c5068,Haryana,Haryana District 1,Agricultural,Compensation,220,40,5,1,3,45,10,0.15,2.0,154
82b9f32d,Uttar Pradesh,Uttar Pradesh District 2,Industrial,Compensation,210,30,30,0,3,17,0,0.161,10.0,111
afc956a9,Bihar,Bihar District 3,Agricultural,Objection,215,115,18,0,2,3,0,0.181,6.0,111
cbf67972,Madhya Pradesh,Madhya Pradesh District 4,Agricultural,Objection,206,106,29,0,6,36,0,0.36,9.0,165
055b3e9b,Bihar,Bihar District 1,Agricultural,Notification,112,92,7,0,2,4,46,0.197,2.0,283
d1c6326c,Madhya Pradesh,Madhya Pradesh District 2,Agricultural,Notification,64,44,18,0,2,32,14,0.103,6.0,201
cc62bdf4,Karnataka,Karnataka District 3,Industrial,Compensation,231,51,34,0,5,22,0,0.249,11.0,138
27fd625a,Haryana,Haryana District 4,Agricultural,Possession,274,14,17,0,4,1,0,0.137,5.0,165
b2e667c0,Uttar Pradesh,Uttar Pradesh District 1,Agricultural,Notification,65,45,40,0,4,4,0,0.286,14.0,111
186fceb1,Haryana,Haryana District 2,Agricultural,Objection,207,107,27,0,3,5,0,0.274,9.0,111
751078f6,Tamil Nadu,Tamil Nadu District 3,Agricultural,Possession,275,15,35,0,5,30,0,0.117,12.0,174
3d5e1d07,Maharashtra,Maharashtra District 4,Agricultural,Notification,55,35,22,0,3,0,8,0.089,7.0,174
3c2e6500,Maharashtra,Maharashtra District 1,Residential,Possession,270,10,21,0,5,5,0,0.335,6.0,174
44a94166,Maharashtra,Maharashtra District 2,Industrial,Possession,279,19,36,1,10,4,10,0.511,11.0,111
7c824c41,Andhra Pradesh,Andhra Pradesh District 3,Agricultural,Notification,48,28,5,0,1,5,4,0.205,1.0,197
1f2143d8,Haryana,Haryana District 4,Industrial,Objection,227,127,39,0,6,5,0,0.379,13.0,111
53613714,Rajasthan,Rajasthan District 1,Industrial,Possession,282,22,37,0,2,2,0,0.142,14.0,111
6abcac56,Rajasthan,Rajasthan District 2,Agricultural,Possession,280,20,30,0,6,32,0,0.232,10.0,181
f1a2a452,Andhra Pradesh,Andhra Pradesh District 3,Industrial,Notification,126,106,25,0,2,4,26,0.19,9.0,192
49162d2d,Rajasthan,Rajasthan District 4,Agricultural,Possession,287,27,26,0,3,2,3,0.17,9.0,192
2d98b525,Chhattisgarh,Chhattisgarh District 1,Agricultural,Notification,88,68,17,1,5,0,10,0.241,5.0,187
470e7db7,Karnataka,Karnataka District 2,Residential,Objection,152,52,27,0,2,3,0,0.185,9.0,111
4b0b47c9,Haryana,Haryana District 3,Agricultural,Objection,280,180,35,0,2,3,37,0.168,13.0,201
07f159de,Karnataka,Karnataka District 4,Industrial,Notification,88,68,20,0,1,3,30,0.15,7.0,279
d2bb6b80,Maharashtra,Maharashtra District 1,Commercial,Notification,126,106,8,1,5,34,36,0.336,2.0,181
f8ac34db,Haryana,Haryana District 2,Agricultural,Possession,272,12,26,0,4,2,0,0.201,8.0,111
bd1074a7,Punjab,Punjab District 3,Agricultural,Possession,281,21,18,0,2,3,0,0.184,6.0,187
506390fd,Uttar Pradesh,Uttar Pradesh District 4,Agricultural,Compensation,326,146,23,0,5,16,37,0.202,7.0,154
e135d71b,West Bengal,West Bengal District 1,Industrial,Notification,59,39,28,0,8,33,11,0.324,8.0,230
f8ec7342,Bihar,Bihar District 2,Agricultural,Notification,91,71,21,0,2,5,2,0.229,7.0,174
b11f9f3d,Bihar,Bihar District 3,Commercial,Notification,71,51,25,0,5,2,0,0.225,8.0,154
27a0a86a,Bihar,Bihar District 4,Agricultural,Objection,258,158,40,0,7,3,15,0.304,14.0,165
a8532fde,Tamil Nadu,Tamil Nadu District 1,Industrial,Objection,249,149,4,0,1,4,10,0.162,1.0,201
c7fa5b0b,Rajasthan,Rajasthan District 2,Agricultural,Notification,155,135,45,0,7,2,45,0.25,16.0,138
f7d7596d,Andhra Pradesh,Andhra Pradesh District 3,Industrial,Compensation,208,28,12,0,1,29,0,0.148,4.0,201
1cfe9ff6,Madhya Pradesh,Madhya Pradesh District 4,Agricultural,Notification,131,111,23,0,6,5,29,0.335,6.0,138
8d7e532c,Andhra Pradesh,Andhra Pradesh District 1,Agricultural,Compensation,242,62,21,0,3,39,0,0.26,7.0,154
a0011afe,Punjab,Punjab District 2,Industrial,Notification,88,68,24,0,4,33,0,0.184,8.0,201
60dfb728,Tamil Nadu,Tamil Nadu District 3,Agricultural,Objection,224,124,35,0,4,3,0,0.243,12.0,111
751e8947,Madhya Pradesh,Madhya Pradesh District 4,Industrial,Possession,280,20,32,0,2,2,0,0.143,12.0,192
36b478d3,Haryana,Haryana District 1,Agricultural,Notification,53,33,13,0,1,2,0,0.092,4.0,154
703d568e,Karnataka,Karnataka District 2,Agricultural,Notification,36,16,14,0,1,37,0,0.259,5.0,192
284f4588,Karnataka,Karnataka District 3,Commercial,Possession,299,39,7,0,0,2,11,0.092,2.0,138
8ae59e1e,Karnataka,Karnataka District 4,Industrial,Possession,269,9,13,0,3,3,0,0.216,3.0,111
3cd21c92,Uttar Pradesh,Uttar Pradesh District 1,Industrial,Notification,184,164,26,0,4,4,64,0.275,8.0,298
5f1fe680,Bihar,Bihar District 2,Agricultural,Possession,292,32,18,0,0,5,6,0.203,6.0,214
1f82c62f,West Bengal,West Bengal District 3,Agricultural,Objection,204,104,24,0,6,3,0,0.265,7.0,187
2a7130e8,Haryana,Haryana District 4,Agricultural,Notification,30,10,25,1,6,0,10,0.273,8.0,111
baabab30,Bihar,Bihar District 1,Industrial,Notification,30,10,43,0,4,6,0,0.329,16.0,111
a0a08d7f,Bihar,Bihar District 2,Agricultural,Compensation,276,96,29,0,3,0,4,0.077,10.0,197
35aa6e28,Punjab,Punjab District 3,Agricultural,Compensation,265,85,12,0,4,80,0,0.242,3.0,111
e8b546bc,Bihar,Bihar District 4,Residential,Possession,311,51,28,0,5,4,19,0.288,9.0,258
af718fb4,Haryana,Haryana District 1,Agricultural,Notification,126,106,36,0,4,35,26,0.277,13.0,165
280f0a3d,Haryana,Haryana District 2,Residential,Compensation,230,50,25,0,4,8,0,0.148,8.0,154
181173f5,Bihar,Bihar District 3,Agricultural,Compensation,360,180,17,0,3,45,80,0.294,5.0,330
2df9f432,Madhya Pradesh,Madhya Pradesh District 4,Industrial,Objection,185,85,34,0,4,3,0,0.215,12.0,174
aa4a38c1,Haryana,Haryana District 1,Industrial,Compensation,360,180,30,0,3,68,64,0.397,10.0,174
8c70199c,West Bengal,West Bengal District 2,Agricultural,Objection,164,64,20,0,4,34,0,0.211,6.0,111
11438076,Haryana,Haryana District 3,Residential,Compensation,292,112,25,0,4,22,14,0.211,8.0,197
d1a1e1eb,Bihar,Bihar District 4,Agricultural,Objection,280,180,25,0,3,4,44,0.229,8.0,197
d2439dfc,Bihar,Bihar District 1,Agricultural,Objection,280,180,17,0,2,1,34,0.095,5.0,154
88b3d93a,Punjab,Punjab District 2,Residential,Notification,110,90,20,0,3,4,15,0.21,6.0,242
c1570790,Rajasthan,Rajasthan District 3,Industrial,Notification,44,24,34,0,6,34,0,0.285,11.0,111
06648f8d,Punjab,Punjab District 4,Agricultural,Compensation,262,82,32,0,2,49,0,0.297,12.0,197
682f9852,Karnataka,Karnataka District 1,Agricultural,Objection,280,180,16,0,3,1,36,0.115,5.0,174
74e62256,Rajasthan,Rajasthan District 2,Residential,Notification,171,151,8,0,3,30,56,0.053,2.0,302
4fb51100,West Bengal,West Bengal District 3,Agricultural,Compensation,277,97,27,0,5,90,20,0.332,9.0,174
392e6f00,Punjab,Punjab District 4,Agricultural,Compensation,246,66,22,0,2,26,0,0.181,7.0,201
71060bd7,Maharashtra,Maharashtra District 1,Agricultural,Possession,300,40,50,0,8,0,12,0.24,18.0,244
88de865c,Andhra Pradesh,Andhra Pradesh District 2,Residential,Compensation,207,27,31,0,3,45,0,0.301,11.0,111
886b3899,Andhra Pradesh,Andhra Pradesh District 3,Commercial,Possession,305,45,7,0,0,3,15,0.125,2.0,154
dda6221e,Karnataka,Karnataka District 4,Commercial,Possession,278,18,31,1,6,5,10,0.461,10.0,165
1d7ebb22,Punjab,Punjab District 1,Agricultural,Notification,72,52,30,1,7,4,10,0.431,10.0,111
306217f4,Maharashtra,Maharashtra District 2,Industrial,Notification,55,35,29,0,4,1,8,0.154,10.0,165
b447bdb4,Uttar Pradesh,Uttar Pradesh District 3,Industrial,Notification,54,34,19,0,2,3,8,0.161,6.0,111
87fd9e2e,West Bengal,West Bengal District 4,Industrial,Objection,133,33,24,1,4,2,10,0.285,8.0,192
18152058,Rajasthan,Rajasthan District 1,Commercial,Possession,334,74,35,1,6,2,44,0.345,12.0,280
0b27b2ed,Karnataka,Karnataka District 2,Agricultural,Objection,123,23,18,0,2,3,0,0.169,6.0,111
042b6d89,Punjab,Punjab District 3,Industrial,Notification,78,58,14,0,3,6,0,0.313,4.0,181
a2c092e9,Tamil Nadu,Tamil Nadu District 4,Agricultural,Objection,278,178,17,0,3,1,28,0.132,5.0,165
adef2a0d,Bihar,Bihar District 1,Commercial,Compensation,239,59,24,0,5,12,0,0.192,7.0,111
7aaef201,Rajasthan,Rajasthan District 2,Industrial,Objection,262,162,16,0,4,7,18,0.374,4.0,138
bfd0f54e,Karnataka,Karnataka District 3,Residential,Notification,82,62,13,0,4,32,0,0.156,3.0,154
83157c60,Chhattisgarh,Chhattisgarh District 4,Agricultural,Objection,178,78,26,0,4,38,0,0.376,9.0,111
2d7b23b4,West Bengal,West Bengal District 1,Agricultural,Possession,281,21,30,0,4,2,0,0.191,10.0,192
aebd2e82,Andhra Pradesh,Andhra Pradesh District 2,Agricultural,Objection,132,32,20,1,2,2,10,0.254,7.0,192
a96628f1,Chhattisgarh,Chhattisgarh District 3,Agricultural,Compensation,230,50,24,0,2,15,0,0.139,8.0,197
5525b08f,Maharashtra,Maharashtra District 4,Industrial,Possession,306,46,26,0,3,5,16,0.264,9.0,181
b5204e86,Rajasthan,Rajasthan District 1,Agricultural,Compensation,250,70,29,0,5,63,2,0.19,10.0,181
03f7bdb4,Uttar Pradesh,Uttar Pradesh District 2,Industrial,Objection,254,154,28,1,4,5,22,0.39,10.0,242
ed70fffd,Uttar Pradesh,Uttar Pradesh District 3,Agricultural,Compensation,238,58,29,0,3,13,0,0.138,10.0,138
41bd2819,Andhra Pradesh,Andhra Pradesh District 4,Industrial,Possession,290,30,9,1,5,32,15,0.268,2.0,165
3888a303,Uttar Pradesh,Uttar Pradesh District 1,Commercial,Notification,98,78,24,0,4,33,7,0.179,8.0,165
5204bd52,West Bengal,West Bengal District 2,Industrial,Notification,34,14,26,0,3,3,0,0.208,9.0,111
e9b0e15f,Madhya Pradesh,Madhya Pradesh District 3,Agricultural,Objection,280,180,23,0,3,3,32,0.207,7.0,165
32b74d46,Uttar Pradesh,Uttar Pradesh District 4,Agricultural,Possession,279,19,28,0,2,2,0,0.127,10.0,111
ecc0e865,Madhya Pradesh,Madhya Pradesh District 1,Agricultural,Notification,42,22,31,0,4,6,0,0.354,10.0,197
c365cd0c,Punjab,Punjab District 2,Agricultural,Notification,110,90,33,1,5,2,25,0.295,12.0,239
297c09dd,Madhya Pradesh,Madhya Pradesh District 3,Industrial,Compensation,233,53,18,0,1,39,0,0.207,6.0,111
9a9b247b,West Bengal,West Bengal District 4,Agricultural,Notification,60,40,18,0,3,1,12,0.147,5.0,174
be58d558,Uttar Pradesh,Uttar Pradesh District 1,Industrial,Possession,269,9,25,0,3,3,0,0.208,8.0,174
f3ab2778,West Bengal,West Bengal District 2,Agricultural,Notification,34,14,29,0,2,3,0,0.145,10.0,174
9433a6e5,Chhattisgarh,Chhattisgarh District 3,Commercial,Objection,186,86,28,0,2,2,27,0.147,10.0,264
e91ac00b,Andhra Pradesh,Andhra Pradesh District 4,Agricultural,Compensation,234,54,16,0,3,45,0,0.044,5.0,111
9f44b5dd,Andhra Pradesh,Andhra Pradesh District 1,Agricultural,Notification,101,81,18,0,1,33,9,0.11,6.0,228
7946fd22,Karnataka,Karnataka District 2,Residential,Compensation,288,108,28,0,2,0,12,0.068,10.0,154
56fd4e59,Tamil Nadu,Tamil Nadu District 3,Residential,Objection,144,44,25,0,3,1,0,0.108,8.0,111
e7b1008e,Uttar Pradesh,Uttar Pradesh District 4,Residential,Possession,294,34,16,0,2,0,8,0.048,5.0,201
2af18558,Haryana,Haryana District 1,Agricultural,Objection,280,180,13,0,2,2,80,0.116,4.0,181
b21286ca,Andhra Pradesh,Andhra Pradesh District 2,Industrial,Objection,198,98,42,0,5,4,36,0.277,15.0,283
0a0f801c,Karnataka,Karnataka District 3,Residential,Possession,273,13,27,0,3,0,0,0.094,9.0,187
58f44cca,Uttar Pradesh,Uttar Pradesh District 4,Agricultural,Compensation,280,100,34,0,4,12,22,0.167,12.0,192
5ae4d670,Bihar,Bihar District 1,Agricultural,Objection,158,58,28,1,7,6,10,0.488,9.0,187
07d528de,West Bengal,West Bengal District 2,Agricultural,Compensation,243,63,18,1,4,40,10,0.394,6.0,187
b26a8f4d,Uttar Pradesh,Uttar Pradesh District 3,Residential,Compensation,218,38,19,0,1,0,0,0.035,6.0,192
8187e250,Bihar,Bihar District 4,Industrial,Objection,146,46,27,0,1,0,1,0.034,10.0,154
bc234b90,Punjab,Punjab District 1,Industrial,Objection,140,40,33,1,7,2,10,0.374,11.0,181
984170de,West Bengal,West Bengal District 2,Residential,Compensation,360,180,25,0,4,10,80,0.157,8.0,343
94ed4b5f,Punjab,Punjab District 3,Industrial,Compensation,360,180,34,0,6,58,68,0.447,11.0,308
75df9f5b,Haryana,Haryana District 4,Residential,Objection,280,180,26,0,3,4,80,0.237,9.0,187
dbad159f,Rajasthan,Rajasthan District 1,Industrial,Compensation,325,145,10,0,0,40,36,0.185,3.0,181
b5f66e84,Punjab,Punjab District 2,Agricultural,Objection,144,44,44,0,4,1,0,0.169,16.0,201
df84ec98,Uttar Pradesh,Uttar Pradesh District 3,Agricultural,Compensation,340,160,28,0,1,15,46,0.11,10.0,187
27fbef58,Uttar Pradesh,Uttar Pradesh District 4,Agricultural,Notification,72,52,30,0,2,3,20,0.15,11.0,262
9bbe051d,Uttar Pradesh,Uttar Pradesh District 1,Commercial,Possession,280,20,18,1,2,1,10,0.204,6.0,111
724c3336,Karnataka,Karnataka District 2,Agricultural,Compensation,252,72,19,1,3,40,13,0.371,6.0,174
4c65c6c8,Tamil Nadu,Tamil Nadu District 3,Industrial,Notification,82,62,15,0,4,0,0,0.103,4.0,197
efd05774,Rajasthan,Rajasthan District 4,Commercial,Compensation,241,61,21,0,2,0,0,0.048,7.0,154
4be989b7,West Bengal,West Bengal District 1,Industrial,Notification,94,74,47,0,7,32,4,0.247,17.0,187
9384e02d,Andhra Pradesh,Andhra Pradesh District 2,Residential,Notification,64,44,17,0,1,5,0,0.216,6.0,154
e09d822f,Chhattisgarh,Chhattisgarh District 3,Agricultural,Compensation,259,79,19,0,5,0,8,0.128,5.0,201
0ae5b853,Maharashtra,Maharashtra District 4,Agricultural,Notification,178,158,8,0,2,33,60,0.139,2.0,310
39096dd4,West Bengal,West Bengal District 1,Agricultural,Compensation,219,39,26,0,4,31,0,0.261,8.0,197
7ed9df2a,Andhra Pradesh,Andhra Pradesh District 2,Residential,Objection,132,32,34,0,3,4,0,0.235,12.0,154
6d6b370a,Madhya Pradesh,Madhya Pradesh District 3,Agricultural,Possession,282,22,19,1,3,0,10,0.194,6.0,181
296cd3d0,Punjab,Punjab District 4,Industrial,Compensation,234,54,40,1,5,0,10,0.246,15.0,111
79168148,Chhattisgarh,Chhattisgarh District 1,Commercial,Possession,274,14,30,0,4,2,0,0.205,10.0,174
05603485,Madhya Pradesh,Madhya Pradesh District 2,Industrial,Compensation,248,68,33,1,6,29,10,0.391,11.0,154
5a84541a,West Bengal,West Bengal District 3,Industrial,Objection,262,162,18,0,3,37,18,0.322,6.0,192
00df0dc1,Maharashtra,Maharashtra District 4,Industrial,Objection,178,78,13,0,2,37,0,0.296,4.0,197
da74d351,Rajasthan,Rajasthan District 1,Agricultural,Compensation,277,97,36,0,6,54,4,0.169,13.0,187
5f327734,Punjab,Punjab District 2,Industrial,Possession,286,26,22,0,3,1,2,0.143,7.0,154
936287fa,Rajasthan,Rajasthan District 3,Agricultural,Notification,33,13,13,0,1,7,0,0.282,4.0,165
0eddbf3a,Rajasthan,Rajasthan District 4,Agricultural,Notification,32,12,6,0,0,4,0,0.155,2.0,201
6453047f,Punjab,Punjab District 1,Industrial,Notification,60,40,34,0,7,31,12,0.199,11.0,246
d30097c0,Maharashtra,Maharashtra District 2,Agricultural,Notification,38,18,25,0,3,1,0,0.104,8.0,111
4278156a,Tamil Nadu,Tamil Nadu District 3,Industrial,Possession,276,16,34,0,4,5,0,0.283,12.0,197
02963921,Chhattisgarh,Chhattisgarh District 4,Commercial,Compensation,271,91,5,0,0,14,0,0.065,2.0,111
cf812861,Bihar,Bihar District 1,Agricultural,Objection,264,164,35,0,3,3,19,0.203,13.0,201
21bb1617,Madhya Pradesh,Madhya Pradesh District 2,Industrial,Notification,138,118,32,1,6,2,44,0.314,11.0,181
cbc2a776,Uttar Pradesh,Uttar Pradesh District 3,Agricultural,Notification,92,72,20,0,3,6,33,0.3,6.0,267
f7bbc687,Karnataka,Karnataka District 4,Commercial,Notification,53,33,12,1,4,6,17,0.437,3.0,211
aa55e02b,Tamil Nadu,Tamil Nadu District 1,Agricultural,Compensation,219,39,32,0,5,6,0,0.161,11.0,201
7c8b5c1c,Uttar Pradesh,Uttar Pradesh District 2,Residential,Possession,283,23,10,0,1,2,0,0.098,3.0,138
11eb5b4a,Karnataka,Karnataka District 3,Agricultural,Notification,82,62,13,0,1,2,0,0.113,4.0,111
83a49126,West Bengal,West Bengal District 4,Agricultural,Compensation,303,123,23,0,0,44,22,0.202,8.0,187
8d4b84e3,Chhattisgarh,Chhattisgarh District 1,Residential,Objection,128,28,17,0,3,8,0,0.38,5.0,174
414b2c6e,Karnataka,Karnataka District 2,Agricultural,Compensation,299,119,20,1,5,15,44,0.292,6.0,138
4bee9620,Rajasthan,Rajasthan District 3,Agricultural,Objection,198,98,22,0,4,6,0,0.332,7.0,154
61d973b6,Karnataka,Karnataka District 4,Industrial,Objection,203,103,26,0,3,0,0,0.102,9.0,192
e944f0e2,West Bengal,West Bengal District 1,Agricultural,Compensation,298,118,7,0,1,45,18,0.02,2.0,259
824eeaa4,West Bengal,West Bengal District 2,Industrial,Compensation,286,106,29,0,3,48,26,0.299,10.0,276
8be0e432,West Bengal,West Bengal District 3,Agricultural,Objection,161,61,29,1,7,35,10,0.431,10.0,197
869829d1,Madhya Pradesh,Madhya Pradesh District 4,Agricultural,Compensation,291,111,14,0,1,45,14,0.24,4.0,174
68bdf17c,Karnataka,Karnataka District 1,Agricultural,Objection,147,47,5,0,0,6,2,0.217,2.0,154
da29a14a,Karnataka,Karnataka District 2,Commercial,Compensation,360,180,19,0,1,25,80,0.154,6.0,330
2c3739c8,Maharashtra,Maharashtra District 3,Commercial,Notification,83,63,14,1,2,3,10,0.268,5.0,174
90f30de5,Madhya Pradesh,Madhya Pradesh District 4,Agricultural,Objection,280,180,30,0,1,2,80,0.079,11.0,339
94729a78,West Bengal,West Bengal District 1,Agricultural,Compensation,292,112,14,0,1,12,30,0.082,4.0,187
f21533d9,Karnataka,Karnataka District 2,Industrial,Objection,280,180,24,0,4,4,40,0.251,8.0,181
f94ab170,Chhattisgarh,Chhattisgarh District 3,Industrial,Possession,277,17,30,1,8,30,10,0.297,10.0,111
643ff8d0,Haryana,Haryana District 4,Industrial,Objection,188,88,31,0,3,2,0,0.156,11.0,165
d17fea2b,Andhra Pradesh,Andhra Pradesh District 1,Agricultural,Compensation,271,91,23,0,3,40,0,0.279,7.0,111
a6b31960,Chhattisgarh,Chhattisgarh District 2,Industrial,Notification,142,122,28,0,5,3,36,0.248,9.0,111
da86f8b4,Andhra Pradesh,Andhra Pradesh District 3,Agricultural,Compensation,254,74,25,0,3,29,4,0.216,8.0,111
e9324932,Uttar Pradesh,Uttar Pradesh District 4,Agricultural,Compensation,220,40,9,1,3,39,10,0.36,3.0,111
adcd3592,Madhya Pradesh,Madhya Pradesh District 1,Commercial,Notification,37,17,26,0,3,36,0,0.26,9.0,187
3af5e9f1,Maharashtra,Maharashtra District 2,Agricultural,Objection,280,180,9,0,1,4,80,0.19,3.0,341
ddae240a,Andhra Pradesh,Andhra Pradesh District 3,Industrial,Notification,42,22,30,0,4,36,0,0.3,10.0,197
0e6944d7,Karnataka,Karnataka District 4,Agricultural,Objection,132,32,36,0,5,6,0,0.343,13.0,111
9b70cd55,Rajasthan,Rajasthan District 1,Agricultural,Compensation,262,82,19,0,4,57,10,0.126,6.0,224
76caa717,West Bengal,West Bengal District 2,Agricultural,Compensation,297,117,23,1,5,0,28,0.247,7.0,197
b3a952f9,Punjab,Punjab District 3,Commercial,Compensation,281,101,23,0,5,16,8,0.208,7.0,222
589caa2f,Bihar,Bihar District 4,Agricultural,Objection,231,131,14,0,2,1,0,0.116,4.0,154
418e1ed8,Karnataka,Karnataka District 1,Residential,Notification,114,94,26,0,3,1,18,0.132,9.0,111
d149b80d,Uttar Pradesh,Uttar Pradesh District 2,Agricultural,Notification,36,16,17,0,3,36,0,0.28,5.0,154
e1237d9c,Madhya Pradesh,Madhya Pradesh District 3,Agricultural,Compensation,226,46,15,0,1,47,0,0.257,5.0,174
1c5db1aa,Bihar,Bihar District 4,Industrial,Objection,156,56,23,1,5,32,17,0.299,8.0,174
bee3d01d,Punjab,Punjab District 1,Industrial,Notification,105,85,18,0,1,0,12,0.03,6.0,174
017e4a22,Karnataka,Karnataka District 2,Residential,Possession,274,14,13,1,4,6,10,0.441,4.0,201
d5691de6,Rajasthan,Rajasthan District 3,Commercial,Compensation,323,143,34,1,7,4,46,0.312,11.0,192
48c7bcf2,Karnataka,Karnataka District 4,Agricultural,Compensation,319,139,14,0,1,25,32,0.148,4.0,273
bac452f6,Madhya Pradesh,Madhya Pradesh District 1,Residential,Objection,138,38,33,0,5,2,0,0.224,11.0,111
17e9fc6a,Madhya Pradesh,Madhya Pradesh District 2,Industrial,Compensation,296,116,32,1,6,76,42,0.389,11.0,165
8be4d91f,Rajasthan,Rajasthan District 3,Agricultural,Notification,119,99,22,0,1,5,21,0.198,8.0,187
59940e71,Uttar Pradesh,Uttar Pradesh District 4,Agricultural,Notification,37,17,26,1,6,2,10,0.325,8.0,111
6ec38ce2,Rajasthan,Rajasthan District 1,Industrial,Possession,296,36,18,0,2,2,9,0.134,6.0,174
0fe08c0d,Karnataka,Karnataka District 2,Industrial,Notification,58,38,14,0,4,34,10,0.262,4.0,187
9d505e06,Tamil Nadu,Tamil Nadu District 3,Agricultural,Compensation,257,77,21,0,3,36,6,0.252,7.0,220
30758653,Haryana,Haryana District 4,Agricultural,Notification,79,59,42,0,6,37,0,0.386,15.0,165
55d92c89,Uttar Pradesh,Uttar Pradesh District 1,Agricultural,Objection,149,49,24,0,5,3,2,0.238,7.0,201
df8fc193,Madhya Pradesh,Madhya Pradesh District 2,Industrial,Notification,41,21,16,0,3,3,0,0.196,5.0,111
0c3b261d,Karnataka,Karnataka District 3,Agricultural,Objection,152,52,24,0,4,6,4,0.339,8.0,211
128c86e3,West Bengal,West Bengal District 4,Agricultural,Possession,281,21,24,0,4,30,0,0.072,8.0,192
25d12a5b,Punjab,Punjab District 1,Agricultural,Objection,126,26,23,0,4,5,0,0.324,7.0,197
6b9c4be3,Madhya Pradesh,Madhya Pradesh District 2,Agricultural,Possession,302,42,28,0,1,6,13,0.275,10.0,243
6aca27c2,Uttar Pradesh,Uttar Pradesh District 3,Industrial,Notification,30,8,25,0,3,4,0,0.223,8.0,174
85d5d301,Haryana,Haryana District 4,Agricultural,Notification,41,21,33,0,5,0,0,0.135,11.0,192
5d58051d,Karnataka,Karnataka District 1,Agricultural,Possession,279,19,30,0,5,2,0,0.217,10.0,138
bc4724d4,West Bengal,West Bengal District 2,Commercial,Notification,82,62,24,0,5,34,0,0.25,8.0,138
9844a281,West Bengal,West Bengal District 3,Agricultural,Compensation,320,140,25,0,3,41,48,0.266,8.0,290
46728940,West Bengal,West Bengal District 4,Industrial,Notification,200,180,34,0,6,0,80,0.179,11.0,326
05429201,Haryana,Haryana District 1,Industrial,Possession,268,8,23,0,1,3,0,0.143,8.0,197
7f0da550,Punjab,Punjab District 2,Agricultural,Compensation,256,76,28,0,4,46,6,0.311,9.0,154
1a4ee059,Andhra Pradesh,Andhra Pradesh District 3,Agricultural,Notification,40,20,28,0,4,0,0,0.101,9.0,192
f268f8a3,Bihar,Bihar District 4,Agricultural,Compensation,220,40,31,0,6,35,0,0.318,10.0,174
dbdc3b8d,Andhra Pradesh,Andhra Pradesh District 1,Commercial,Notification,43,23,22,1,6,3,10,0.381,7.0,138
6048cdaa,Bihar,Bihar District 2,Agricultural,Compensation,265,85,14,1,5,0,10,0.249,4.0,154
06775834,Andhra Pradesh,Andhra Pradesh District 3,Residential,Compensation,254,74,36,0,3,17,4,0.172,13.0,181
e8757e42,Chhattisgarh,Chhattisgarh District 4,Agricultural,Compensation,230,50,37,0,6,7,0,0.203,13.0,138
baf3b1f8,Madhya Pradesh,Madhya Pradesh District 1,Industrial,Compensation,225,45,17,0,2,45,0,0.022,6.0,111
f98fef46,Tamil Nadu,Tamil Nadu District 2,Agricultural,Objection,223,123,26,0,6,2,0,0.262,7.0,154
81e2a650,Bihar,Bihar District 3,Agricultural,Objection,168,68,29,0,5,3,16,0.232,9.0,181
79a441b8,Uttar Pradesh,Uttar Pradesh District 4,Industrial,Notification,125,105,43,1,7,37,65,0.524,16.0,302
cc3a3902,Bihar,Bihar District 1,Commercial,Notification,33,13,17,0,2,3,0,0.165,5.0,111
4bf9ea4c,Andhra Pradesh,Andhra Pradesh District 2,Industrial,Objection,280,180,26,0,4,2,48,0.204,8.0,197
70b5b76f,Maharashtra,Maharashtra District 3,Industrial,Possession,282,22,14,0,1,2,0,0.088,4.0,181
ea170e08,Andhra Pradesh,Andhra Pradesh District 4,Commercial,Notification,151,131,31,0,5,6,42,0.393,10.0,181
e33f29f7,West Bengal,West Bengal District 1,Industrial,Objection,280,180,17,0,1,2,80,0.109,6.0,181
c9297200,Punjab,Punjab District 2,Residential,Compensation,248,68,10,1,4,32,10,0.365,3.0,174
f78ad9e0,Bihar,Bihar District 3,Agricultural,Objection,272,172,14,0,3,37,24,0.333,4.0,273
6b3e87b6,Tamil Nadu,Tamil Nadu District 4,Industrial,Objection,159,59,29,0,4,5,10,0.308,10.0,192
3ec95624,West Bengal,West Bengal District 1,Industrial,Compensation,208,28,9,0,1,38,0,0.203,3.0,138
cd3afb94,Haryana,Haryana District 2,Residential,Compensation,241,61,23,0,4,27,0,0.225,7.0,174
23f5e919,Punjab,Punjab District 3,Residential,Notification,40,20,21,1,4,2,10,0.275,7.0,192
e9c580c8,Haryana,Haryana District 4,Agricultural,Notification,65,45,26,0,2,2,15,0.145,9.0,192
aa1bd433,Madhya Pradesh,Madhya Pradesh District 1,Residential,Notification,72,52,18,0,4,4,0,0.271,5.0,187
0c938f76,Chhattisgarh,Chhattisgarh District 2,Agricultural,Notification,136,116,22,0,1,4,32,0.16,8.0,187
2ba82ac7,Punjab,Punjab District 3,Industrial,Possession,280,20,24,0,2,7,0,0.329,8.0,165
113c89e3,Madhya Pradesh,Madhya Pradesh District 4,Agricultural,Objection,280,180,21,0,3,34,50,0.2,7.0,201
5481c6c1,Rajasthan,Rajasthan District 1,Residential,Notification,84,64,32,0,4,37,0,0.336,12.0,174
910c2593,Maharashtra,Maharashtra District 2,Agricultural,Possession,284,24,12,0,0,4,1,0.156,4.0,197
6e90864a,Chhattisgarh,Chhattisgarh District 3,Agricultural,Objection,215,115,19,0,4,2,0,0.185,6.0,138
b4d3168a,Rajasthan,Rajasthan District 4,Agricultural,Objection,216,116,28,0,4,0,0,0.115,9.0,181
d5384bba,Punjab,Punjab District 1,Agricultural,Possession,288,28,28,0,4,4,4,0.236,9.0,201
58e07dee,Maharashtra,Maharashtra District 2,Residential,Possession,275,15,20,1,5,2,10,0.287,6.0,181
483f5a54,Andhra Pradesh,Andhra Pradesh District 3,Industrial,Notification,94,74,27,1,6,30,14,0.242,9.0,201
550a0380,Chhattisgarh,Chhattisgarh District 4,Agricultural,Possession,269,9,31,0,3,4,0,0.233,11.0,111
c9695030,Punjab,Punjab District 1,Commercial,Possession,296,36,20,1,5,2,19,0.287,6.0,111
2cc3e137,Madhya Pradesh,Madhya Pradesh District 2,Commercial,Objection,196,96,35,0,6,32,0,0.237,12.0,111
7cb5ca43,West Bengal,West Bengal District 3,Industrial,Notification,80,60,22,0,4,6,0,0.335,7.0,111
048baf2c,Punjab,Punjab District 4,Agricultural,Possession,281,21,9,0,3,32,0,0.113,2.0,165
e2f0e34d,Karnataka,Karnataka District 1,Residential,Compensation,212,32,10,0,0,33,0,0.151,3.0,111
04db7541,Uttar Pradesh,Uttar Pradesh District 2,Industrial,Objection,280,180,38,0,5,2,52,0.196,13.0,154
1b4f9a52,Haryana,Haryana District 3,Agricultural,Objection,165,65,19,0,1,2,14,0.114,6.0,165
8ad2226d,Chhattisgarh,Chhattisgarh District 4,Agricultural,Notification,69,49,14,0,1,3,0,0.144,4.0,111
5129c76b,Chhattisgarh,Chhattisgarh District 1,Agricultural,Objection,221,121,15,0,1,8,0,0.318,5.0,197
10194fa8,Uttar Pradesh,Uttar Pradesh District 2,Agricultural,Objection,148,48,23,0,6,35,2,0.32,7.0,181
8b6afd33,West Bengal,West Bengal District 3,Commercial,Compensation,250,70,24,0,4,74,0,0.205,8.0,187
e4c5e9ba,Madhya Pradesh,Madhya Pradesh District 4,Commercial,Objection,223,123,15,0,2,0,0,0.078,4.0,187
cd71fa44,Karnataka,Karnataka District 1,Industrial,Objection,280,180,31,0,4,6,59,0.335,10.0,187
d1f14e78,Rajasthan,Rajasthan District 2,Commercial,Objection,156,56,27,1,3,2,18,0.263,10.0,181
724054ab,Uttar Pradesh,Uttar Pradesh District 3,Commercial,Compensation,237,57,16,0,3,18,0,0.16,5.0,201
32c6067c,Rajasthan,Rajasthan District 4,Agricultural,Possession,285,25,29,0,4,2,2,0.172,10.0,187
1083944f,Punjab,Punjab District 1,Agricultural,Notification,112,92,22,0,3,6,16,0.321,7.0,111
d3655a4e,Punjab,Punjab District 2,Agricultural,Notification,103,83,25,0,4,2,10,0.177,8.0,174
b59c6885,Andhra Pradesh,Andhra Pradesh District 3,Agricultural,Notification,46,26,22,0,4,4,2,0.283,7.0,187
572efb26,Punjab,Punjab District 4,Industrial,Notification,40,20,12,0,1,6,0,0.232,4.0,181
91256b80,Bihar,Bihar District 1,Industrial,Possession,283,23,15,0,1,3,0,0.152,5.0,138
d210e769,Tamil Nadu,Tamil Nadu District 2,Agricultural,Notification,31,11,34,0,6,2,0,0.238,11.0,111
69e4586b,Andhra Pradesh,Andhra Pradesh District 3,Industrial,Notification,39,19,42,0,7,0,0,0.209,14.0,111
4b8be495,Andhra Pradesh,Andhra Pradesh District 4,Commercial,Compensation,249,69,24,0,1,37,0,0.211,8.0,187
d14ee574,Madhya Pradesh,Madhya Pradesh District 1,Residential,Notification,66,46,28,0,5,35,16,0.291,9.0,260
812f37de,Andhra Pradesh,Andhra Pradesh District 2,Industrial,Compensation,258,78,24,0,3,27,7,0.197,8.0,197
e56b5463,Karnataka,Karnataka District 3,Agricultural,Notification,200,180,29,0,6,4,76,0.315,9.0,305
ad98aa46,Madhya Pradesh,Madhya Pradesh District 4,Agricultural,Compensation,322,142,31,0,5,48,50,0.374,10.0,197
a83a2c58,Haryana,Haryana District 1,Industrial,Notification,106,86,13,0,2,3,12,0.164,4.0,154
7ee18c6d,Tamil Nadu,Tamil Nadu District 2,Industrial,Objection,114,14,14,0,1,3,0,0.134,4.0,138
69208eab,Tamil Nadu,Tamil Nadu District 3,Agricultural,Objection,280,180,12,1,4,2,80,0.262,3.0,342
9e37e699,Maharashtra,Maharashtra District 4,Commercial,Notification,83,63,23,0,3,30,0,0.062,8.0,165
38f0c254,Chhattisgarh,Chhattisgarh District 1,Agricultural,Compensation,284,104,27,0,3,26,10,0.216,9.0,165
bf272dbd,West Bengal,West Bengal District 2,Residential,Notification,200,180,22,1,6,2,80,0.347,7.0,342
7037a468,West Bengal,West Bengal District 3,Residential,Notification,65,45,22,1,4,3,25,0.303,7.0,240
9260b5a5,Andhra Pradesh,Andhra Pradesh District 4,Agricultural,Objection,180,80,20,0,3,3,0,0.191,6.0,111
653bf5fe,West Bengal,West Bengal District 1,Agricultural,Possession,268,8,15,0,1,7,0,0.297,5.0,201
7b20d52d,Haryana,Haryana District 2,Agricultural,Notification,54,34,25,0,5,35,8,0.289,8.0,226
d7321cbd,Maharashtra,Maharashtra District 3,Agricultural,Compensation,262,82,30,0,3,73,10,0.182,11.0,201
375a2cff,Rajasthan,Rajasthan District 4,Agricultural,Objection,280,180,18,0,4,3,80,0.243,5.0,322
a45b2220,Madhya Pradesh,Madhya Pradesh District 1,Commercial,Objection,218,118,6,0,0,3,0,0.134,2.0,165
1f24f076,Bihar,Bihar District 2,Industrial,Objection,280,180,42,0,7,2,80,0.286,14.0,345
52ea63d0,Andhra Pradesh,Andhra Pradesh District 3,Agricultural,Objection,134,34,14,0,1,35,0,0.171,5.0,111
b2c745a5,Haryana,Haryana District 4,Industrial,Possession,289,29,14,0,0,6,4,0.211,5.0,111
608e67b8,Uttar Pradesh,Uttar Pradesh District 1,Agricultural,Possession,286,26,19,0,1,3,2,0.152,6.0,201
6f71919f,West Bengal,West Bengal District 2,Residential,Compensation,269,89,30,1,5,50,10,0.467,10.0,165
8a5e9608,Maharashtra,Maharashtra District 3,Commercial,Objection,280,180,26,0,4,8,59,0.41,8.0,111
2758bc10,Haryana,Haryana District 4,Agricultural,Compensation,230,50,16,0,2,64,0,0.34,5.0,197
be2be1bc,West Bengal,West Bengal District 1,Industrial,Compensation,232,52,38,0,4,29,0,0.241,14.0,165
e3981f56,Haryana,Haryana District 2,Industrial,Notification,58,38,21,0,3,4,0,0.235,7.0,174
5838db04,Tamil Nadu,Tamil Nadu District 3,Agricultural,Compensation,307,127,20,1,6,70,50,0.342,6.0,154
86f5f3f1,West Bengal,West Bengal District 4,Agricultural,Objection,280,180,11,0,3,0,80,0.07,3.0,154
703b04b9,Haryana,Haryana District 1,Industrial,Compensation,213,33,36,1,8,25,10,0.425,12.0,111
0112b6ed,Maharashtra,Maharashtra District 2,Industrial,Possession,275,15,24,0,3,8,0,0.363,8.0,111
1ad6440f,Maharashtra,Maharashtra District 3,Agricultural,Compensation,270,90,41,1,6,48,10,0.473,15.0,111
83191967,Tamil Nadu,Tamil Nadu District 4,Commercial,Objection,263,163,15,0,1,4,18,0.199,5.0,254
bfb7f43f,Madhya Pradesh,Madhya Pradesh District 1,Industrial,Objection,216,116,16,0,2,5,0,0.213,5.0,187
a7220643,Rajasthan,Rajasthan District 2,Industrial,Notification,103,83,26,0,3,4,10,0.25,9.0,244
4cdd689f,Tamil Nadu,Tamil Nadu District 3,Agricultural,Objection,179,79,31,0,6,4,0,0.305,10.0,197
b5fe2cb5,Tamil Nadu,Tamil Nadu District 4,Industrial,Notification,36,16,17,0,2,5,0,0.247,5.0,111
6a1bfae6,Rajasthan,Rajasthan District 1,Industrial,Notification,129,109,32,1,5,4,38,0.381,11.0,138
2cf1c1ae,Maharashtra,Maharashtra District 2,Commercial,Objection,280,180,32,1,6,3,80,0.345,11.0,324
9c661201,Rajasthan,Rajasthan District 3,Agricultural,Notification,49,29,24,0,3,5,4,0.277,8.0,197
06302932,Rajasthan,Rajasthan District 4,Industrial,Notification,30,5,17,0,4,35,0,0.261,5.0,174
04f04091,Karnataka,Karnataka District 1,Agricultural,Compensation,293,113,30,0,6,57,16,0.206,10.0,138
5dfafcd4,Punjab,Punjab District 2,Agricultural,Notification,51,31,32,0,5,2,6,0.205,11.0,197
2c80ba5a,Chhattisgarh,Chhattisgarh District 3,Agricultural,Notification,40,20,26,0,2,4,0,0.192,9.0,192
03e2fd7a,Madhya Pradesh,Madhya Pradesh District 4,Industrial,Notification,55,35,23,1,5,1,10,0.287,7.0,192
f77b2c38,Madhya Pradesh,Madhya Pradesh District 1,Residential,Compensation,255,75,14,0,1,0,0,0.031,4.0,181
55d95d37,Andhra Pradesh,Andhra Pradesh District 2,Agricultural,Compensation,360,180,25,0,4,22,60,0.212,8.0,165
07f0eed2,West Bengal,West Bengal District 3,Industrial,Possession,348,88,42,0,5,3,44,0.256,15.0,285
0418686a,Rajasthan,Rajasthan District 4,Commercial,Notification,33,13,28,0,6,5,0,0.349,9.0,201
972d84f2,Maharashtra,Maharashtra District 1,Agricultural,Objection,234,134,16,0,2,3,60,0.158,5.0,297
c1aecd45,Rajasthan,Rajasthan District 2,Residential,Notification,130,110,29,1,6,3,38,0.358,10.0,272
8780b7b6,Madhya Pradesh,Madhya Pradesh District 3,Residential,Objection,280,180,23,0,0,1,59,0.037,8.0,192
2da705b5,Bihar,Bihar District 4,Residential,Compensation,334,154,16,0,4,45,43,0.076,5.0,197
1ade997c,Rajasthan,Rajasthan District 1,Agricultural,Notification,74,54,27,0,4,6,0,0.34,9.0,181
cf6845b6,Maharashtra,Maharashtra District 2,Commercial,Compensation,264,84,26,0,2,26,0,0.172,9.0,192
e1932ef2,Madhya Pradesh,Madhya Pradesh District 3,Agricultural,Compensation,329,149,24,0,4,39,40,0.283,8.0,154
7e1690fe,Punjab,Punjab District 4,Industrial,Compensation,284,104,20,1,6,66,34,0.323,6.0,154
ad7b8e4f,Andhra Pradesh,Andhra Pradesh District 1,Agricultural,Objection,128,28,15,0,4,3,0,0.227,4.0,138
1fb0344b,Tamil Nadu,Tamil Nadu District 2,Agricultural,Possession,294,34,24,0,4,3,8,0.221,8.0,187
837ee19c,Tamil Nadu,Tamil Nadu District 3,Agricultural,Objection,117,17,20,0,3,2,0,0.145,6.0,181
5cd7fca3,Chhattisgarh,Chhattisgarh District 4,Agricultural,Compensation,288,108,15,0,3,0,12,0.074,4.0,138
e6c97052,Karnataka,Karnataka District 1,Residential,Objection,111,11,13,0,2,4,0,0.188,4.0,197
94817813,Andhra Pradesh,Andhra Pradesh District 2,Industrial,Notification,66,46,35,0,3,7,0,0.326,13.0,154
575aae74,Chhattisgarh,Chhattisgarh District 3,Commercial,Notification,84,64,28,0,5,2,0,0.212,9.0,165
0ea1ee7f,West Bengal,West Bengal District 4,Industrial,Objection,247,147,25,0,4,6,8,0.332,8.0,187
ed0a5e88,West Bengal,West Bengal District 1,Agricultural,Objection,246,146,29,0,8,30,7,0.201,8.0,222
ad2db97d,West Bengal,West Bengal District 2,Agricultural,Notification,118,98,20,0,4,4,20,0.241,6.0,269
c7f3d9f3,West Bengal,West Bengal District 3,Commercial,Objection,203,103,24,1,8,30,10,0.298,7.0,111
9b845089,Bihar,Bihar District 4,Commercial,Objection,192,92,44,1,6,3,41,0.382,16.0,174
2e6bad47,Punjab,Punjab District 1,Agricultural,Objection,198,98,28,0,5,37,0,0.343,9.0,187
b5148794,Rajasthan,Rajasthan District 2,Residential,Possession,332,72,25,0,5,3,33,0.241,8.0,279
463726d6,Haryana,Haryana District 3,Agricultural,Compensation,232,52,20,1,5,35,10,0.388,6.0,192
c7d49228,Chhattisgarh,Chhattisgarh District 4,Industrial,Objection,280,180,33,0,5,5,40,0.321,11.0,174
e618628e,West Bengal,West Bengal District 1,Commercial,Compensation,250,70,16,0,3,0,2,0.079,5.0,154
7c4064ff,Tamil Nadu,Tamil Nadu District 2,Agricultural,Notification,46,26,18,0,1,3,2,0.133,6.0,138
fe1ade91,Maharashtra,Maharashtra District 3,Agricultural,Objection,123,23,23,1,3,0,10,0.196,8.0,181
1b4a085e,Chhattisgarh,Chhattisgarh District 4,Agricultural,Compensation,236,56,25,1,6,99,10,0.476,8.0,138
5ba74468,Maharashtra,Maharashtra District 1,Industrial,Notification,200,180,15,0,3,3,80,0.184,4.0,338
d778b049,West Bengal,West Bengal District 2,Agricultural,Notification,97,77,22,0,2,5,6,0.245,7.0,174
2157ada7,Rajasthan,Rajasthan District 3,Agricultural,Objection,128,28,11,0,3,3,0,0.198,3.0,187
1036e6de,Tamil Nadu,Tamil Nadu District 4,Industrial,Compensation,298,118,9,0,2,21,34,0.155,2.0,276
df06e633,Rajasthan,Rajasthan District 1,Industrial,Compensation,282,102,31,1,5,34,33,0.4,11.0,111
453249cf,Bihar,Bihar District 2,Industrial,Compensation,283,103,18,1,6,16,18,0.347,5.0,201
7291eb39,Maharashtra,Maharashtra District 3,Residential,Objection,200,100,11,1,3,32,10,0.239,4.0,181
8d522690,Rajasthan,Rajasthan District 4,Industrial,Possession,278,18,33,0,4,9,0,0.438,11.0,111
cbb7e786,West Bengal,West Bengal District 1,Commercial,Notification,44,24,27,0,6,1,1,0.21,8.0,154
77ef2a1c,West Bengal,West Bengal District 2,Residential,Compensation,203,23,20,0,2,43,0,0.243,7.0,111
40e14f99,Maharashtra,Maharashtra District 3,Industrial,Notification,42,22,33,1,6,3,10,0.362,11.0,111
9e277025,Andhra Pradesh,Andhra Pradesh District 4,Industrial,Possession,268,8,39,0,4,0,0,0.13,14.0,165
794e47d9,Andhra Pradesh,Andhra Pradesh District 1,Agricultural,Notification,93,73,26,0,5,35,4,0.314,8.0,111
d5af1bb3,Andhra Pradesh,Andhra Pradesh District 2,Agricultural,Notification,52,32,24,0,3,2,0,0.144,8.0,138
c6e3291c,Madhya Pradesh,Madhya Pradesh District 3,Agricultural,Notification,70,50,7,1,3,31,10,0.185,2.0,111
8f725bee,Punjab,Punjab District 4,Agricultural,Objection,140,40,31,1,5,1,10,0.283,11.0,111
61b501f6,Karnataka,Karnataka District 1,Industrial,Objection,166,66,36,1,5,4,10,0.396,13.0,111
9b10533e,Punjab,Punjab District 2,Agricultural,Compensation,248,68,25,1,6,30,10,0.402,8.0,111
58e96f78,Tamil Nadu,Tamil Nadu District 3,Agricultural,Notification,58,38,17,0,3,0,10,0.082,5.0,165
5274ae6b,Haryana,Haryana District 4,Industrial,Compensation,305,125,26,0,4,15,24,0.189,8.0,257
3385d809,Maharashtra,Maharashtra District 1,Industrial,Notification,67,47,29,0,5,1,0,0.167,9.0,201
f169a7b2,West Bengal,West Bengal District 2,Residential,Objection,280,180,33,0,7,34,80,0.338,11.0,338
a1cce358,Haryana,Haryana District 3,Agricultural,Objection,280,180,21,0,2,3,32,0.154,7.0,174
7efb88a5,Chhattisgarh,Chhattisgarh District 4,Agricultural,Notification,43,23,21,1,6,3,10,0.396,6.0,165
f2a4a4f4,West Bengal,West Bengal District 1,Agricultural,Compensation,225,45,31,0,5,17,0,0.231,10.0,165
df6b1f2f,Andhra Pradesh,Andhra Pradesh District 2,Industrial,Possession,297,37,24,0,2,7,10,0.32,8.0,192
0f3d313f,Rajasthan,Rajasthan District 3,Industrial,Compensation,256,76,32,0,6,34,0,0.32,10.0,111
122edc91,Chhattisgarh,Chhattisgarh District 4,Agricultural,Possession,298,38,38,0,3,31,10,0.093,15.0,187
704f21f4,Rajasthan,Rajasthan District 1,Agricultural,Objection,280,180,8,0,1,1,80,0.063,2.0,332
1f23b399,West Bengal,West Bengal District 2,Agricultural,Objection,272,172,37,0,5,3,25,0.255,13.0,165
1aa625d4,Uttar Pradesh,Uttar Pradesh District 3,Agricultural,Compensation,301,121,47,1,8,22,30,0.428,17.0,138
25d4edf6,Chhattisgarh,Chhattisgarh District 4,Agricultural,Compensation,258,78,32,0,5,38,7,0.308,11.0,138
2b7b0b4f,Punjab,Punjab District 1,Agricultural,Objection,193,93,18,0,3,2,32,0.149,5.0,187
efd57356,Punjab,Punjab District 2,Commercial,Notification,114,94,17,0,2,31,18,0.075,6.0,246
9f920bce,Bihar,Bihar District 3,Residential,Compensation,310,130,16,0,3,12,42,0.129,5.0,290
f95bc790,Rajasthan,Rajasthan District 4,Agricultural,Objection,276,176,28,0,3,32,27,0.147,10.0,262
6c0203f0,Chhattisgarh,Chhattisgarh District 1,Residential,Notification,59,39,16,1,5,3,21,0.33,5.0,154
c0497b2d,Tamil Nadu,Tamil Nadu District 2,Agricultural,Notification,36,16,7,1,3,5,10,0.37,2.0,201
61c3efdf,Chhattisgarh,Chhattisgarh District 3,Agricultural,Objection,244,144,37,0,4,2,6,0.19,13.0,222
534be71c,Uttar Pradesh,Uttar Pradesh District 4,Agricultural,Notification,49,29,34,0,3,1,4,0.121,12.0,201
236973dd,Tamil Nadu,Tamil Nadu District 1,Agricultural,Compensation,244,64,19,1,4,0,10,0.22,6.0,111
e3c882ea,West Bengal,West Bengal District 2,Industrial,Notification,50,30,24,0,3,2,0,0.134,8.0,165
5e3603f6,Madhya Pradesh,Madhya Pradesh District 3,Industrial,Notification,117,97,26,0,3,2,20,0.179,9.0,181
04d3e182,Punjab,Punjab District 4,Agricultural,Compensation,269,89,13,0,1,54,0,0.271,4.0,111
597ef3cc,West Bengal,West Bengal District 1,Commercial,Compensation,277,97,43,1,6,36,14,0.436,16.0,197
08f9981f,Haryana,Haryana District 2,Agricultural,Objection,184,84,26,1,7,33,10,0.384,8.0,165
b574f681,Punjab,Punjab District 3,Industrial,Possession,276,16,18,0,3,0,0,0.093,5.0,201
e2f06a19,Maharashtra,Maharashtra District 4,Agricultural,Objection,117,17,13,0,3,31,0,0.094,4.0,201
e1dec4d0,Punjab,Punjab District 1,Agricultural,Compensation,360,180,16,0,2,29,66,0.18,5.0,308
42f20b6c,Rajasthan,Rajasthan District 2,Commercial,Compensation,320,140,26,0,2,34,33,0.212,9.0,187
13ec26a6,Haryana,Haryana District 3,Industrial,Notification,66,46,42,0,7,3,0,0.33,14.0,111
8defb456,Maharashtra,Maharashtra District 4,Agricultural,Objection,247,147,29,0,5,5,8,0.313,9.0,165
68371efb,Karnataka,Karnataka District 1,Industrial,Compensation,248,68,13,1,3,52,10,0.415,4.0,174
7187ba1a,Andhra Pradesh,Andhra Pradesh District 2,Agricultural,Objection,166,66,32,1,7,1,24,0.317,11.0,247
778112f4,Karnataka,Karnataka District 3,Agricultural,Objection,280,180,12,0,3,2,32,0.161,3.0,181
d225877e,Maharashtra,Maharashtra District 4,Agricultural,Possession,290,30,27,0,3,0,5,0.091,9.0,174
80a95106,Chhattisgarh,Chhattisgarh District 1,Industrial,Notification,36,16,12,1,5,2,10,0.321,3.0,154
132ea513,Maharashtra,Maharashtra District 2,Agricultural,Possession,276,16,23,1,4,0,10,0.214,8.0,201
dc0ddb6c,Madhya Pradesh,Madhya Pradesh District 3,Industrial,Notification,59,39,24,0,3,34,11,0.219,8.0,201
29b4e37d,Karnataka,Karnataka District 4,Industrial,Notification,44,24,21,0,2,3,1,0.177,7.0,201
8fffabab,Uttar Pradesh,Uttar Pradesh District 1,Agricultural,Objection,222,122,24,0,3,4,0,0.213,8.0,165
a7cd2d2f,Maharashtra,Maharashtra District 2,Residential,Compensation,274,94,32,1,4,7,13,0.25,12.0,111
8c916a72,Chhattisgarh,Chhattisgarh District 3,Agricultural,Compensation,255,75,10,0,0,21,5,0.096,3.0,214
0354575c,Bihar,Bihar District 4,Commercial,Possession,272,12,18,0,0,7,0,0.277,6.0,154
a39feddd,Haryana,Haryana District 1,Industrial,Objection,261,161,33,1,6,7,28,0.524,11.0,197
a6bc27da,Rajasthan,Rajasthan District 2,Agricultural,Compensation,249,69,31,0,6,10,1,0.203,10.0,154
5e3d772a,Karnataka,Karnataka District 3,Industrial,Notification,101,81,28,0,4,2,9,0.188,9.0,192
b512563a,Tamil Nadu,Tamil Nadu District 4,Industrial,Compensation,262,82,28,0,4,30,10,0.241,9.0,165
ff993334,Madhya Pradesh,Madhya Pradesh District 1,Agricultural,Objection,137,37,33,1,7,7,10,0.541,11.0,154
e7cbffe5,Bihar,Bihar District 2,Agricultural,Compensation,360,180,1,0,1,65,75,0.091,1.0,311
2a670edb,Punjab,Punjab District 3,Industrial,Objection,135,35,24,0,1,2,0,0.114,8.0,111
d58850ad,Andhra Pradesh,Andhra Pradesh District 4,Commercial,Possession,280,20,34,0,4,1,0,0.135,12.0,187
10dc85ba,Rajasthan,Rajasthan District 1,Commercial,Compensation,218,38,27,0,2,93,0,0.255,10.0,154
fdcff465,Rajasthan,Rajasthan District 2,Agricultural,Objection,280,180,19,0,1,1,48,0.081,6.0,299
e780f2af,Andhra Pradesh,Andhra Pradesh District 3,Residential,Notification,69,49,15,1,4,2,10,0.303,4.0,197
1258cad2,Rajasthan,Rajasthan District 4,Commercial,Compensation,192,12,22,0,3,80,0,0.221,7.0,174
857eb283,Uttar Pradesh,Uttar Pradesh District 1,Agricultural,Compensation,360,180,27,1,5,4,80,0.259,9.0,319
2adbc7cf,West Bengal,West Bengal District 2,Agricultural,Compensation,214,34,21,0,4,25,0,0.228,6.0,111
f88e9a30,Andhra Pradesh,Andhra Pradesh District 3,Industrial,Possession,278,18,33,0,5,2,0,0.214,11.0,111
8eb5a4c9,West Bengal,West Bengal District 4,Industrial,Compensation,275,95,24,1,6,31,28,0.396,8.0,165
e9732e8a,Chhattisgarh,Chhattisgarh District 1,Agricultural,Objection,176,76,29,0,4,2,21,0.196,10.0,165
62f6d088,Tamil Nadu,Tamil Nadu District 2,Agricultural,Objection,150,50,11,0,1,0,0,0.042,3.0,165
31559ff5,Bihar,Bihar District 3,Industrial,Notification,45,25,27,0,5,33,0,0.239,9.0,181
567ba1d9,Uttar Pradesh,Uttar Pradesh District 4,Agricultural,Objection,198,98,22,0,2,3,36,0.175,7.0,201
f99ca6d1,Madhya Pradesh,Madhya Pradesh District 1,Commercial,Compensation,268,88,18,0,1,2,0,0.036,6.0,111
3f24f03e,West Bengal,West Bengal District 2,Agricultural,Compensation,265,85,16,1,5,0,22,0.23,5.0,230
862a9df9,Madhya Pradesh,Madhya Pradesh District 3,Residential,Compensation,300,120,37,0,4,25,35,0.221,13.0,272
b601e937,Rajasthan,Rajasthan District 4,Industrial,Objection,280,180,14,0,0,0,60,0.02,5.0,301
d0c400ed,Bihar,Bihar District 1,Industrial,Notification,39,19,25,0,5,33,0,0.239,8.0,174
36067540,Karnataka,Karnataka District 2,Agricultural,Compensation,332,152,22,0,2,27,56,0.184,7.0,298
299cb337,Uttar Pradesh,Uttar Pradesh District 3,Industrial,Objection,205,105,39,0,6,36,40,0.362,14.0,275
493355aa,Punjab,Punjab District 4,Agricultural,Compensation,239,59,37,0,7,90,0,0.372,13.0,111
56fc2d8a,Haryana,Haryana District 1,Commercial,Compensation,196,16,56,1,9,54,10,0.366,22.0,201
4ef47cf5,Andhra Pradesh,Andhra Pradesh District 2,Agricultural,Notification,48,28,30,0,3,5,4,0.269,10.0,201
7f16a1a4,Maharashtra,Maharashtra District 3,Agricultural,Notification,78,58,32,0,5,3,24,0.245,11.0,264
412a230a,Andhra Pradesh,Andhra Pradesh District 4,Agricultural,Possession,283,23,39,0,5,34,0,0.272,14.0,111
5c9adb8a,Haryana,Haryana District 1,Agricultural,Notification,49,29,34,0,4,3,4,0.207,12.0,197
27c24644,Karnataka,Karnataka District 2,Residential,Objection,251,151,29,0,3,6,10,0.305,10.0,192
b4eed459,Chhattisgarh,Chhattisgarh District 3,Agricultural,Compensation,216,36,24,0,3,99,0,0.316,8.0,187
40a90806,Punjab,Punjab District 4,Industrial,Objection,176,76,27,0,3,7,21,0.346,9.0,174
f206c9fa,Rajasthan,Rajasthan District 1,Industrial,Objection,168,68,20,0,3,0,16,0.071,6.0,197
67c203a0,West Bengal,West Bengal District 2,Industrial,Objection,280,180,22,0,3,6,41,0.314,7.0,287
284d2d39,Chhattisgarh,Chhattisgarh District 3,Commercial,Objection,134,34,34,0,5,0,0,0.146,11.0,111
95fe87d5,Tamil Nadu,Tamil Nadu District 4,Agricultural,Objection,174,74,32,0,5,3,19,0.228,11.0,138
03c6a1cc,West Bengal,West Bengal District 1,Agricultural,Compensation,236,56,33,0,6,93,0,0.362,11.0,111
df8d513b,Karnataka,Karnataka District 2,Agricultural,Notification,52,32,28,0,7,2,0,0.275,8.0,187
8e926ab9,Karnataka,Karnataka District 3,Residential,Notification,95,75,33,0,5,34,5,0.258,11.0,187
31a46ba8,Maharashtra,Maharashtra District 4,Commercial,Compensation,246,66,28,0,0,18,0,0.09,11.0,154
90c8061a,Karnataka,Karnataka District 1,Agricultural,Notification,44,24,19,1,4,0,11,0.217,6.0,154
4df6a06b,Punjab,Punjab District 2,Commercial,Compensation,282,102,36,0,6,10,8,0.204,12.0,154
f61c8f3b,Chhattisgarh,Chhattisgarh District 3,Agricultural,Notification,30,10,35,0,3,5,0,0.288,13.0,201
3d87aaca,Haryana,Haryana District 4,Industrial,Notification,56,36,25,0,4,5,9,0.281,8.0,111
c1d7c179,Punjab,Punjab District 1,Agricultural,Compensation,360,180,24,0,5,88,80,0.302,8.0,316
dc5c2118,Bihar,Bihar District 2,Agricultural,Notification,142,122,22,1,5,0,46,0.241,7.0,181
47cb2787,Uttar Pradesh,Uttar Pradesh District 3,Agricultural,Objection,260,160,30,0,3,9,16,0.415,10.0,138
588fe131,West Bengal,West Bengal District 4,Residential,Possession,285,25,6,0,0,4,2,0.136,2.0,187
1b1be2a5,Tamil Nadu,Tamil Nadu District 1,Industrial,Possession,280,20,14,0,2,5,0,0.235,4.0,181
8bc6a87e,Madhya Pradesh,Madhya Pradesh District 2,Agricultural,Possession,316,56,15,0,1,4,22,0.202,5.0,269
f790b86c,Tamil Nadu,Tamil Nadu District 3,Agricultural,Objection,216,116,26,0,4,1,0,0.155,8.0,138
f4a458d9,Maharashtra,Maharashtra District 4,Agricultural,Objection,233,133,26,0,4,3,0,0.242,8.0,192
a0d98ff7,Madhya Pradesh,Madhya Pradesh District 1,Industrial,Objection,170,70,34,1,6,0,10,0.28,12.0,201
eeb1616d,Karnataka,Karnataka District 2,Agricultural,Compensation,360,180,28,0,4,11,80,0.152,9.0,311
594cc1d3,Karnataka,Karnataka District 3,Agricultural,Compensation,235,55,14,1,5,75,10,0.353,4.0,174
a18b9c7b,Haryana,Haryana District 4,Industrial,Objection,154,54,27,0,2,0,6,0.062,9.0,181
f6c030fe,Andhra Pradesh,Andhra Pradesh District 1,Industrial,Possession,341,81,25,0,5,2,39,0.231,8.0,281
12b32ea4,Punjab,Punjab District 2,Agricultural,Notification,90,70,38,0,5,7,2,0.41,13.0,174
d1c5d951,Uttar Pradesh,Uttar Pradesh District 3,Industrial,Objection,178,78,1,0,0,7,0,0.258,1.0,138
acf8f9b2,Punjab,Punjab District 4,Industrial,Compensation,296,116,18,0,0,25,32,0.116,6.0,197
379996ba,Tamil Nadu,Tamil Nadu District 1,Industrial,Compensation,284,104,36,0,4,77,9,0.241,13.0,228
8b1e9df2,Uttar Pradesh,Uttar Pradesh District 2,Commercial,Objection,117,17,26,0,5,0,0,0.16,8.0,111
06cf402a,Andhra Pradesh,Andhra Pradesh District 3,Industrial,Compensation,292,112,35,1,4,24,25,0.318,13.0,154
f3689e17,Bihar,Bihar District 4,Agricultural,Possession,302,42,27,0,5,1,13,0.15,9.0,111
496a76bb,Uttar Pradesh,Uttar Pradesh District 1,Agricultural,Possession,278,18,16,1,2,2,10,0.22,5.0,197
4119ba11,Maharashtra,Maharashtra District 2,Agricultural,Possession,297,37,29,0,4,5,10,0.292,10.0,154
f110b946,Karnataka,Karnataka District 3,Residential,Notification,48,28,31,0,6,2,4,0.234,10.0,138
a4d7bc6a,Rajasthan,Rajasthan District 4,Agricultural,Notification,136,116,22,0,3,6,32,0.313,7.0,187
f6c2b74d,Bihar,Bihar District 1,Agricultural,Compensation,321,141,42,0,5,30,34,0.273,15.0,280
47d01400,Andhra Pradesh,Andhra Pradesh District 2,Agricultural,Notification,51,31,16,0,3,3,6,0.193,5.0,165
5d42534d,Chhattisgarh,Chhattisgarh District 3,Industrial,Objection,194,94,32,0,4,30,0,0.098,11.0,111
2c7d26bb,Karnataka,Karnataka District 4,Agricultural,Notification,44,24,22,1,5,3,11,0.351,7.0,197
f6efad42,Haryana,Haryana District 1,Residential,Objection,215,115,22,1,5,4,10,0.406,7.0,154
082af7fa,Bihar,Bihar District 2,Industrial,Compensation,311,131,43,0,6,57,28,0.202,16.0,165
f7dffcc4,West Bengal,West Bengal District 3,Residential,Compensation,211,31,22,1,6,107,10,0.527,7.0,187
1b67b963,Rajasthan,Rajasthan District 4,Industrial,Compensation,248,68,22,0,3,38,0,0.264,7.0,197
fa7c72ec,Uttar Pradesh,Uttar Pradesh District 1,Industrial,Compensation,246,66,41,1,4,0,10,0.216,16.0,181
c7d76725,Madhya Pradesh,Madhya Pradesh District 2,Commercial,Compensation,298,118,19,0,2,36,19,0.234,6.0,197
8b389ae8,Rajasthan,Rajasthan District 3,Industrial,Objection,155,55,19,0,2,31,6,0.085,6.0,174
75fc47aa,Punjab,Punjab District 4,Commercial,Objection,114,14,37,0,4,0,0,0.118,13.0,174
fe3d9d28,Madhya Pradesh,Madhya Pradesh District 1,Industrial,Notification,58,38,17,0,2,1,0,0.079,5.0,192
644dc1dd,Bihar,Bihar District 2,Agricultural,Compensation,248,68,23,1,5,36,10,0.41,7.0,111
2e07c93c,Karnataka,Karnataka District 3,Industrial,Compensation,293,113,14,1,3,13,26,0.239,4.0,192
8410fac4,Bihar,Bihar District 4,Agricultural,Compensation,245,65,27,1,5,13,10,0.304,9.0,187
829ff069,Maharashtra,Maharashtra District 1,Agricultural,Objection,225,125,21,0,2,2,0,0.135,7.0,111
e28372e5,Uttar Pradesh,Uttar Pradesh District 2,Agricultural,Possession,283,23,23,0,3,5,0,0.29,7.0,181
ce448a23,Tamil Nadu,Tamil Nadu District 3,Agricultural,Possession,280,20,18,0,2,4,0,0.221,6.0,187
0756f0f1,Uttar Pradesh,Uttar Pradesh District 4,Agricultural,Compensation,299,119,43,0,4,27,20,0.239,16.0,181
b153c444,Karnataka,Karnataka District 1,Industrial,Notification,79,59,17,0,4,2,0,0.202,5.0,197
d8dd4d60,Uttar Pradesh,Uttar Pradesh District 2,Residential,Notification,152,132,18,0,2,4,43,0.193,6.0,138
1e9942b7,Chhattisgarh,Chhattisgarh District 3,Agricultural,Objection,158,58,38,0,5,35,0,0.292,14.0,111
a8fb7418,West Bengal,West Bengal District 4,Commercial,Compensation,360,180,40,0,8,26,80,0.337,13.0,331
f0bfa260,Bihar,Bihar District 1,Agricultural,Possession,288,28,50,0,7,30,4,0.167,19.0,154
7e12b372,Bihar,Bihar District 2,Agricultural,Possession,270,10,20,0,5,34,0,0.241,6.0,111
f46387b6,Uttar Pradesh,Uttar Pradesh District 3,Industrial,Possession,276,16,25,0,5,35,0,0.314,8.0,187
923deed9,Bihar,Bihar District 4,Agricultural,Notification,200,180,35,0,3,4,80,0.24,13.0,320
124ab390,Madhya Pradesh,Madhya Pradesh District 1,Residential,Compensation,220,40,38,0,4,20,0,0.2,14.0,111
860d998b,Chhattisgarh,Chhattisgarh District 2,Agricultural,Objection,142,42,23,0,4,0,0,0.098,7.0,165
83455464,Punjab,Punjab District 3,Residential,Compensation,344,164,21,0,4,42,64,0.311,6.0,310
e3c5e09f,Chhattisgarh,Chhattisgarh District 4,Industrial,Objection,158,58,18,0,2,3,8,0.169,6.0,138
4a80e8d6,Bihar,Bihar District 1,Industrial,Possession,277,17,10,0,0,0,0,0.02,3.0,201
da3e7e9f,Tamil Nadu,Tamil Nadu District 2,Industrial,Notification,42,22,31,0,6,2,0,0.223,10.0,192
07dd1af6,Haryana,Haryana District 3,Agricultural,Possession,272,12,14,0,1,3,0,0.146,4.0,165
5655d6fb,Maharashtra,Maharashtra District 4,Agricultural,Objection,132,32,24,0,4,2,0,0.188,8.0,181
1b4041a3,Andhra Pradesh,Andhra Pradesh District 1,Agricultural,Objection,196,96,15,0,1,3,34,0.159,5.0,201
6000f597,Punjab,Punjab District 2,Residential,Objection,280,180,22,1,6,35,59,0.436,7.0,289
6bd229a3,Chhattisgarh,Chhattisgarh District 3,Industrial,Notification,60,40,6,0,1,2,0,0.126,2.0,181
f74d00b9,Maharashtra,Maharashtra District 4,Residential,Possession,295,35,32,0,3,33,8,0.179,12.0,230
ed985ec3,Andhra Pradesh,Andhra Pradesh District 1,Industrial,Possession,282,22,26,0,2,4,0,0.194,9.0,138
53bfbe15,Maharashtra,Maharashtra District 2,Agricultural,Compensation,268,88,42,0,5,69,0,0.218,16.0,111
e7068bb9,Maharashtra,Maharashtra District 3,Industrial,Compensation,250,70,10,1,5,80,12,0.375,3.0,165
f0c53ade,Uttar Pradesh,Uttar Pradesh District 4,Agricultural,Notification,83,63,21,0,3,35,0,0.235,7.0,138
9a04cbc3,Haryana,Haryana District 1,Residential,Objection,140,40,18,0,3,5,0,0.291,5.0,174
dbf6230b,Punjab,Punjab District 2,Residential,Compensation,256,76,20,0,5,91,0,0.318,6.0,111
2236a719,Chhattisgarh,Chhattisgarh District 3,Commercial,Compensation,288,108,22,0,3,23,27,0.193,7.0,174
1bc17031,Andhra Pradesh,Andhra Pradesh District 4,Commercial,Compensation,239,59,24,0,4,48,0,0.324,8.0,154
400922e9,Chhattisgarh,Chhattisgarh District 1,Agricultural,Notification,42,22,25,0,4,36,0,0.306,8.0,187
22cf7f9b,Punjab,Punjab District 2,Agricultural,Compensation,260,80,32,0,5,60,8,0.407,11.0,197
0f180b3b,Maharashtra,Maharashtra District 3,Industrial,Possession,306,46,10,0,0,1,16,0.032,3.0,165
60c91be4,Madhya Pradesh,Madhya Pradesh District 4,Agricultural,Notification,30,7,36,0,4,2,0,0.172,13.0,192
b10dfa28,Karnataka,Karnataka District 1,Residential,Compensation,317,137,28,0,4,0,46,0.102,9.0,197
2dd68acf,Tamil Nadu,Tamil Nadu District 2,Commercial,Objection,207,107,29,0,5,2,0,0.218,9.0,138
9c080a47,Madhya Pradesh,Madhya Pradesh District 3,Agricultural,Notification,42,22,19,0,2,34,0,0.173,6.0,201
fcd9143a,West Bengal,West Bengal District 4,Agricultural,Objection,192,92,24,0,6,7,0,0.408,7.0,111
7460cc6c,Bihar,Bihar District 1,Agricultural,Objection,226,126,27,1,4,5,10,0.393,9.0,165
aacbda83,Bihar,Bihar District 2,Industrial,Notification,67,47,34,1,6,34,26,0.361,12.0,192
d8617f00,Haryana,Haryana District 3,Industrial,Compensation,298,118,6,0,1,47,19,0.254,2.0,258
d4faa58a,Chhattisgarh,Chhattisgarh District 4,Commercial,Compensation,322,142,28,0,1,15,34,0.108,10.0,278
0e13046f,Chhattisgarh,Chhattisgarh District 1,Agricultural,Compensation,322,142,28,0,1,36,50,0.206,10.0,174
06175506,Andhra Pradesh,Andhra Pradesh District 2,Agricultural,Possession,287,27,7,0,2,4,3,0.184,2.0,111
9ba747d2,Uttar Pradesh,Uttar Pradesh District 3,Industrial,Possession,316,56,18,0,4,31,22,0.133,5.0,259
19a2cd50,Uttar Pradesh,Uttar Pradesh District 4,Agricultural,Possession,269,9,25,0,4,2,0,0.198,8.0,187
455ae760,Rajasthan,Rajasthan District 1,Commercial,Compensation,278,98,27,0,3,27,20,0.22,9.0,262
78f2f6f2,Tamil Nadu,Tamil Nadu District 2,Agricultural,Objection,149,49,14,0,3,3,2,0.189,4.0,187
36d23b1f,Maharashtra,Maharashtra District 3,Industrial,Compensation,302,122,29,1,6,38,32,0.435,10.0,165
7c3efabf,Rajasthan,Rajasthan District 4,Agricultural,Objection,273,173,34,0,4,0,80,0.115,12.0,305
499a1920,Madhya Pradesh,Madhya Pradesh District 1,Industrial,Possession,322,62,24,0,1,2,26,0.116,8.0,267
2a5a08eb,Uttar Pradesh,Uttar Pradesh District 2,Commercial,Objection,151,51,34,0,5,3,4,0.267,11.0,111
bd0a1a15,Bihar,Bihar District 3,Industrial,Notification,64,44,36,1,6,33,10,0.363,13.0,174
1158e9b0,Tamil Nadu,Tamil Nadu District 4,Industrial,Compensation,268,88,24,0,3,32,0,0.219,8.0,111
cee021ee,Haryana,Haryana District 1,Industrial,Compensation,232,52,15,0,1,41,0,0.231,5.0,111
34d54798,Haryana,Haryana District 2,Agricultural,Objection,164,64,30,1,6,34,23,0.389,10.0,138
a0bca4be,Madhya Pradesh,Madhya Pradesh District 3,Residential,Objection,280,180,28,0,5,6,32,0.368,9.0,201
abb14e8d,Maharashtra,Maharashtra District 4,Commercial,Notification,111,91,27,1,5,5,26,0.423,9.0,154
66bf9f76,Chhattisgarh,Chhattisgarh District 1,Agricultural,Compensation,218,38,32,0,2,3,0,0.083,12.0,111
71260b4c,Rajasthan,Rajasthan District 2,Agricultural,Objection,141,41,19,1,4,6,10,0.436,6.0,187
e178a2db,Andhra Pradesh,Andhra Pradesh District 3,Industrial,Notification,45,25,15,0,0,5,2,0.179,5.0,192
64d901a7,Andhra Pradesh,Andhra Pradesh District 4,Industrial,Notification,48,28,27,0,2,0,4,0.058,9.0,181
11501f77,Rajasthan,Rajasthan District 1,Residential,Compensation,360,180,35,1,6,3,80,0.289,12.0,311
9b4701a2,Punjab,Punjab District 2,Agricultural,Compensation,360,180,19,0,1,0,80,0.038,6.0,309
bfd1b095,Bihar,Bihar District 3,Residential,Possession,282,22,26,0,4,3,0,0.215,8.0,111
23c1919b,Karnataka,Karnataka District 4,Agricultural,Possession,275,15,28,0,5,0,0,0.129,9.0,192
3b197bb0,Rajasthan,Rajasthan District 1,Industrial,Notification,78,58,42,0,5,0,0,0.142,15.0,111
d1157b3f,Andhra Pradesh,Andhra Pradesh District 2,Agricultural,Compensation,249,69,37,1,7,45,11,0.256,13.0,138
f59e776f,Uttar Pradesh,Uttar Pradesh District 3,Agricultural,Objection,280,180,22,1,6,32,46,0.301,7.0,279
d5a92da9,Andhra Pradesh,Andhra Pradesh District 4,Industrial,Notification,44,24,12,0,3,5,0,0.276,3.0,165
503d0644,Madhya Pradesh,Madhya Pradesh District 1,Agricultural,Notification,72,52,26,0,4,34,20,0.232,9.0,255
62646ea8,Rajasthan,Rajasthan District 2,Industrial,Compensation,241,61,29,0,5,58,0,0.406,9.0,111
7f03bf34,Karnataka,Karnataka District 3,Agricultural,Possession,280,20,21,1,5,6,10,0.456,7.0,111
9c22b7c5,Chhattisgarh,Chhattisgarh District 4,Agricultural,Objection,144,44,29,0,3,35,0,0.219,10.0,174
7af41cd8,Punjab,Punjab District 1,Industrial,Possession,268,8,40,0,8,2,0,0.312,13.0,201
89b14728,Karnataka,Karnataka District 2,Agricultural,Notification,66,46,35,1,7,3,10,0.392,12.0,192
f436a339,Karnataka,Karnataka District 3,Agricultural,Objection,141,41,22,0,4,0,0,0.122,7.0,138
cb2570a3,Andhra Pradesh,Andhra Pradesh District 4,Commercial,Objection,180,80,33,0,4,2,24,0.176,11.0,181
5238a864,Bihar,Bihar District 1,Commercial,Notification,30,7,30,1,4,6,10,0.442,11.0,187
c6c78416,Karnataka,Karnataka District 2,Agricultural,Notification,40,20,36,0,6,33,0,0.228,13.0,192
20857c99,Haryana,Haryana District 3,Agricultural,Notification,36,16,5,0,2,32,0,0.088,1.0,165
59f8147c,Madhya Pradesh,Madhya Pradesh District 4,Agricultural,Notification,38,18,20,0,3,2,0,0.144,6.0,201
1c6464ad,Rajasthan,Rajasthan District 1,Agricultural,Possession,274,14,32,0,4,3,0,0.194,11.0,165
868ffdce,Punjab,Punjab District 2,Agricultural,Objection,165,65,43,0,6,5,14,0.354,15.0,138
a1c87d9a,Punjab,Punjab District 3,Residential,Notification,102,82,27,0,3,2,10,0.171,9.0,192
52fb5224,Andhra Pradesh,Andhra Pradesh District 4,Agricultural,Objection,212,112,9,0,2,0,0,0.06,2.0,111
dc67b1ec,Rajasthan,Rajasthan District 1,Commercial,Compensation,267,87,23,1,5,42,23,0.44,7.0,154
c578ff56,Punjab,Punjab District 2,Agricultural,Objection,185,85,29,0,3,1,26,0.129,10.0,192
fe5bc5a9,Andhra Pradesh,Andhra Pradesh District 3,Commercial,Notification,106,86,17,0,4,5,12,0.296,5.0,201
75a1fc87,West Bengal,West Bengal District 4,Agricultural,Notification,30,6,26,0,4,2,0,0.188,8.0,111
63c3bf23,Karnataka,Karnataka District 1,Agricultural,Possession,295,35,29,0,6,0,8,0.192,9.0,234
e652bb68,West Bengal,West Bengal District 2,Agricultural,Compensation,285,105,22,0,3,47,10,0.309,7.0,181
900616aa,Haryana,Haryana District 3,Agricultural,Compensation,269,89,17,0,2,27,0,0.177,5.0,154
c8aea93e,Haryana,Haryana District 4,Agricultural,Compensation,211,31,22,0,1,9,0,0.066,8.0,111
6b141e1a,Tamil Nadu,Tamil Nadu District 1,Industrial,Compensation,270,90,24,0,6,27,0,0.295,7.0,181
2a0f3245,Haryana,Haryana District 2,Agricultural,Objection,280,180,20,0,4,2,80,0.199,6.0,323
6a9b2136,Bihar,Bihar District 3,Commercial,Compensation,360,180,34,0,6,78,80,0.54,11.0,323
559dfd4c,Andhra Pradesh,Andhra Pradesh District 4,Residential,Objection,244,144,27,0,4,1,6,0.162,9.0,154
bb5c138e,Chhattisgarh,Chhattisgarh District 1,Agricultural,Objection,280,180,9,1,4,31,80,0.204,3.0,337
125e4e4b,Tamil Nadu,Tamil Nadu District 2,Industrial,Compensation,254,74,27,0,4,103,0,0.36,9.0,201
7135e123,Rajasthan,Rajasthan District 3,Industrial,Objection,217,117,26,0,2,1,0,0.095,9.0,187
6dbd00fd,Punjab,Punjab District 4,Agricultural,Possession,268,8,21,0,4,34,0,0.229,7.0,165
14448c45,Andhra Pradesh,Andhra Pradesh District 1,Agricultural,Possession,276,16,21,0,5,0,0,0.146,6.0,138
fabad78b,Andhra Pradesh,Andhra Pradesh District 2,Industrial,Possession,279,19,23,0,4,0,0,0.098,7.0,197
5b39d5e2,Haryana,Haryana District 3,Residential,Compensation,221,41,29,0,4,24,0,0.222,10.0,111
80ab9735,Uttar Pradesh,Uttar Pradesh District 4,Agricultural,Objection,193,93,39,1,7,6,42,0.509,14.0,181
95e499e4,Karnataka,Karnataka District 1,Industrial,Possession,280,20,16,0,3,4,0,0.233,5.0,187
6d63e3ea,Bihar,Bihar District 2,Agricultural,Objection,278,178,20,0,3,3,28,0.193,6.0,181
0ac3f4d4,Rajasthan,Rajasthan District 3,Agricultural,Notification,33,13,20,1,5,2,10,0.31,6.0,201
b7c47891,Bihar,Bihar District 4,Industrial,Notification,77,57,34,0,5,36,0,0.35,12.0,187
66c1cf2a,Madhya Pradesh,Madhya Pradesh District 1,Agricultural,Notification,73,53,19,0,6,32,0,0.194,5.0,111
15a10494,Haryana,Haryana District 2,Agricultural,Possession,283,23,19,0,2,5,0,0.254,6.0,201
67e40248,Rajasthan,Rajasthan District 3,Agricultural,Compensation,360,180,15,0,1,21,72,0.139,5.0,304
e348db70,Uttar Pradesh,Uttar Pradesh District 4,Industrial,Objection,270,170,16,0,3,2,80,0.139,5.0,317
297b9dd0,Chhattisgarh,Chhattisgarh District 1,Agricultural,Notification,30,8,31,0,5,31,0,0.158,10.0,174
98950145,Madhya Pradesh,Madhya Pradesh District 2,Industrial,Objection,280,180,24,0,4,5,80,0.28,8.0,352
cc0b89a5,Punjab,Punjab District 3,Agricultural,Compensation,255,75,22,0,3,27,0,0.215,7.0,138
b13421ae,Punjab,Punjab District 4,Agricultural,Objection,144,44,25,0,4,2,0,0.175,8.0,111
cf6a2557,Chhattisgarh,Chhattisgarh District 1,Agricultural,Possession,271,11,31,0,7,36,0,0.381,10.0,138
1a077a50,Rajasthan,Rajasthan District 2,Agricultural,Notification,33,13,32,1,6,0,10,0.248,11.0,174
4f229f7c,Maharashtra,Maharashtra District 3,Industrial,Objection,166,66,30,1,9,2,10,0.421,9.0,187
e20d7c7d,Rajasthan,Rajasthan District 4,Industrial,Objection,280,180,22,0,3,0,30,0.107,7.0,165
bd3a6183,Haryana,Haryana District 1,Industrial,Compensation,360,180,28,0,6,8,80,0.203,9.0,323
afc857fd,Punjab,Punjab District 2,Agricultural,Compensation,263,83,21,0,2,20,10,0.147,7.0,230
e8301c33,Andhra Pradesh,Andhra Pradesh District 3,Industrial,Compensation,360,180,24,1,5,31,80,0.367,8.0,323
24243c1a,Maharashtra,Maharashtra District 4,Residential,Possession,348,88,8,0,1,5,44,0.208,2.0,287
cbdf5deb,Bihar,Bihar District 1,Industrial,Compensation,342,162,27,0,3,0,48,0.094,9.0,302
a9bd3229,Andhra Pradesh,Andhra Pradesh District 2,Agricultural,Compensation,292,112,27,0,4,70,15,0.208,9.0,165
351d581a,Andhra Pradesh,Andhra Pradesh District 3,Agricultural,Compensation,247,67,14,0,0,48,0,0.221,5.0,154
3814f98c,Madhya Pradesh,Madhya Pradesh District 4,Industrial,Objection,248,148,26,0,3,5,9,0.26,9.0,187
098de71d,Uttar Pradesh,Uttar Pradesh District 1,Industrial,Notification,140,120,6,1,3,0,45,0.183,2.0,197
965472f8,Haryana,Haryana District 2,Industrial,Compensation,288,108,25,0,4,67,27,0.178,8.0,154
1db43cfc,Rajasthan,Rajasthan District 3,Agricultural,Possession,271,11,2,0,0,4,0,0.16,1.0,111
3bdd6add,Maharashtra,Maharashtra District 4,Agricultural,Objection,209,109,19,0,4,31,42,0.108,6.0,294
ccc00aa2,West Bengal,West Bengal District 1,Agricultural,Compensation,359,179,28,1,7,1,70,0.288,9.0,201
d2da6f63,West Bengal,West Bengal District 2,Industrial,Objection,280,180,31,0,6,3,80,0.249,10.0,332
cde5a415,Tamil Nadu,Tamil Nadu District 3,Industrial,Possession,273,13,34,0,6,33,0,0.273,11.0,201
fee8e55c,Punjab,Punjab District 4,Industrial,Objection,280,180,17,0,2,3,60,0.158,5.0,290
f3dc943b,Karnataka,Karnataka District 1,Agricultural,Compensation,262,82,22,1,3,25,10,0.289,8.0,201
5f7e62ec,Chhattisgarh,Chhattisgarh District 2,Commercial,Objection,138,38,8,0,2,4,0,0.203,2.0,111
3475b553,Punjab,Punjab District 3,Industrial,Notification,35,15,28,0,6,0,0,0.168,9.0,111
b8758fac,Haryana,Haryana District 4,Industrial,Compensation,304,124,33,0,5,12,22,0.193,11.0,187
b61f744d,Haryana,Haryana District 1,Agricultural,Compensation,243,63,23,1,6,16,10,0.323,7.0,138
8698b5ad,Rajasthan,Rajasthan District 2,Industrial,Compensation,247,67,17,0,3,28,0,0.214,5.0,201
25308f15,Tamil Nadu,Tamil Nadu District 3,Residential,Compensation,216,36,25,0,4,36,0,0.276,8.0,192
f8ddcea3,Maharashtra,Maharashtra District 4,Agricultural,Objection,157,57,20,0,4,37,8,0.322,6.0,181
e2127653,Rajasthan,Rajasthan District 1,Agricultural,Notification,102,82,11,1,2,2,20,0.22,4.0,201
143ef7b4,Tamil Nadu,Tamil Nadu District 2,Industrial,Notification,101,81,14,0,2,5,9,0.243,4.0,187
d799c32e,Haryana,Haryana District 3,Agricultural,Notification,82,62,24,0,5,6,0,0.355,7.0,111
826cfc90,Punjab,Punjab District 4,Agricultural,Compensation,254,74,11,0,2,32,0,0.191,3.0,111
20d7e063,Madhya Pradesh,Madhya Pradesh District 1,Agricultural,Compensation,273,93,28,0,5,77,2,0.249,9.0,165
f670f470,Madhya Pradesh,Madhya Pradesh District 2,Industrial,Possession,290,30,16,1,6,36,15,0.433,5.0,197
e388b822,Uttar Pradesh,Uttar Pradesh District 3,Agricultural,Possession,284,24,31,0,4,3,1,0.219,10.0,165
c0d9fe65,Punjab,Punjab District 4,Industrial,Notification,191,171,46,1,6,2,79,0.31,18.0,307
a235aceb,Punjab,Punjab District 1,Residential,Compensation,254,74,19,0,2,17,4,0.146,6.0,208
b2a842dc,Karnataka,Karnataka District 2,Agricultural,Objection,198,98,27,0,4,30,0,0.097,9.0,111
d8b833ac,Haryana,Haryana District 3,Industrial,Compensation,234,54,30,0,4,14,0,0.181,10.0,154
e9b0d676,Uttar Pradesh,Uttar Pradesh District 4,Industrial,Notification,67,47,20,1,4,5,10,0.372,7.0,165
4d49bd52,Andhra Pradesh,Andhra Pradesh District 1,Agricultural,Objection,141,41,17,0,2,4,0,0.214,5.0,111
ebda7a05,Haryana,Haryana District 2,Commercial,Compensation,360,180,11,0,0,1,80,0.02,4.0,329
ee94d77b,Tamil Nadu,Tamil Nadu District 3,Agricultural,Notification,56,36,30,0,6,1,0,0.208,9.0,192
ceb04e3e,Chhattisgarh,Chhattisgarh District 4,Residential,Compensation,232,52,42,0,7,63,0,0.496,14.0,197
1325274d,Haryana,Haryana District 1,Agricultural,Compensation,281,101,30,0,4,33,8,0.27,10.0,217
a2ef827b,Uttar Pradesh,Uttar Pradesh District 2,Residential,Objection,280,180,25,0,4,3,80,0.219,8.0,174
e7a085a1,Haryana,Haryana District 3,Agricultural,Notification,94,74,19,0,2,0,4,0.067,6.0,174
9e1b265c,Tamil Nadu,Tamil Nadu District 4,Agricultural,Notification,48,28,21,0,2,4,4,0.202,7.0,192
9b199c1e,Maharashtra,Maharashtra District 1,Industrial,Compensation,235,55,18,0,4,55,0,0.138,5.0,187
47b48477,Karnataka,Karnataka District 2,Industrial,Compensation,330,150,20,0,3,31,40,0.216,6.0,111
24f46599,Haryana,Haryana District 3,Agricultural,Notification,60,40,29,1,5,5,22,0.397,10.0,236
cc07f598,Maharashtra,Maharashtra District 4,Residential,Objection,138,38,25,0,1,2,0,0.106,9.0,111
73a12cb6,Uttar Pradesh,Uttar Pradesh District 1,Agricultural,Objection,204,104,18,0,2,4,0,0.198,6.0,111
3cc1c952,Madhya Pradesh,Madhya Pradesh District 2,Industrial,Compensation,226,46,21,0,3,58,0,0.114,7.0,192
2530aebd,Maharashtra,Maharashtra District 3,Industrial,Compensation,360,180,37,0,7,65,80,0.261,13.0,312
17d29bec,Karnataka,Karnataka District 4,Commercial,Compensation,250,70,27,0,3,30,2,0.234,9.0,138
4fef9d52,Maharashtra,Maharashtra District 1,Industrial,Objection,267,167,14,0,1,30,22,0.02,5.0,259
191f44b6,West Bengal,West Bengal District 2,Agricultural,Notification,39,19,22,0,4,34,0,0.227,7.0,111
35feb39b,Uttar Pradesh,Uttar Pradesh District 3,Agricultural,Compensation,248,68,19,0,3,79,0,0.225,6.0,111
55a483d4,West Bengal,West Bengal District 4,Industrial,Notification,87,67,22,0,2,1,0,0.107,7.0,138
dcd2ae81,Andhra Pradesh,Andhra Pradesh District 1,Agricultural,Notification,98,78,23,0,5,4,7,0.262,7.0,197
c66d0555,Uttar Pradesh,Uttar Pradesh District 2,Agricultural,Objection,280,180,24,0,5,31,44,0.136,8.0,165
c6b651db,Andhra Pradesh,Andhra Pradesh District 3,Agricultural,Compensation,297,117,25,0,3,46,33,0.29,8.0,138
36127159,Rajasthan,Rajasthan District 4,Agricultural,Compensation,208,28,47,0,6,16,0,0.254,17.0,111
9635939e,Punjab,Punjab District 1,Agricultural,Objection,125,25,5,0,1,2,0,0.09,1.0,187
ceb64640,Uttar Pradesh,Uttar Pradesh District 2,Agricultural,Objection,156,56,26,0,3,2,8,0.153,9.0,201
123f0914,Haryana,Haryana District 3,Industrial,Compensation,218,38,31,0,5,30,0,0.292,10.0,197
720469fe,Punjab,Punjab District 4,Agricultural,Objection,142,42,21,0,3,3,0,0.195,7.0,111
bd3cec23,West Bengal,West Bengal District 1,Agricultural,Notification,34,14,21,0,2,33,0,0.117,7.0,111
3494f7d0,Bihar,Bihar District 2,Industrial,Compensation,282,102,20,0,2,0,8,0.046,7.0,217
18c4b617,Andhra Pradesh,Andhra Pradesh District 3,Commercial,Notification,78,58,17,0,1,3,0,0.126,6.0,181
239517b1,Punjab,Punjab District 4,Agricultural,Notification,93,73,21,0,3,2,4,0.14,7.0,111
0680063e,Chhattisgarh,Chhattisgarh District 1,Agricultural,Possession,296,36,30,0,5,0,9,0.15,10.0,138
321ac348,Andhra Pradesh,Andhra Pradesh District 2,Agricultural,Compensation,285,105,22,0,2,0,10,0.054,7.0,226
e788b37d,Rajasthan,Rajasthan District 3,Residential,Objection,131,31,32,0,3,4,0,0.244,11.0,197
f996a4cf,Tamil Nadu,Tamil Nadu District 4,Industrial,Objection,174,74,18,0,1,4,0,0.192,6.0,111
eead21e9,Tamil Nadu,Tamil Nadu District 1,Agricultural,Objection,176,76,40,0,4,0,21,0.132,14.0,165
66aed173,Tamil Nadu,Tamil Nadu District 2,Industrial,Objection,215,115,13,0,3,30,0,0.056,4.0,138
659ac6db,Karnataka,Karnataka District 3,Residential,Notification,40,20,32,0,5,1,0,0.175,11.0,181
00f4d490,Madhya Pradesh,Madhya Pradesh District 4,Agricultural,Possession,279,19,4,1,3,2,10,0.251,1.0,192
29824f9d,Madhya Pradesh,Madhya Pradesh District 1,Industrial,Objection,135,35,18,0,1,4,0,0.17,6.0,111
3c5b439f,Karnataka,Karnataka District 2,Residential,Notification,48,28,25,0,4,3,4,0.224,8.0,181
a4f36a47,Haryana,Haryana District 3,Agricultural,Objection,176,76,12,0,4,33,0,0.198,3.0,201
e082fae7,Karnataka,Karnataka District 4,Agricultural,Notification,54,34,37,0,7,30,0,0.163,13.0,138
f1ccf477,Tamil Nadu,Tamil Nadu District 1,Commercial,Compensation,251,71,30,0,2,27,0,0.176,11.0,165
65fde99c,West Bengal,West Bengal District 2,Agricultural,Compensation,232,52,19,0,2,14,0,0.134,6.0,111
46d44a9f,West Bengal,West Bengal District 3,Agricultural,Objection,161,61,31,0,3,1,10,0.141,11.0,111
ac1440ee,Tamil Nadu,Tamil Nadu District 4,Industrial,Notification,32,12,21,0,5,7,0,0.392,6.0,111
fea74e68,Bihar,Bihar District 1,Industrial,Possession,293,33,28,0,2,33,7,0.159,10.0,201
925d771f,Madhya Pradesh,Madhya Pradesh District 2,Agricultural,Compensation,357,177,43,0,5,7,73,0.176,16.0,313
0cbebe87,Karnataka,Karnataka District 3,Commercial,Compensation,246,66,29,0,2,33,0,0.2,10.0,111
e4b5eb1c,Tamil Nadu,Tamil Nadu District 4,Agricultural,Notification,46,26,29,0,4,5,2,0.288,10.0,165
6df51db6,Chhattisgarh,Chhattisgarh District 1,Industrial,Notification,82,62,6,0,0,4,0,0.163,2.0,192
0c68fb43,Bihar,Bihar District 2,Agricultural,Notification,188,168,32,0,5,0,67,0.13,11.0,299
852f9ae7,Karnataka,Karnataka District 3,Industrial,Compensation,250,70,25,0,2,52,0,0.29,9.0,187
800aeb0f,Bihar,Bihar District 4,Residential,Compensation,232,52,27,1,4,8,10,0.245,9.0,165
732bca75,Haryana,Haryana District 1,Agricultural,Notification,125,105,20,0,5,4,25,0.274,5.0,138
c1aac2ee,Karnataka,Karnataka District 2,Agricultural,Objection,143,43,11,0,1,35,0,0.195,4.0,165
419e7e07,Tamil Nadu,Tamil Nadu District 3,Commercial,Compensation,224,44,27,1,5,99,10,0.464,9.0,111
fa3dfe7a,Bihar,Bihar District 4,Agricultural,Objection,229,129,14,0,1,31,0,0.027,5.0,111
75ed21b4,Andhra Pradesh,Andhra Pradesh District 1,Industrial,Compensation,218,38,11,0,0,23,0,0.115,4.0,154
934ebb54,Andhra Pradesh,Andhra Pradesh District 2,Agricultural,Objection,270,170,35,0,4,8,24,0.417,12.0,111
11c4b4ff,Chhattisgarh,Chhattisgarh District 3,Agricultural,Compensation,334,154,28,0,7,45,43,0.165,9.0,295
7676f2e3,Tamil Nadu,Tamil Nadu District 4,Agricultural,Possession,287,27,39,0,7,7,3,0.461,13.0,201
faf4e8e8,Punjab,Punjab District 1,Industrial,Compensation,271,91,30,0,5,62,16,0.192,10.0,187
7e1e8522,Karnataka,Karnataka District 2,Commercial,Possession,287,27,30,0,3,0,3,0.086,10.0,197
67af18b9,Maharashtra,Maharashtra District 3,Residential,Objection,134,34,14,0,1,6,0,0.236,4.0,201
ff87dc0e,Madhya Pradesh,Madhya Pradesh District 4,Industrial,Compensation,238,58,41,0,5,16,0,0.205,15.0,111
0edb238f,Haryana,Haryana District 1,Residential,Compensation,350,170,28,0,1,36,54,0.204,10.0,174
e1351e1b,Punjab,Punjab District 2,Industrial,Notification,106,86,26,1,6,4,22,0.413,8.0,111
740c865a,Maharashtra,Maharashtra District 3,Agricultural,Objection,215,115,11,0,3,4,46,0.231,3.0,281
7a1deb10,Chhattisgarh,Chhattisgarh District 4,Agricultural,Compensation,236,56,37,0,4,5,0,0.122,13.0,111
8c0a5731,Madhya Pradesh,Madhya Pradesh District 1,Industrial,Objection,169,69,40,1,7,3,26,0.4,14.0,181
f4457b72,Haryana,Haryana District 2,Agricultural,Notification,31,11,10,0,2,3,0,0.185,3.0,181
340308d1,Punjab,Punjab District 3,Industrial,Objection,144,44,18,0,2,1,0,0.091,6.0,187
b8525f37,Andhra Pradesh,Andhra Pradesh District 4,Agricultural,Compensation,247,67,38,0,6,15,0,0.245,13.0,111
c2b27be9,Andhra Pradesh,Andhra Pradesh District 1,Agricultural,Notification,90,70,26,0,3,3,2,0.21,9.0,197
7e134485,Haryana,Haryana District 2,Industrial,Compensation,350,170,19,0,1,2,54,0.043,6.0,174
4252f37b,Haryana,Haryana District 3,Agricultural,Possession,273,13,21,0,4,34,0,0.232,7.0,181
492b73ee,Karnataka,Karnataka District 4,Commercial,Compensation,233,53,12,0,0,38,0,0.188,4.0,174
540660cb,Chhattisgarh,Chhattisgarh District 1,Agricultural,Compensation,231,51,52,0,6,29,0,0.314,20.0,197
f321f5bf,Chhattisgarh,Chhattisgarh District 2,Commercial,Objection,128,28,19,1,2,4,10,0.302,7.0,192
5dc55825,Rajasthan,Rajasthan District 3,Agricultural,Notification,124,104,36,0,6,0,24,0.156,12.0,154
f596a41b,Rajasthan,Rajasthan District 4,Agricultural,Notification,62,42,27,0,4,6,0,0.337,9.0,181
3c0ea6a5,Uttar Pradesh,Uttar Pradesh District 1,Industrial,Objection,176,76,12,0,3,31,21,0.1,3.0,264
10f72633,Bihar,Bihar District 2,Industrial,Possession,282,22,23,0,4,30,0,0.098,7.0,154
3325924d,Rajasthan,Rajasthan District 3,Industrial,Notification,43,23,46,0,6,5,0,0.336,17.0,201
bc653eb8,Rajasthan,Rajasthan District 4,Industrial,Possession,282,22,26,0,3,3,0,0.207,9.0,201
d9b48915,Karnataka,Karnataka District 1,Agricultural,Compensation,218,38,43,0,5,48,0,0.372,16.0,187
f8292267,Maharashtra,Maharashtra District 2,Residential,Compensation,269,89,25,1,5,54,10,0.48,8.0,111
25e1242e,Madhya Pradesh,Madhya Pradesh District 3,Agricultural,Possession,286,26,19,0,2,3,2,0.186,6.0,111
e69bd0c1,Haryana,Haryana District 4,Agricultural,Notification,65,45,23,0,4,1,0,0.15,7.0,165
e70cc343,Madhya Pradesh,Madhya Pradesh District 1,Commercial,Objection,182,82,1,0,0,0,0,0.02,1.0,111
1f5d39b8,Tamil Nadu,Tamil Nadu District 2,Agricultural,Notification,73,53,39,1,9,33,10,0.436,13.0,187
a6a5fcce,Maharashtra,Maharashtra District 3,Agricultural,Compensation,279,99,40,0,4,24,6,0.235,14.0,111
648cc54d,Punjab,Punjab District 4,Industrial,Notification,43,23,30,0,6,32,0,0.227,10.0,111
0e536a41,Maharashtra,Maharashtra District 1,Agricultural,Notification,52,32,26,0,4,0,6,0.125,8.0,222
44a36c49,Madhya Pradesh,Madhya Pradesh District 2,Industrial,Possession,286,26,25,0,3,1,2,0.115,8.0,174
e3315d2d,Haryana,Haryana District 3,Residential,Objection,264,164,20,0,4,0,19,0.103,6.0,154
8ebe466f,Uttar Pradesh,Uttar Pradesh District 4,Residential,Notification,87,67,7,0,2,4,0,0.201,2.0,192
ba461eee,Haryana,Haryana District 1,Agricultural,Objection,126,26,26,0,4,6,0,0.354,8.0,111
4bd575a9,Andhra Pradesh,Andhra Pradesh District 2,Industrial,Compensation,293,113,41,1,6,28,26,0.384,15.0,181
f30c0ea3,Maharashtra,Maharashtra District 3,Residential,Notification,64,44,20,0,5,35,0,0.301,6.0,165
9f85a964,Bihar,Bihar District 4,Agricultural,Objection,186,86,26,0,5,0,0,0.151,8.0,111
d563c34d,Rajasthan,Rajasthan District 1,Industrial,Notification,84,64,18,0,1,0,0,0.03,6.0,111
e8bc4aa6,Tamil Nadu,Tamil Nadu District 2,Industrial,Notification,43,23,27,0,6,0,0,0.157,8.0,111
eb6726c4,Tamil Nadu,Tamil Nadu District 3,Commercial,Objection,175,75,32,1,7,36,30,0.471,11.0,165
7665e1d1,Uttar Pradesh,Uttar Pradesh District 4,Commercial,Compensation,234,54,37,0,5,41,0,0.325,13.0,111
ee0d01eb,Maharashtra,Maharashtra District 1,Industrial,Notification,64,44,5,0,0,1,14,0.022,2.0,154
33fdc5b2,Uttar Pradesh,Uttar Pradesh District 2,Agricultural,Compensation,285,105,35,1,6,49,20,0.258,13.0,226
397a7f4c,Bihar,Bihar District 3,Residential,Compensation,303,123,29,0,4,34,22,0.266,10.0,197
d7db7cf5,West Bengal,West Bengal District 4,Residential,Possession,287,27,20,0,3,6,3,0.316,6.0,181
92f43272,Rajasthan,Rajasthan District 1,Agricultural,Notification,100,80,27,0,4,4,38,0.288,9.0,282
21dddb55,Rajasthan,Rajasthan District 2,Commercial,Compensation,233,53,19,0,1,0,0,0.033,6.0,111
2ed2ef9f,Bihar,Bihar District 3,Residential,Objection,243,143,5,0,1,3,6,0.137,1.0,201
4cc520ce,Tamil Nadu,Tamil Nadu District 4,Agricultural,Objection,147,47,38,0,5,31,0,0.142,14.0,192
f36a995c,Uttar Pradesh,Uttar Pradesh District 1,Agricultural,Possession,304,44,22,0,2,3,14,0.163,7.0,257
a57acd67,Bihar,Bihar District 2,Agricultural,Notification,48,28,14,0,3,0,4,0.092,4.0,111
bea73c9a,Tamil Nadu,Tamil Nadu District 3,Agricultural,Notification,166,146,29,0,2,1,52,0.092,10.0,289
2ab9bad6,Bihar,Bihar District 4,Agricultural,Compensation,328,148,14,0,1,58,54,0.059,5.0,165
b47ccaa9,Bihar,Bihar District 1,Agricultural,Notification,41,21,49,1,11,33,10,0.464,18.0,181
5d75d02d,Maharashtra,Maharashtra District 2,Commercial,Objection,280,180,25,0,5,36,36,0.317,8.0,290
27a0c06c,Chhattisgarh,Chhattisgarh District 3,Industrial,Compensation,290,110,36,0,6,47,28,0.378,12.0,154
de411ed7,Andhra Pradesh,Andhra Pradesh District 4,Commercial,Compensation,316,136,10,0,1,111,31,0.306,3.0,181
976d3863,Punjab,Punjab District 1,Industrial,Possession,277,17,29,0,3,5,0,0.25,10.0,111
70ef00d5,Tamil Nadu,Tamil Nadu District 2,Industrial,Compensation,350,170,19,0,3,56,53,0.118,6.0,154
0d1e7a13,Haryana,Haryana District 3,Agricultural,Objection,119,19,44,0,7,4,0,0.322,16.0,111
575e87dd,Karnataka,Karnataka District 4,Agricultural,Compensation,252,72,27,0,3,0,0,0.091,9.0,154
430c7f7f,Karnataka,Karnataka District 1,Agricultural,Objection,222,122,24,0,4,7,0,0.355,8.0,111
7437227e,West Bengal,West Bengal District 2,Agricultural,Compensation,304,124,13,0,1,39,23,0.203,4.0,138
60c526b9,Punjab,Punjab District 3,Agricultural,Objection,280,180,13,1,6,36,80,0.447,3.0,313
c2627782,Maharashtra,Maharashtra District 4,Agricultural,Compensation,346,166,21,1,7,20,76,0.389,6.0,297
8ebaade9,Madhya Pradesh,Madhya Pradesh District 1,Industrial,Notification,68,48,31,0,2,6,17,0.271,11.0,154
dae83bd2,Madhya Pradesh,Madhya Pradesh District 2,Industrial,Objection,151,51,20,1,4,6,14,0.406,7.0,192
864d85c7,Rajasthan,Rajasthan District 3,Agricultural,Notification,52,32,12,0,3,6,6,0.283,3.0,111
c4daa3fe,Karnataka,Karnataka District 4,Agricultural,Possession,318,58,25,0,4,33,24,0.171,8.0,275
9fe58964,West Bengal,West Bengal District 1,Industrial,Notification,42,22,13,0,3,2,0,0.15,3.0,111
ae4efcbf,Rajasthan,Rajasthan District 2,Residential,Possession,270,10,12,0,2,2,0,0.137,3.0,174
622616db,Andhra Pradesh,Andhra Pradesh District 3,Agricultural,Objection,156,56,18,0,3,4,7,0.222,5.0,208
e0105b0d,Tamil Nadu,Tamil Nadu District 4,Industrial,Compensation,214,34,31,1,8,31,10,0.45,10.0,201
0302f675,Karnataka,Karnataka District 1,Agricultural,Notification,38,18,23,0,2,4,0,0.192,8.0,111
0fe489cb,West Bengal,West Bengal District 2,Agricultural,Notification,64,44,24,0,3,4,0,0.208,8.0,111
5815e455,West Bengal,West Bengal District 3,Commercial,Notification,45,25,39,1,8,3,12,0.433,13.0,174
3ae1bed1,Chhattisgarh,Chhattisgarh District 4,Commercial,Possession,275,15,13,0,2,4,0,0.207,4.0,154
aed21e09,Chhattisgarh,Chhattisgarh District 1,Industrial,Possession,288,28,36,0,4,2,4,0.17,13.0,181
a6ef8e1e,Punjab,Punjab District 2,Industrial,Objection,228,128,31,0,2,0,0,0.059,11.0,197
0d007dda,Uttar Pradesh,Uttar Pradesh District 3,Industrial,Objection,261,161,5,1,2,6,28,0.382,2.0,255
edf51cfd,Maharashtra,Maharashtra District 4,Residential,Notification,59,39,41,0,6,37,11,0.383,15.0,165
dcd6393e,Uttar Pradesh,Uttar Pradesh District 1,Agricultural,Compensation,284,104,15,0,4,1,24,0.11,4.0,201
fc51c1f7,Madhya Pradesh,Madhya Pradesh District 2,Industrial,Possession,284,24,12,0,3,33,1,0.178,3.0,154
d9d3d107,Madhya Pradesh,Madhya Pradesh District 3,Agricultural,Compensation,211,31,23,1,4,77,10,0.331,8.0,154
0691d619,Rajasthan,Rajasthan District 4,Commercial,Possession,344,84,42,0,7,33,41,0.283,15.0,294
df3b1aa4,Chhattisgarh,Chhattisgarh District 1,Industrial,Compensation,242,62,14,0,1,4,0,0.048,4.0,111
0834f6c0,Madhya Pradesh,Madhya Pradesh District 2,Agricultural,Notification,33,13,23,1,4,35,10,0.371,8.0,192
6a873613,West Bengal,West Bengal District 3,Agricultural,Compensation,291,111,25,1,6,12,24,0.317,8.0,165
874c2146,Andhra Pradesh,Andhra Pradesh District 4,Agricultural,Compensation,291,111,15,1,6,9,39,0.294,4.0,192
ba1b2ec0,Haryana,Haryana District 1,Industrial,Objection,155,55,23,0,5,5,6,0.297,7.0,197
6e2a388d,Maharashtra,Maharashtra District 2,Agricultural,Objection,134,34,30,0,4,4,0,0.25,10.0,154
6ab1477d,Rajasthan,Rajasthan District 3,Agricultural,Objection,192,92,38,0,6,35,0,0.308,13.0,111
353019b7,Chhattisgarh,Chhattisgarh District 4,Agricultural,Compensation,224,44,34,0,6,38,0,0.35,11.0,138
b879d49b,Maharashtra,Maharashtra District 1,Commercial,Compensation,242,62,23,0,5,17,0,0.205,7.0,154
9cae2272,Maharashtra,Maharashtra District 2,Agricultural,Compensation,307,127,33,1,7,21,34,0.384,11.0,267
907c35c8,West Bengal,West Bengal District 3,Agricultural,Possession,313,53,32,0,2,3,20,0.169,12.0,255
97cfeb66,Chhattisgarh,Chhattisgarh District 4,Agricultural,Objection,243,143,28,0,5,6,6,0.35,9.0,111
46f02615,Madhya Pradesh,Madhya Pradesh District 1,Industrial,Possession,363,103,32,0,5,5,54,0.328,11.0,296
cad0803c,Haryana,Haryana District 2,Agricultural,Notification,111,91,25,0,5,3,16,0.263,8.0,187
67118aa5,Chhattisgarh,Chhattisgarh District 3,Commercial,Compensation,234,54,6,0,1,31,0,0.18,2.0,111
4b4c824e,Bihar,Bihar District 4,Agricultural,Notification,195,175,27,0,3,1,72,0.137,9.0,304
96b3a5e4,Haryana,Haryana District 1,Industrial,Notification,55,35,21,0,3,4,8,0.227,7.0,138
5d651e02,Haryana,Haryana District 2,Agricultural,Compensation,329,149,21,0,3,65,40,0.145,7.0,197
18b6f088,Rajasthan,Rajasthan District 3,Residential,Objection,231,131,21,0,2,5,0,0.24,7.0,111
c33e953a,Andhra Pradesh,Andhra Pradesh District 4,Agricultural,Objection,132,32,27,0,8,33,0,0.318,8.0,154
25510dc0,Haryana,Haryana District 1,Agricultural,Notification,57,37,16,1,4,6,10,0.407,5.0,154
fe590228,Rajasthan,Rajasthan District 2,Commercial,Objection,192,92,12,0,2,4,0,0.206,3.0,111
85668f50,Andhra Pradesh,Andhra Pradesh District 3,Industrial,Notification,36,16,2,0,0,3,0,0.132,1.0,181
e72c4384,Bihar,Bihar District 4,Industrial,Objection,145,45,14,0,2,3,0,0.164,4.0,138
d43b7b92,Uttar Pradesh,Uttar Pradesh District 1,Industrial,Objection,171,71,29,0,4,30,0,0.075,10.0,138
caddd65d,Tamil Nadu,Tamil Nadu District 2,Agricultural,Possession,289,29,34,0,5,33,4,0.238,12.0,187
be205f84,Haryana,Haryana District 3,Commercial,Notification,114,94,29,0,4,0,18,0.105,10.0,165
65f7bcec,Andhra Pradesh,Andhra Pradesh District 4,Residential,Objection,167,67,27,1,6,36,10,0.471,9.0,192
377851ff,Maharashtra,Maharashtra District 1,Industrial,Objection,150,50,10,0,1,4,4,0.168,3.0,111
e07d0939,Andhra Pradesh,Andhra Pradesh District 2,Agricultural,Possession,274,14,29,0,4,0,0,0.111,10.0,192
dfafdfda,Maharashtra,Maharashtra District 3,Agricultural,Objection,174,74,16,0,3,2,19,0.142,5.0,154
5848e94b,Chhattisgarh,Chhattisgarh District 4,Agricultural,Compensation,247,67,21,0,2,33,0,0.205,7.0,201
7ef14c95,Maharashtra,Maharashtra District 1,Agricultural,Notification,34,14,14,0,2,33,0,0.133,4.0,138
9a62f6f0,Andhra Pradesh,Andhra Pradesh District 2,Industrial,Objection,125,25,29,0,4,5,0,0.279,10.0,174
6674e554,Punjab,Punjab District 3,Residential,Notification,40,20,36,0,3,6,0,0.318,13.0,138
b74fecbb,Haryana,Haryana District 4,Agricultural,Notification,37,17,21,0,3,5,0,0.258,7.0,111
5c978d10,Maharashtra,Maharashtra District 1,Agricultural,Compensation,338,158,30,0,6,38,60,0.357,9.0,310
9041631e,Karnataka,Karnataka District 2,Agricultural,Compensation,269,89,31,0,4,49,0,0.35,10.0,181
6794c186,Haryana,Haryana District 3,Agricultural,Compensation,220,40,1,0,0,0,0,0.02,1.0,187
3378ff36,Madhya Pradesh,Madhya Pradesh District 4,Industrial,Possession,280,20,31,0,4,2,0,0.188,10.0,165
e7ee1568,Tamil Nadu,Tamil Nadu District 1,Agricultural,Compensation,236,56,33,0,5,76,0,0.25,11.0,187
b4e4f7e2,Karnataka,Karnataka District 2,Industrial,Notification,142,122,46,0,6,7,36,0.422,17.0,111
e572dfa0,Karnataka,Karnataka District 3,Industrial,Notification,33,13,36,0,4,3,0,0.226,13.0,111
bac25980,Madhya Pradesh,Madhya Pradesh District 4,Industrial,Notification,68,48,39,0,4,5,0,0.31,14.0,201
8435bc0b,Andhra Pradesh,Andhra Pradesh District 1,Industrial,Notification,67,47,23,0,4,5,0,0.27,7.0,192
6dbdaff1,Chhattisgarh,Chhattisgarh District 2,Agricultural,Notification,39,19,20,0,3,1,0,0.101,6.0,174
7eee84aa,Madhya Pradesh,Madhya Pradesh District 3,Commercial,Objection,280,180,31,1,5,4,79,0.376,11.0,297
6fa9d936,Tamil Nadu,Tamil Nadu District 4,Agricultural,Possession,311,51,11,0,1,2,19,0.13,3.0,267
38da469b,Rajasthan,Rajasthan District 1,Agricultural,Notification,168,148,23,0,2,3,54,0.175,8.0,192
f362155a,Haryana,Haryana District 2,Agricultural,Notification,46,26,32,0,4,4,0,0.264,11.0,174
b67b22b4,Rajasthan,Rajasthan District 3,Industrial,Notification,71,51,23,0,2,5,0,0.243,8.0,154
9affb9f5,Rajasthan,Rajasthan District 4,Agricultural,Compensation,326,146,20,0,6,61,52,0.212,5.0,174
d06d76b8,Bihar,Bihar District 1,Agricultural,Notification,180,160,21,0,4,30,62,0.082,7.0,312
d7c0c936,Uttar Pradesh,Uttar Pradesh District 2,Residential,Notification,138,118,24,0,5,1,34,0.161,7.0,274
0cdfb2d3,Punjab,Punjab District 3,Agricultural,Notification,46,26,28,0,4,5,2,0.292,9.0,165
97192a22,Punjab,Punjab District 4,Industrial,Notification,54,34,34,0,4,3,8,0.24,12.0,220
0cb0e23e,Andhra Pradesh,Andhra Pradesh District 1,Agricultural,Compensation,223,43,18,0,2,60,0,0.095,6.0,165
abdf1ad2,Karnataka,Karnataka District 2,Industrial,Objection,163,63,33,0,5,4,12,0.275,11.0,248
975fb1d3,Andhra Pradesh,Andhra Pradesh District 3,Agricultural,Notification,46,26,23,0,2,2,2,0.128,8.0,187
34fa177f,Karnataka,Karnataka District 4,Industrial,Compensation,360,180,23,0,3,29,60,0.225,7.0,292
c307ecd8,Maharashtra,Maharashtra District 1,Residential,Possession,328,68,17,0,4,3,30,0.238,5.0,273
501dff15,Karnataka,Karnataka District 2,Agricultural,Notification,58,38,27,0,6,4,10,0.289,8.0,154
cbca0d06,Andhra Pradesh,Andhra Pradesh District 3,Residential,Notification,96,76,32,1,8,33,16,0.377,11.0,174
1c476952,Bihar,Bihar District 4,Industrial,Objection,280,180,37,0,4,1,46,0.142,13.0,187
03dd6a55,Haryana,Haryana District 1,Agricultural,Possession,296,36,39,0,4,3,9,0.225,14.0,154
87fed742,West Bengal,West Bengal District 2,Industrial,Notification,116,96,35,0,7,3,19,0.285,11.0,138
8ce5e15e,Haryana,Haryana District 3,Industrial,Compensation,270,90,21,0,4,12,0,0.168,6.0,201
a7dda67a,West Bengal,West Bengal District 4,Agricultural,Notification,178,158,28,0,1,2,60,0.107,10.0,304
1cc746da,Maharashtra,Maharashtra District 1,Agricultural,Possession,315,55,40,0,8,35,22,0.358,14.0,264
916a3101,Bihar,Bihar District 2,Residential,Notification,93,73,28,0,2,5,4,0.254,10.0,181
0d235489,Punjab,Punjab District 3,Agricultural,Objection,280,180,29,1,7,6,48,0.497,9.0,187
3390d3ab,Chhattisgarh,Chhattisgarh District 4,Agricultural,Notification,93,73,35,0,5,6,4,0.362,12.0,111
065787f3,Andhra Pradesh,Andhra Pradesh District 1,Commercial,Possession,272,12,13,0,2,4,0,0.196,4.0,187
99985cb6,Chhattisgarh,Chhattisgarh District 2,Industrial,Possession,274,14,23,0,2,3,0,0.163,8.0,192
283dbbad,Rajasthan,Rajasthan District 3,Residential,Compensation,260,80,26,0,2,0,8,0.055,9.0,197
688b02b8,Uttar Pradesh,Uttar Pradesh District 4,Agricultural,Notification,57,37,12,0,1,7,0,0.266,4.0,197
422a8065,Chhattisgarh,Chhattisgarh District 1,Industrial,Notification,51,31,17,0,3,0,0,0.085,5.0,154
d56ad9ee,Punjab,Punjab District 2,Industrial,Possession,282,22,21,0,5,36,0,0.327,6.0,174
9d46ff93,Uttar Pradesh,Uttar Pradesh District 3,Residential,Objection,278,178,29,0,5,5,80,0.326,9.0,312
e4c8b972,Andhra Pradesh,Andhra Pradesh District 4,Agricultural,Compensation,302,122,15,0,1,39,22,0.219,5.0,181
dbad6b34,Andhra Pradesh,Andhra Pradesh District 1,Industrial,Objection,226,126,18,1,4,1,10,0.251,6.0,197
3c171a3d,Rajasthan,Rajasthan District 2,Industrial,Compensation,231,51,37,0,3,20,0,0.168,14.0,181
a486fab7,Andhra Pradesh,Andhra Pradesh District 3,Industrial,Objection,150,50,25,0,3,6,3,0.283,8.0,187
26607cbb,Tamil Nadu,Tamil Nadu District 4,Agricultural,Possession,290,30,17,0,2,7,5,0.323,5.0,214
10273835,Bihar,Bihar District 1,Residential,Possession,310,50,25,0,5,4,18,0.295,8.0,247
0001ad95,Madhya Pradesh,Madhya Pradesh District 2,Agricultural,Notification,40,20,29,1,6,3,10,0.376,10.0,111
a8e36955,Tamil Nadu,Tamil Nadu District 3,Industrial,Possession,274,14,12,0,2,5,0,0.223,3.0,111
90ec1656,Punjab,Punjab District 4,Agricultural,Compensation,253,73,10,0,0,14,4,0.068,3.0,192
5f4a6913,Maharashtra,Maharashtra District 1,Agricultural,Compensation,324,144,28,1,7,0,46,0.285,9.0,154
d69f88ee,Rajasthan,Rajasthan District 2,Agricultural,Objection,164,64,32,0,7,33,13,0.262,10.0,234
ba435059,Tamil Nadu,Tamil Nadu District 3,Residential,Notification,39,19,22,0,6,1,0,0.184,6.0,111
946623a7,Chhattisgarh,Chhattisgarh District 4,Industrial,Objection,187,87,16,0,0,3,28,0.119,5.0,187
09974e02,Tamil Nadu,Tamil Nadu District 1,Industrial,Notification,161,141,19,0,4,5,49,0.295,6.0,111
c01e8e78,Haryana,Haryana District 2,Industrial,Compensation,293,113,22,1,5,61,40,0.519,7.0,197
267540bb,Karnataka,Karnataka District 3,Industrial,Objection,280,180,11,0,3,5,80,0.267,3.0,325
ba44c950,Chhattisgarh,Chhattisgarh District 4,Industrial,Objection,236,136,26,0,2,3,61,0.159,9.0,304
bf684e9a,West Bengal,West Bengal District 1,Residential,Notification,36,16,32,0,3,31,0,0.097,12.0,111
f52e2a8b,Maharashtra,Maharashtra District 2,Agricultural,Objection,180,80,22,0,3,5,24,0.271,7.0,174
525f4c3f,Karnataka,Karnataka District 3,Agricultural,Compensation,222,42,21,0,2,0,0,0.05,7.0,187
601b0f57,Maharashtra,Maharashtra District 4,Agricultural,Possession,286,26,25,0,3,4,2,0.233,8.0,181
a747bd46,Punjab,Punjab District 1,Residential,Notification,115,95,5,1,3,0,28,0.176,1.0,165
19f3e778,Tamil Nadu,Tamil Nadu District 2,Agricultural,Possession,285,25,28,0,2,4,2,0.223,10.0,174
ccd16343,Haryana,Haryana District 3,Industrial,Notification,46,26,14,0,0,3,2,0.096,5.0,138
7379ec06,Uttar Pradesh,Uttar Pradesh District 4,Agricultural,Notification,200,180,27,1,6,0,80,0.282,9.0,313
33029713,Andhra Pradesh,Andhra Pradesh District 1,Agricultural,Notification,99,79,10,0,0,0,8,0.02,3.0,201
de90ae05,Madhya Pradesh,Madhya Pradesh District 2,Agricultural,Compensation,243,63,9,1,3,8,10,0.215,3.0,111
31c3d634,Karnataka,Karnataka District 3,Industrial,Compensation,250,70,32,0,5,16,0,0.206,11.0,111
788ce2f9,Andhra Pradesh,Andhra Pradesh District 4,Agricultural,Objection,132,32,45,0,6,4,0,0.308,16.0,138
7727a495,Bihar,Bihar District 1,Agricultural,Compensation,253,73,10,0,2,0,4,0.067,3.0,138
33c8b877,Punjab,Punjab District 2,Agricultural,Notification,58,38,19,0,2,7,10,0.314,6.0,138
579bc8fa,Rajasthan,Rajasthan District 3,Agricultural,Notification,34,14,36,1,8,4,10,0.443,12.0,111
94d02a39,Karnataka,Karnataka District 4,Commercial,Notification,121,101,27,0,4,3,22,0.231,9.0,111
c5737bd7,Bihar,Bihar District 1,Agricultural,Notification,46,26,9,0,2,4,2,0.22,2.0,174
ce417f48,Bihar,Bihar District 2,Residential,Objection,208,108,22,0,3,4,0,0.251,7.0,192
10f2d2ef,Tamil Nadu,Tamil Nadu District 3,Industrial,Objection,125,25,29,1,6,36,10,0.453,10.0,111
ac720f9d,Haryana,Haryana District 4,Industrial,Compensation,220,40,10,0,0,0,0,0.02,3.0,197
adb4ae6a,Madhya Pradesh,Madhya Pradesh District 1,Agricultural,Compensation,278,98,28,0,4,16,20,0.17,9.0,181
d1af5010,Madhya Pradesh,Madhya Pradesh District 2,Industrial,Notification,84,64,38,0,6,3,0,0.274,13.0,165
1aa7ca5f,Chhattisgarh,Chhattisgarh District 3,Agricultural,Possession,294,34,26,0,3,5,8,0.263,9.0,174
eb85ea99,West Bengal,West Bengal District 4,Industrial,Possession,279,19,23,0,1,4,0,0.183,8.0,111
5892e86f,Maharashtra,Maharashtra District 1,Industrial,Compensation,222,42,17,0,2,12,0,0.105,5.0,197
3b3e6e32,West Bengal,West Bengal District 2,Commercial,Compensation,296,116,24,1,6,31,28,0.394,8.0,258
3986ae69,West Bengal,West Bengal District 3,Commercial,Objection,159,59,37,0,6,6,0,0.375,13.0,111
5484b47b,Andhra Pradesh,Andhra Pradesh District 4,Commercial,Compensation,280,100,19,0,2,72,22,0.4,6.0,260
b76c0612,Tamil Nadu,Tamil Nadu District 1,Agricultural,Compensation,290,110,12,0,3,48,13,0.302,3.0,154
0f23f9e5,Haryana,Haryana District 2,Industrial,Objection,250,150,25,0,3,1,10,0.131,8.0,192
e783d509,Chhattisgarh,Chhattisgarh District 3,Agricultural,Compensation,255,75,37,1,8,42,15,0.51,13.0,197
b8153872,West Bengal,West Bengal District 4,Commercial,Notification,101,81,28,0,6,34,9,0.271,9.0,234
7606ae8c,Rajasthan,Rajasthan District 1,Agricultural,Notification,113,93,30,0,4,6,17,0.325,10.0,181
5e3f47f9,Maharashtra,Maharashtra District 2,Industrial,Notification,32,12,21,0,4,6,0,0.323,6.0,111
8eaec0b6,Maharashtra,Maharashtra District 3,Commercial,Compensation,322,142,16,0,1,39,34,0.198,5.0,181
cd1a447a,Chhattisgarh,Chhattisgarh District 4,Agricultural,Compensation,326,146,25,0,3,49,38,0.308,8.0,192
efed61a5,Chhattisgarh,Chhattisgarh District 1,Industrial,Compensation,288,108,15,0,1,26,12,0.157,5.0,236
aa1478c0,Karnataka,Karnataka District 2,Agricultural,Notification,48,28,17,0,4,5,0,0.299,5.0,111
6097de61,Uttar Pradesh,Uttar Pradesh District 3,Agricultural,Compensation,238,58,40,0,5,19,0,0.242,14.0,197
9044b757,Uttar Pradesh,Uttar Pradesh District 4,Agricultural,Objection,149,49,31,0,3,0,2,0.097,11.0,187
776129d2,Karnataka,Karnataka District 1,Residential,Notification,64,44,16,0,2,1,14,0.098,5.0,111
aaf1985c,Punjab,Punjab District 2,Agricultural,Compensation,360,180,22,0,4,0,80,0.118,7.0,313
7469d174,Uttar Pradesh,Uttar Pradesh District 3,Agricultural,Notification,33,13,49,0,7,5,0,0.389,18.0,111
2438cb7c,Maharashtra,Maharashtra District 4,Agricultural,Objection,176,76,25,1,5,0,31,0.232,8.0,187
436d0788,Bihar,Bihar District 1,Industrial,Objection,153,53,19,1,5,31,16,0.254,6.0,211
50ad8788,Punjab,Punjab District 2,Industrial,Notification,84,64,26,0,4,32,28,0.155,9.0,269
e8b91463,Andhra Pradesh,Andhra Pradesh District 3,Agricultural,Possession,292,32,18,0,2,34,6,0.18,6.0,192
ba2bf9ab,Karnataka,Karnataka District 4,Agricultural,Compensation,247,67,25,0,2,38,0,0.227,9.0,111
82d11ed9,Madhya Pradesh,Madhya Pradesh District 1,Industrial,Objection,134,34,14,0,2,5,0,0.246,4.0,201
6d576427,Tamil Nadu,Tamil Nadu District 2,Commercial,Possession,301,41,14,0,3,32,12,0.145,4.0,165
f4694714,Maharashtra,Maharashtra District 3,Agricultural,Compensation,340,160,35,0,6,48,46,0.167,12.0,294
b663adc8,Karnataka,Karnataka District 4,Agricultural,Objection,174,74,27,1,4,3,10,0.306,9.0,181
123f7aad,Bihar,Bihar District 1,Agricultural,Notification,78,58,14,1,4,4,10,0.356,4.0,154
dabb8436,Madhya Pradesh,Madhya Pradesh District 2,Industrial,Objection,280,180,36,0,4,0,34,0.126,13.0,181
50be91c5,Chhattisgarh,Chhattisgarh District 3,Agricultural,Compensation,302,122,34,0,6,92,36,0.363,11.0,192
4049925e,Maharashtra,Maharashtra District 4,Commercial,Notification,30,10,29,0,5,2,0,0.203,9.0,138
9963b396,Maharashtra,Maharashtra District 1,Agricultural,Notification,74,54,20,0,4,3,21,0.214,6.0,260
ddc6783e,Bihar,Bihar District 2,Industrial,Objection,220,120,39,0,6,5,0,0.345,13.0,201
664dbf4c,Maharashtra,Maharashtra District 3,Industrial,Possession,292,32,15,0,2,0,6,0.068,4.0,192
76c78c51,Tamil Nadu,Tamil Nadu District 4,Industrial,Objection,138,38,23,0,2,4,0,0.209,8.0,197
e29f548f,Bihar,Bihar District 1,Agricultural,Possession,273,13,29,0,5,30,0,0.107,10.0,111
4961542b,West Bengal,West Bengal District 2,Agricultural,Notification,131,111,17,0,2,33,29,0.143,6.0,274
057163f5,Bihar,Bihar District 3,Commercial,Compensation,226,46,47,0,6,34,0,0.338,17.0,154
bf99f809,West Bengal,West Bengal District 4,Agricultural,Objection,225,125,27,0,5,2,54,0.182,9.0,297
ec3eb8f5,Punjab,Punjab District 1,Agricultural,Objection,280,180,27,0,5,4,62,0.294,9.0,165
ac238268,Maharashtra,Maharashtra District 2,Industrial,Compensation,252,72,10,0,0,59,3,0.271,3.0,138
ce32879e,Bihar,Bihar District 3,Industrial,Objection,215,115,31,1,7,0,10,0.303,10.0,111
b289d83c,Uttar Pradesh,Uttar Pradesh District 4,Residential,Possession,312,52,25,0,4,30,20,0.076,8.0,267
569b0683,Maharashtra,Maharashtra District 1,Industrial,Objection,169,69,31,1,5,3,26,0.338,11.0,181
a1cfc337,Andhra Pradesh,Andhra Pradesh District 2,Agricultural,Compensation,335,155,18,1,7,34,54,0.433,5.0,181
f157745a,Rajasthan,Rajasthan District 3,Commercial,Notification,86,66,30,0,4,4,0,0.276,10.0,181
658b81a5,Punjab,Punjab District 4,Residential,Compensation,209,29,33,1,5,32,10,0.377,12.0,192
f801694f,Andhra Pradesh,Andhra Pradesh District 1,Agricultural,Objection,138,38,31,0,6,31,0,0.198,10.0,197
083bb145,Maharashtra,Maharashtra District 2,Agricultural,Compensation,257,77,26,1,5,20,10,0.331,9.0,111
76888a0d,Uttar Pradesh,Uttar Pradesh District 3,Agricultural,Notification,120,100,28,0,6,30,22,0.135,9.0,187
fa5dfc20,Maharashtra,Maharashtra District 4,Agricultural,Compensation,248,68,16,0,4,18,0,0.195,4.0,111
c326e549,Haryana,Haryana District 1,Agricultural,Objection,120,20,40,0,5,4,0,0.289,14.0,197
af035100,Haryana,Haryana District 2,Agricultural,Compensation,231,51,16,0,3,37,0,0.248,5.0,174
83b86002,Madhya Pradesh,Madhya Pradesh District 3,Commercial,Compensation,269,89,29,1,5,54,24,0.48,10.0,192
e7c53ef3,Tamil Nadu,Tamil Nadu District 4,Agricultural,Notification,96,76,28,0,3,34,6,0.208,10.0,138
29e0bcc8,Karnataka,Karnataka District 1,Agricultural,Notification,42,22,41,1,8,0,10,0.332,14.0,187
4fd405d8,Maharashtra,Maharashtra District 2,Agricultural,Compensation,236,56,15,0,1,3,0,0.048,5.0,165
311d7f6c,Karnataka,Karnataka District 3,Agricultural,Possession,283,23,11,0,4,33,0,0.192,3.0,138
8db7fdbf,Rajasthan,Rajasthan District 4,Industrial,Objection,117,17,16,0,3,3,0,0.179,5.0,187
7384c630,Madhya Pradesh,Madhya Pradesh District 1,Agricultural,Notification,116,96,5,0,1,33,19,0.123,2.0,174
cf3bde22,Karnataka,Karnataka District 2,Industrial,Objection,127,27,34,0,4,1,0,0.149,12.0,111
1cab5115,Madhya Pradesh,Madhya Pradesh District 3,Commercial,Notification,87,67,26,1,6,34,10,0.403,9.0,187
9faad456,Andhra Pradesh,Andhra Pradesh District 4,Agricultural,Possession,284,24,18,0,0,3,1,0.098,6.0,187
8c256e4e,Madhya Pradesh,Madhya Pradesh District 1,Industrial,Objection,176,76,30,1,5,2,31,0.322,10.0,257
5a5f0242,Andhra Pradesh,Andhra Pradesh District 2,Commercial,Objection,119,19,16,1,4,0,10,0.194,5.0,111
c76f8618,Andhra Pradesh,Andhra Pradesh District 3,Agricultural,Objection,222,122,34,0,5,1,0,0.188,11.0,111
1ddb3787,Tamil Nadu,Tamil Nadu District 4,Industrial,Possession,279,19,21,0,5,6,0,0.374,6.0,192
a5a63086,Rajasthan,Rajasthan District 1,Commercial,Compensation,284,104,31,1,11,90,20,0.572,9.0,174
5aa5aa8f,Andhra Pradesh,Andhra Pradesh District 2,Agricultural,Objection,165,65,23,0,2,1,14,0.105,8.0,187
8f060a49,Chhattisgarh,Chhattisgarh District 3,Agricultural,Compensation,274,94,27,0,8,45,18,0.188,8.0,138
81b46423,Maharashtra,Maharashtra District 4,Industrial,Objection,262,162,27,0,3,3,18,0.217,9.0,256
d91ea3c4,Andhra Pradesh,Andhra Pradesh District 1,Commercial,Compensation,200,20,20,1,5,72,10,0.319,7.0,111
3e02a717,Tamil Nadu,Tamil Nadu District 2,Industrial,Notification,132,112,17,0,4,4,30,0.274,5.0,276
3e728da9,Punjab,Punjab District 3,Residential,Compensation,360,180,28,0,5,0,61,0.131,9.0,295
ac42a283,Madhya Pradesh,Madhya Pradesh District 4,Industrial,Objection,239,139,32,0,6,3,2,0.259,10.0,165
dcfc53b6,Uttar Pradesh,Uttar Pradesh District 1,Agricultural,Objection,172,72,26,0,3,3,18,0.203,9.0,246
72275e18,Maharashtra,Maharashtra District 2,Residential,Objection,280,180,25,0,5,2,80,0.218,8.0,343
b603a639,Haryana,Haryana District 3,Industrial,Compensation,290,110,32,0,2,15,13,0.136,12.0,111
48e0b5c0,Tamil Nadu,Tamil Nadu District 4,Commercial,Objection,203,103,30,0,5,33,0,0.236,10.0,201
fe64845d,West Bengal,West Bengal District 1,Commercial,Objection,190,90,35,0,7,31,0,0.179,12.0,174
6995030a,Chhattisgarh,Chhattisgarh District 2,Agricultural,Compensation,257,77,22,0,1,28,0,0.158,8.0,154
0fc0dd6a,Madhya Pradesh,Madhya Pradesh District 3,Residential,Compensation,232,52,31,0,4,65,0,0.179,11.0,138
bef03afd,Tamil Nadu,Tamil Nadu District 4,Industrial,Compensation,253,73,21,0,5,0,4,0.147,6.0,181
e4cd441e,West Bengal,West Bengal District 1,Agricultural,Compensation,284,104,14,0,2,47,10,0.282,4.0,181
5728f269,Tamil Nadu,Tamil Nadu District 2,Agricultural,Objection,209,109,23,0,6,3,0,0.272,6.0,201
251a3807,Punjab,Punjab District 3,Agricultural,Objection,138,38,30,0,6,4,0,0.339,9.0,111
0a11bbeb,Haryana,Haryana District 4,Residential,Compensation,219,39,6,0,1,22,0,0.137,2.0,165
bb08ce5a,Madhya Pradesh,Madhya Pradesh District 1,Residential,Objection,210,110,23,0,2,35,0,0.224,8.0,111
54e54bb9,Andhra Pradesh,Andhra Pradesh District 2,Commercial,Objection,280,180,36,0,5,4,80,0.259,13.0,187
07afb09b,Maharashtra,Maharashtra District 3,Industrial,Notification,121,101,41,0,6,33,22,0.247,15.0,181
2f6e5b14,Punjab,Punjab District 4,Agricultural,Compensation,262,82,24,0,3,29,0,0.207,8.0,111
fbc089a1,Tamil Nadu,Tamil Nadu District 1,Agricultural,Possession,274,14,26,0,4,5,0,0.304,8.0,187
848a8894,Karnataka,Karnataka District 2,Commercial,Compensation,288,108,46,0,8,75,12,0.342,16.0,192
11b07348,Bihar,Bihar District 3,Industrial,Objection,140,40,21,0,3,2,0,0.166,7.0,187
88203d98,Chhattisgarh,Chhattisgarh District 4,Industrial,Possession,284,24,17,0,3,0,1,0.091,5.0,154
47c183e4,Rajasthan,Rajasthan District 1,Agricultural,Possession,274,14,29,1,6,0,10,0.256,10.0,181
7f945445,Chhattisgarh,Chhattisgarh District 2,Agricultural,Objection,280,180,11,0,3,3,51,0.169,3.0,154
f9dfb9ea,Chhattisgarh,Chhattisgarh District 3,Agricultural,Compensation,226,46,21,1,4,50,10,0.429,7.0,181
f1c3a382,Punjab,Punjab District 4,Commercial,Notification,96,76,24,0,4,34,6,0.223,8.0,211
2a3051cd,Maharashtra,Maharashtra District 1,Industrial,Compensation,200,20,16,1,5,14,10,0.295,5.0,111
c5bf21ab,West Bengal,West Bengal District 2,Commercial,Notification,74,54,16,0,2,1,0,0.077,5.0,201
97060ee9,Bihar,Bihar District 3,Commercial,Compensation,274,94,5,0,1,17,2,0.109,1.0,111
7d23507f,Haryana,Haryana District 4,Residential,Notification,34,14,33,0,4,4,0,0.253,11.0,154
3ada6e81,Andhra Pradesh,Andhra Pradesh District 1,Agricultural,Compensation,280,100,16,0,3,36,22,0.247,5.0,165
b7b32bfc,Maharashtra,Maharashtra District 2,Agricultural,Objection,259,159,26,0,3,3,16,0.186,9.0,246
266139e8,Punjab,Punjab District 3,Agricultural,Compensation,284,104,19,1,6,40,34,0.432,6.0,274
2b5344f3,Karnataka,Karnataka District 4,Commercial,Notification,96,76,39,0,4,0,6,0.115,14.0,201
89aef7f5,Bihar,Bihar District 1,Industrial,Compensation,274,94,43,0,6,85,18,0.333,16.0,174
18618e5b,Karnataka,Karnataka District 2,Industrial,Possession,282,22,29,0,4,5,0,0.283,10.0,174
0bde5804,Madhya Pradesh,Madhya Pradesh District 3,Agricultural,Notification,114,94,14,1,3,3,28,0.289,4.0,154
50c3f3a3,Maharashtra,Maharashtra District 4,Industrial,Notification,59,39,25,0,2,2,11,0.135,9.0,181
35a136fa,Rajasthan,Rajasthan District 1,Industrial,Compensation,244,64,20,0,3,35,0,0.236,6.0,111
d6df3bda,Tamil Nadu,Tamil Nadu District 2,Agricultural,Compensation,335,155,22,0,4,80,44,0.254,7.0,154
269c4a72,Uttar Pradesh,Uttar Pradesh District 3,Agricultural,Possession,274,14,25,1,4,3,10,0.329,9.0,201
e262d025,Chhattisgarh,Chhattisgarh District 4,Industrial,Objection,143,43,34,0,4,4,0,0.245,12.0,138
d5c6c1d7,Bihar,Bihar District 1,Agricultural,Notification,58,38,30,0,5,33,10,0.211,10.0,236
db63256b,Maharashtra,Maharashtra District 2,Industrial,Notification,78,58,25,0,5,4,0,0.281,8.0,111
dd6ac079,Andhra Pradesh,Andhra Pradesh District 3,Agricultural,Possession,280,20,23,1,6,33,10,0.347,7.0,181
d112ed47,Tamil Nadu,Tamil Nadu District 4,Agricultural,Objection,216,116,26,0,4,32,0,0.174,9.0,138
581e7deb,Andhra Pradesh,Andhra Pradesh District 1,Industrial,Compensation,336,156,27,0,2,8,59,0.099,9.0,298
67b51bd0,Madhya Pradesh,Madhya Pradesh District 2,Commercial,Possession,341,81,9,0,1,4,39,0.161,3.0,276
f2568416,Maharashtra,Maharashtra District 3,Agricultural,Compensation,262,82,28,0,4,0,0,0.098,9.0,138
47d4af7e,Karnataka,Karnataka District 4,Agricultural,Compensation,214,34,21,0,3,22,0,0.182,7.0,181
583422f0,West Bengal,West Bengal District 1,Industrial,Objection,248,148,31,0,2,5,9,0.236,11.0,111
8795f1e2,Haryana,Haryana District 2,Agricultural,Compensation,242,62,10,0,0,40,0,0.185,3.0,192
964eddc7,Chhattisgarh,Chhattisgarh District 3,Commercial,Compensation,259,79,21,0,2,28,0,0.181,7.0,197
5f51e42b,Haryana,Haryana District 4,Agricultural,Notification,32,12,14,0,2,2,0,0.123,4.0,138
77c3fecb,Tamil Nadu,Tamil Nadu District 1,Commercial,Compensation,236,56,24,1,6,0,10,0.252,8.0,197
d769bc6f,West Bengal,West Bengal District 2,Industrial,Notification,48,28,21,1,6,1,14,0.291,6.0,187
194a4058,Karnataka,Karnataka District 3,Industrial,Notification,42,22,28,0,6,1,0,0.214,9.0,197
3b1ed2b1,Maharashtra,Maharashtra District 4,Agricultural,Compensation,250,70,36,0,4,30,2,0.263,13.0,174
9400c4dd,Uttar Pradesh,Uttar Pradesh District 1,Industrial,Objection,129,29,5,0,1,33,0,0.097,2.0,165
38c441d9,Bihar,Bihar District 2,Residential,Possession,274,14,10,1,3,1,10,0.211,3.0,111
c0884a85,Bihar,Bihar District 3,Agricultural,Objection,255,155,13,0,3,4,74,0.248,3.0,319
a5de142d,Rajasthan,Rajasthan District 4,Commercial,Notification,35,15,20,0,4,7,0,0.347,6.0,111
6e5ba188,Maharashtra,Maharashtra District 1,Agricultural,Objection,152,52,21,0,4,1,5,0.168,6.0,181
a9c8f053,Rajasthan,Rajasthan District 2,Industrial,Objection,146,46,31,0,4,4,0,0.264,10.0,154
2ccd61b9,Maharashtra,Maharashtra District 3,Industrial,Possession,300,40,10,0,0,0,12,0.02,3.0,174
4c091df8,Maharashtra,Maharashtra District 4,Agricultural,Objection,146,46,24,0,4,7,1,0.351,8.0,181
14e5356f,Karnataka,Karnataka District 1,Commercial,Objection,270,170,10,0,2,2,24,0.15,3.0,197
d6e3a63f,Madhya Pradesh,Madhya Pradesh District 2,Agricultural,Compensation,265,85,26,1,8,80,22,0.461,8.0,201
85860c8e,Bihar,Bihar District 3,Industrial,Compensation,290,110,11,0,4,81,13,0.242,3.0,181
e5ebced7,Chhattisgarh,Chhattisgarh District 4,Agricultural,Compensation,326,146,28,0,5,45,38,0.101,9.0,197
7fed969b,Uttar Pradesh,Uttar Pradesh District 1,Industrial,Notification,36,16,30,0,5,34,0,0.245,10.0,111
689bcad1,Bihar,Bihar District 2,Residential,Objection,165,65,19,0,1,4,14,0.168,6.0,237
80c9ea58,Bihar,Bihar District 3,Agricultural,Objection,198,98,40,0,5,35,0,0.323,14.0,111
5637409f,Karnataka,Karnataka District 4,Industrial,Notification,30,10,5,0,0,0,0,0.02,2.0,111
be099f7b,Karnataka,Karnataka District 1,Agricultural,Objection,216,116,28,0,5,3,0,0.241,9.0,165
b4ad733f,Chhattisgarh,Chhattisgarh District 2,Agricultural,Possession,324,64,24,1,6,4,38,0.412,8.0,270
c725568e,Haryana,Haryana District 3,Agricultural,Possession,279,19,21,0,2,7,0,0.31,7.0,111
39f668a9,West Bengal,West Bengal District 4,Agricultural,Compensation,260,80,34,0,4,13,0,0.177,12.0,181
1a2100e4,Punjab,Punjab District 1,Industrial,Compensation,220,40,34,0,5,77,0,0.266,12.0,154
3099dac3,Bihar,Bihar District 2,Residential,Notification,32,12,14,0,3,2,0,0.159,4.0,138
8b0f3555,Maharashtra,Maharashtra District 3,Commercial,Notification,42,22,14,0,1,2,0,0.116,4.0,165
54e9ba4a,West Bengal,West Bengal District 4,Industrial,Objection,186,86,23,0,3,3,0,0.22,7.0,187
0cc7b739,West Bengal,West Bengal District 1,Industrial,Objection,280,180,15,0,2,7,48,0.313,4.0,303
5b08577f,Uttar Pradesh,Uttar Pradesh District 2,Residential,Possession,287,27,32,0,5,5,3,0.333,11.0,138
6e1f913a,Uttar Pradesh,Uttar Pradesh District 3,Industrial,Objection,191,91,34,0,3,4,0,0.222,12.0,187
285cd418,West Bengal,West Bengal District 4,Residential,Possession,278,18,32,0,4,32,0,0.163,11.0,111
cb9b152e,Chhattisgarh,Chhattisgarh District 1,Agricultural,Objection,152,52,32,0,5,3,5,0.225,11.0,201
97282f87,Bihar,Bihar District 2,Agricultural,Notification,50,30,27,0,5,2,5,0.191,9.0,214
e2ce8681,Punjab,Punjab District 3,Commercial,Notification,72,52,40,1,7,1,30,0.344,14.0,261
3152d252,Haryana,Haryana District 4,Commercial,Compensation,239,59,6,0,0,1,0,0.02,2.0,111
e7cf0e89,West Bengal,West Bengal District 1,Industrial,Notification,53,33,22,0,3,5,7,0.288,7.0,111
1ded0d25,Tamil Nadu,Tamil Nadu District 2,Industrial,Notification,34,14,36,0,4,4,0,0.25,13.0,174
be1da09b,West Bengal,West Bengal District 3,Industrial,Notification,48,28,13,0,1,4,4,0.187,4.0,192
1e5b1304,Chhattisgarh,Chhattisgarh District 4,Agricultural,Notification,49,29,33,0,3,0,4,0.076,12.0,187
01091199,Madhya Pradesh,Madhya Pradesh District 1,Agricultural,Notification,111,91,14,0,0,1,16,0.024,5.0,244
f3c6e052,Haryana,Haryana District 2,Agricultural,Possession,284,24,28,0,4,3,1,0.207,9.0,165
4674f452,Punjab,Punjab District 3,Residential,Notification,124,104,23,0,6,2,24,0.227,6.0,165
ad5d52f6,Tamil Nadu,Tamil Nadu District 4,Commercial,Objection,111,11,17,0,2,3,0,0.148,5.0,138
e27cdb4f,Maharashtra,Maharashtra District 1,Agricultural,Notification,52,32,19,1,3,4,16,0.328,6.0,181
02b422f6,Punjab,Punjab District 2,Agricultural,Notification,39,19,28,0,2,35,0,0.239,10.0,192
5ab126a4,Andhra Pradesh,Andhra Pradesh District 3,Industrial,Notification,53,33,10,0,1,4,7,0.187,3.0,214
b0ecb781,Haryana,Haryana District 4,Agricultural,Objection,130,30,25,0,3,3,0,0.201,8.0,174
b4423138,Uttar Pradesh,Uttar Pradesh District 1,Industrial,Notification,116,96,20,0,4,5,19,0.297,6.0,249
f9e96f51,Maharashtra,Maharashtra District 2,Commercial,Notification,64,44,16,0,2,6,14,0.262,5.0,253
304a4746,Uttar Pradesh,Uttar Pradesh District 3,Agricultural,Notification,50,30,32,0,7,35,5,0.349,10.0,211
c573c7d3,Rajasthan,Rajasthan District 4,Agricultural,Compensation,238,58,34,0,4,9,0,0.149,12.0,201
4cbda5dd,Maharashtra,Maharashtra District 1,Industrial,Possession,270,10,8,1,4,4,10,0.342,2.0,111
5eae8de1,Uttar Pradesh,Uttar Pradesh District 2,Industrial,Objection,280,180,9,1,4,2,67,0.276,2.0,192
7844bec6,Karnataka,Karnataka District 3,Agricultural,Notification,35,15,25,0,5,30,0,0.129,8.0,165
b6cf59e3,Punjab,Punjab District 4,Residential,Possession,288,28,33,0,5,1,4,0.187,11.0,154
f9e635e7,Haryana,Haryana District 1,Agricultural,Compensation,261,81,35,0,6,14,0,0.22,12.0,187
0963d8b4,Tamil Nadu,Tamil Nadu District 2,Commercial,Compensation,360,180,33,0,4,33,80,0.257,11.0,319
b87e2fb5,Karnataka,Karnataka District 3,Industrial,Compensation,266,86,13,0,3,7,0,0.115,3.0,197
b4588886,Maharashtra,Maharashtra District 4,Industrial,Notification,100,80,48,0,4,7,38,0.391,18.0,287
5f52b1b0,Tamil Nadu,Tamil Nadu District 1,Industrial,Objection,148,48,23,0,5,31,2,0.14,7.0,165
7b88bb56,Maharashtra,Maharashtra District 2,Agricultural,Compensation,283,103,35,1,8,75,34,0.439,12.0,192
765c2aa7,Tamil Nadu,Tamil Nadu District 3,Industrial,Notification,66,46,42,0,5,3,0,0.243,15.0,187
fc16b9c7,Bihar,Bihar District 4,Agricultural,Compensation,303,123,21,0,4,28,22,0.24,6.0,192
8826431d,Rajasthan,Rajasthan District 1,Agricultural,Possession,268,8,22,0,4,6,0,0.33,7.0,111
3eddd9ef,Maharashtra,Maharashtra District 2,Commercial,Notification,115,95,30,0,3,3,48,0.177,10.0,298
6aa4d070,Karnataka,Karnataka District 3,Agricultural,Objection,280,180,27,0,3,30,80,0.07,9.0,111
deafc23a,West Bengal,West Bengal District 4,Industrial,Notification,49,29,23,1,3,2,14,0.248,8.0,165
51d57bc4,Maharashtra,Maharashtra District 1,Agricultural,Objection,260,160,25,0,6,38,16,0.436,8.0,197
5aab1802,Maharashtra,Maharashtra District 2,Industrial,Notification,136,116,24,0,4,6,32,0.321,8.0,197
da76d6c1,Andhra Pradesh,Andhra Pradesh District 3,Agricultural,Objection,131,31,27,0,4,5,0,0.324,9.0,197
0fd75d54,Andhra Pradesh,Andhra Pradesh District 4,Industrial,Objection,280,180,16,1,6,4,54,0.395,4.0,174
eb168186,Chhattisgarh,Chhattisgarh District 1,Industrial,Objection,119,19,25,0,3,2,0,0.159,8.0,165
ee8370d2,Andhra Pradesh,Andhra Pradesh District 2,Industrial,Possession,285,25,29,0,3,3,2,0.185,10.0,165
b4948ab2,Maharashtra,Maharashtra District 3,Agricultural,Possession,302,42,33,0,6,30,13,0.137,11.0,174
b9b6d35c,West Bengal,West Bengal District 4,Industrial,Objection,236,136,30,0,4,34,0,0.23,10.0,192
52f12cbe,Bihar,Bihar District 1,Agricultural,Notification,84,64,27,0,2,2,0,0.144,9.0,187
2f8f6409,Bihar,Bihar District 2,Industrial,Notification,100,80,23,0,2,3,8,0.158,8.0,197
feb92a00,Karnataka,Karnataka District 3,Industrial,Compensation,330,150,21,0,4,72,40,0.203,7.0,192
e170ec63,Bihar,Bihar District 4,Industrial,Compensation,232,52,39,0,5,64,0,0.446,14.0,111
6cce5e7d,Haryana,Haryana District 1,Industrial,Possession,310,50,37,0,7,3,18,0.319,12.0,165
5c518dc4,Uttar Pradesh,Uttar Pradesh District 2,Industrial,Possession,277,17,12,1,5,35,10,0.371,3.0,138
b21f6889,Chhattisgarh,Chhattisgarh District 3,Agricultural,Objection,162,62,22,0,4,32,12,0.172,7.0,165
b43a9909,Maharashtra,Maharashtra District 4,Industrial,Objection,280,180,22,0,3,1,80,0.123,7.0,368
80ad6eb8,Rajasthan,Rajasthan District 1,Agricultural,Possession,302,42,22,0,3,3,13,0.185,7.0,187
9205e601,Rajasthan,Rajasthan District 2,Agricultural,Notification,71,51,21,0,4,5,0,0.302,6.0,111
059ad464,Bihar,Bihar District 3,Industrial,Possession,289,29,19,0,1,5,4,0.21,6.0,201
b8139eef,Chhattisgarh,Chhattisgarh District 4,Industrial,Notification,80,60,18,0,1,0,0,0.029,6.0,192
6b232d2a,Madhya Pradesh,Madhya Pradesh District 1,Agricultural,Compensation,289,109,21,0,3,26,28,0.198,7.0,278
b10b0db5,Chhattisgarh,Chhattisgarh District 2,Agricultural,Notification,40,20,35,0,4,2,0,0.191,12.0,154
19ca782d,Maharashtra,Maharashtra District 3,Agricultural,Compensation,257,77,27,0,1,24,6,0.143,10.0,187
71ccffc8,Punjab,Punjab District 4,Industrial,Compensation,242,62,23,1,5,33,10,0.398,7.0,201
a3bb30a1,Uttar Pradesh,Uttar Pradesh District 1,Industrial,Compensation,262,82,7,0,3,87,0,0.237,2.0,154
37502aa6,Karnataka,Karnataka District 2,Agricultural,Notification,59,39,12,0,3,1,11,0.11,3.0,181
7af5997c,Haryana,Haryana District 3,Agricultural,Compensation,235,55,14,0,0,0,0,0.02,5.0,174
7209b306,West Bengal,West Bengal District 4,Residential,Possession,291,31,17,0,3,2,6,0.177,5.0,214
e83be044,Tamil Nadu,Tamil Nadu District 1,Residential,Notification,48,28,14,0,0,7,0,0.254,5.0,174
f3a97b20,Andhra Pradesh,Andhra Pradesh District 2,Agricultural,Compensation,238,58,18,0,0,37,0,0.172,6.0,197
fcf0934f,Bihar,Bihar District 3,Agricultural,Possession,280,20,19,0,2,2,0,0.127,6.0,111
b5656bec,Haryana,Haryana District 4,Industrial,Objection,126,26,12,0,3,1,0,0.102,3.0,201
7821e5cc,Madhya Pradesh,Madhya Pradesh District 1,Agricultural,Compensation,228,48,19,0,1,0,0,0.037,6.0,111
246b6d27,Andhra Pradesh,Andhra Pradesh District 2,Agricultural,Compensation,294,114,22,1,4,64,26,0.259,8.0,251
aec5fb76,Uttar Pradesh,Uttar Pradesh District 3,Industrial,Possession,298,38,22,0,3,2,10,0.15,7.0,226
b40190d0,Madhya Pradesh,Madhya Pradesh District 4,Agricultural,Possession,310,50,31,0,3,1,18,0.122,11.0,174
8001c484,Madhya Pradesh,Madhya Pradesh District 1,Agricultural,Objection,132,32,20,0,3,5,0,0.253,6.0,181
46367c8f,Uttar Pradesh,Uttar Pradesh District 2,Agricultural,Possession,274,14,33,0,3,2,0,0.14,12.0,192
699df9a8,West Bengal,West Bengal District 3,Agricultural,Compensation,213,33,14,0,2,25,0,0.181,4.0,197
e242d0e6,Karnataka,Karnataka District 4,Agricultural,Possession,279,19,28,0,4,30,0,0.115,9.0,192
8acf2d13,Andhra Pradesh,Andhra Pradesh District 1,Agricultural,Compensation,232,52,33,1,9,5,10,0.374,10.0,181
99fdcf6a,Chhattisgarh,Chhattisgarh District 2,Agricultural,Compensation,244,64,24,0,4,0,0,0.106,8.0,111
dbede61d,Punjab,Punjab District 3,Agricultural,Compensation,232,52,12,0,2,29,0,0.185,3.0,192
ba3bb4f7,Madhya Pradesh,Madhya Pradesh District 4,Agricultural,Possession,289,29,35,0,5,2,4,0.212,12.0,192
7cdfc6a4,Maharashtra,Maharashtra District 1,Agricultural,Notification,42,22,16,0,2,7,0,0.296,5.0,111
ad90c30e,Uttar Pradesh,Uttar Pradesh District 2,Agricultural,Possession,276,16,25,0,3,2,0,0.136,8.0,201
686609c4,Chhattisgarh,Chhattisgarh District 3,Industrial,Objection,158,58,21,0,2,1,9,0.08,7.0,201
b21ea606,West Bengal,West Bengal District 4,Residential,Compensation,272,92,11,0,3,0,1,0.075,3.0,174
a4f2afa4,Uttar Pradesh,Uttar Pradesh District 1,Industrial,Notification,200,180,14,1,4,1,80,0.241,4.0,328
6dbdef1c,Uttar Pradesh,Uttar Pradesh District 2,Industrial,Objection,203,103,17,0,1,2,0,0.103,6.0,197
122e66a2,Rajasthan,Rajasthan District 3,Agricultural,Possession,288,28,24,0,1,2,4,0.096,8.0,201
8eca2ac4,Maharashtra,Maharashtra District 4,Industrial,Notification,102,82,29,0,5,6,10,0.348,9.0,197
57fb68bb,Madhya Pradesh,Madhya Pradesh District 1,Agricultural,Possession,286,26,14,0,0,2,2,0.073,5.0,187
d71f744d,Rajasthan,Rajasthan District 2,Industrial,Objection,280,180,5,0,0,1,58,0.055,2.0,111
27847e68,Uttar Pradesh,Uttar Pradesh District 3,Agricultural,Compensation,330,150,33,0,4,17,55,0.184,11.0,295
69e48ae7,Uttar Pradesh,Uttar Pradesh District 4,Commercial,Possession,294,34,5,1,3,36,18,0.366,2.0,197
55361de2,Haryana,Haryana District 1,Agricultural,Objection,127,27,23,0,2,2,0,0.155,8.0,201
7c652540,Punjab,Punjab District 2,Agricultural,Notification,42,22,35,0,5,31,0,0.167,12.0,111
d490e7fa,West Bengal,West Bengal District 3,Industrial,Objection,280,180,27,0,3,4,55,0.244,9.0,187
545a4ef0,Tamil Nadu,Tamil Nadu District 4,Industrial,Possession,334,74,21,0,5,3,34,0.238,6.0,279
37725a38,Chhattisgarh,Chhattisgarh District 1,Agricultural,Notification,49,29,22,0,5,34,4,0.273,7.0,174
c3096c27,West Bengal,West Bengal District 2,Industrial,Compensation,205,25,26,0,4,78,0,0.239,9.0,192
43bbb6d8,Maharashtra,Maharashtra District 3,Commercial,Possession,292,32,30,0,4,30,6,0.089,10.0,111
79ba285a,Haryana,Haryana District 4,Industrial,Possession,323,63,21,0,4,2,27,0.198,6.0,270
e111c446,Andhra Pradesh,Andhra Pradesh District 1,Agricultural,Notification,40,20,28,0,5,2,0,0.202,9.0,138
f8d4cf6f,Chhattisgarh,Chhattisgarh District 2,Agricultural,Objection,202,102,16,0,4,3,38,0.219,4.0,289
0a02478b,Maharashtra,Maharashtra District 3,Residential,Compensation,262,82,25,0,4,87,10,0.269,8.0,232
64c8aea2,Uttar Pradesh,Uttar Pradesh District 4,Industrial,Compensation,339,159,22,0,4,62,46,0.163,7.0,201
be790e5d,Maharashtra,Maharashtra District 1,Agricultural,Notification,48,28,24,0,4,5,4,0.273,8.0,192
5e0b3197,Andhra Pradesh,Andhra Pradesh District 2,Industrial,Compensation,259,79,37,0,5,11,8,0.182,13.0,192
76b74303,Madhya Pradesh,Madhya Pradesh District 3,Residential,Possession,279,19,25,0,6,9,0,0.522,7.0,174
ff546872,Tamil Nadu,Tamil Nadu District 4,Commercial,Compensation,260,80,21,0,2,24,0,0.157,7.0,187
7976ffd1,Haryana,Haryana District 1,Agricultural,Compensation,256,76,33,0,5,0,0,0.138,11.0,187
7f3e18b2,West Bengal,West Bengal District 2,Residential,Possession,299,39,25,0,5,5,11,0.342,8.0,165
7800a859,West Bengal,West Bengal District 3,Agricultural,Possession,280,20,22,0,2,31,0,0.056,8.0,111
c9d14f8a,Uttar Pradesh,Uttar Pradesh District 4,Industrial,Notification,40,20,28,0,4,5,0,0.272,9.0,138
c0e2eb44,West Bengal,West Bengal District 1,Agricultural,Notification,59,39,18,0,2,6,0,0.302,6.0,201
57f9bbab,Punjab,Punjab District 2,Agricultural,Objection,116,16,44,0,8,30,0,0.186,16.0,111
b2b922a1,Uttar Pradesh,Uttar Pradesh District 3,Agricultural,Notification,74,54,18,0,2,5,0,0.249,6.0,201
23e190e0,West Bengal,West Bengal District 4,Residential,Possession,280,20,42,0,5,2,0,0.213,15.0,181
17ddaab9,Maharashtra,Maharashtra District 1,Agricultural,Possession,275,15,34,0,5,30,0,0.11,12.0,154
1218cea4,Madhya Pradesh,Madhya Pradesh District 2,Agricultural,Notification,31,11,9,0,2,2,0,0.139,2.0,201
47ea9505,Karnataka,Karnataka District 3,Commercial,Compensation,257,77,23,1,6,0,16,0.276,7.0,220
045009c3,Haryana,Haryana District 4,Commercial,Notification,57,37,24,0,3,6,0,0.293,8.0,154
ae6a205f,Bihar,Bihar District 1,Agricultural,Possession,286,26,5,0,1,31,2,0.045,2.0,165
14ed54b5,Uttar Pradesh,Uttar Pradesh District 2,Industrial,Objection,264,164,20,1,5,3,29,0.348,6.0,138
b44541b1,Punjab,Punjab District 3,Agricultural,Notification,116,96,21,1,6,1,29,0.305,6.0,260
dd78e9d6,West Bengal,West Bengal District 4,Commercial,Compensation,315,135,27,0,3,13,45,0.152,9.0,201
bc31e4be,Madhya Pradesh,Madhya Pradesh District 1,Industrial,Compensation,232,52,24,0,2,32,0,0.217,8.0,187
9e67f753,Rajasthan,Rajasthan District 2,Industrial,Notification,57,37,38,0,5,0,10,0.154,13.0,201
ccb7d258,Andhra Pradesh,Andhra Pradesh District 3,Agricultural,Compensation,248,68,27,0,6,29,0,0.291,8.0,187
f48c684d,Punjab,Punjab District 4,Industrial,Compensation,290,110,18,0,3,119,28,0.402,6.0,187
adc68678,Uttar Pradesh,Uttar Pradesh District 1,Agricultural,Compensation,267,87,27,0,5,49,13,0.356,9.0,197
7df21ac3,Chhattisgarh,Chhattisgarh District 2,Agricultural,Notification,62,42,24,0,5,3,0,0.231,7.0,154
d86b0e9b,Haryana,Haryana District 3,Agricultural,Notification,52,32,27,0,3,0,6,0.091,9.0,208
71197886,Andhra Pradesh,Andhra Pradesh District 4,Industrial,Compensation,263,83,10,0,1,12,0,0.092,3.0,111
a996b906,Tamil Nadu,Tamil Nadu District 1,Industrial,Compensation,238,58,16,0,3,9,0,0.117,5.0,192
3db87440,Rajasthan,Rajasthan District 2,Commercial,Compensation,250,70,46,0,6,40,2,0.354,17.0,154
1b5d30fb,Maharashtra,Maharashtra District 3,Residential,Compensation,360,180,21,1,5,36,72,0.397,7.0,111
090cd016,Maharashtra,Maharashtra District 4,Commercial,Notification,91,71,25,1,5,7,12,0.472,8.0,174
7484553f,Bihar,Bihar District 1,Industrial,Compensation,296,116,28,0,4,18,32,0.18,9.0,165
4a461ace,Punjab,Punjab District 2,Residential,Objection,143,43,32,0,5,1,0,0.173,11.0,111
cb82a98c,Haryana,Haryana District 3,Residential,Objection,258,158,3,0,0,1,16,0.042,1.0,154
2271de19,Chhattisgarh,Chhattisgarh District 4,Industrial,Notification,49,29,15,1,4,32,10,0.263,5.0,111
a3be07da,Maharashtra,Maharashtra District 1,Industrial,Notification,66,46,34,0,2,5,0,0.24,13.0,111
69eb7be3,Uttar Pradesh,Uttar Pradesh District 2,Commercial,Compensation,252,72,32,0,2,9,3,0.107,12.0,201
597325f2,Madhya Pradesh,Madhya Pradesh District 3,Industrial,Objection,280,180,14,1,2,5,80,0.342,5.0,111
f4bf4676,Tamil Nadu,Tamil Nadu District 4,Agricultural,Objection,150,50,14,0,0,4,3,0.143,5.0,174
d06bbecb,West Bengal,West Bengal District 1,Commercial,Objection,227,127,27,0,4,6,0,0.339,9.0,111
bda06d41,Punjab,Punjab District 2,Agricultural,Notification,156,136,32,0,2,2,46,0.145,12.0,111
3358f32f,Punjab,Punjab District 3,Industrial,Notification,44,24,20,0,4,31,1,0.102,6.0,111
e99263ee,Madhya Pradesh,Madhya Pradesh District 4,Agricultural,Compensation,282,102,22,0,5,20,23,0.246,6.0,261
c713cfcd,Madhya Pradesh,Madhya Pradesh District 1,Industrial,Objection,280,180,21,0,2,4,80,0.218,7.0,192
c8694eeb,Bihar,Bihar District 2,Agricultural,Compensation,234,54,20,0,4,50,0,0.341,6.0,187
d58fddb7,Uttar Pradesh,Uttar Pradesh District 3,Agricultural,Compensation,276,96,7,0,1,35,19,0.202,2.0,201
10227479,Punjab,Punjab District 4,Residential,Objection,279,179,41,0,5,1,30,0.177,15.0,197
9ef69ed0,Rajasthan,Rajasthan District 1,Industrial,Objection,260,160,20,1,6,1,26,0.306,6.0,174
4b51a940,Haryana,Haryana District 2,Industrial,Objection,212,112,36,0,7,0,45,0.19,12.0,296
7eb00640,Bihar,Bihar District 3,Agricultural,Notification,100,80,34,1,6,35,18,0.417,12.0,232
c4a4065a,Andhra Pradesh,Andhra Pradesh District 4,Industrial,Objection,138,38,33,0,5,1,0,0.16,11.0,111
f1c609cb,Uttar Pradesh,Uttar Pradesh District 1,Agricultural,Possession,305,45,19,0,4,1,15,0.139,6.0,197
6f1af3ef,Tamil Nadu,Tamil Nadu District 2,Agricultural,Objection,123,23,24,0,1,3,0,0.152,8.0,111
b31f678b,West Bengal,West Bengal District 3,Agricultural,Possession,276,16,21,0,2,3,0,0.158,7.0,111
04b2a8a0,Rajasthan,Rajasthan District 4,Industrial,Objection,155,55,21,0,3,33,6,0.142,7.0,187
a5df5950,Chhattisgarh,Chhattisgarh District 1,Commercial,Compensation,261,81,11,0,0,0,9,0.02,4.0,192
c0b30f30,Rajasthan,Rajasthan District 2,Industrial,Objection,160,60,23,0,0,2,10,0.067,8.0,201
4683f27e,Rajasthan,Rajasthan District 3,Agricultural,Notification,72,52,35,0,5,4,0,0.296,12.0,174
7bf74333,West Bengal,West Bengal District 4,Agricultural,Compensation,268,88,20,1,4,34,24,0.349,7.0,181
c982f3b1,Andhra Pradesh,Andhra Pradesh District 1,Industrial,Objection,246,146,15,1,3,2,17,0.276,5.0,228
cac909d7,Bihar,Bihar District 2,Agricultural,Objection,195,95,10,0,0,5,34,0.175,3.0,165
c06d6f0d,Maharashtra,Maharashtra District 3,Agricultural,Objection,238,138,13,1,5,5,12,0.405,3.0,174
dec7d47c,Andhra Pradesh,Andhra Pradesh District 4,Industrial,Objection,126,26,12,1,5,2,10,0.319,3.0,197
16d79da0,Andhra Pradesh,Andhra Pradesh District 1,Industrial,Compensation,357,177,39,0,5,96,58,0.35,14.0,165
22bb3369,Haryana,Haryana District 2,Agricultural,Compensation,269,89,28,0,2,72,0,0.159,10.0,192
f02b2f47,Uttar Pradesh,Uttar Pradesh District 3,Industrial,Compensation,254,74,45,0,6,69,0,0.243,17.0,154
12a4de6c,Madhya Pradesh,Madhya Pradesh District 4,Residential,Notification,90,70,22,0,3,1,2,0.133,7.0,165
17dfac79,Andhra Pradesh,Andhra Pradesh District 1,Industrial,Compensation,249,69,23,0,3,26,1,0.217,7.0,187
302fda28,Maharashtra,Maharashtra District 2,Commercial,Compensation,274,94,16,0,2,50,18,0.281,5.0,154
cc1326a1,Uttar Pradesh,Uttar Pradesh District 3,Residential,Notification,49,29,16,0,3,31,4,0.089,5.0,197
cab77740,Maharashtra,Maharashtra District 4,Agricultural,Notification,120,100,19,1,7,36,32,0.483,6.0,192
895ac556,Punjab,Punjab District 1,Commercial,Compensation,337,157,24,0,5,32,44,0.283,7.0,299
e97a11e6,Uttar Pradesh,Uttar Pradesh District 2,Industrial,Objection,280,180,35,0,4,4,59,0.267,12.0,181
310ea207,Punjab,Punjab District 3,Industrial,Objection,280,180,33,1,9,34,80,0.458,11.0,347
0b0175b3,West Bengal,West Bengal District 4,Agricultural,Objection,131,31,15,0,4,1,0,0.13,4.0,181
dcfe03e8,Madhya Pradesh,Madhya Pradesh District 1,Agricultural,Notification,36,16,37,0,6,36,0,0.337,13.0,154
70de6aca,Chhattisgarh,Chhattisgarh District 2,Agricultural,Compensation,263,83,29,0,5,25,0,0.258,9.0,154
de54150d,Punjab,Punjab District 3,Agricultural,Compensation,223,43,25,0,4,31,0,0.255,8.0,174
f2427352,Andhra Pradesh,Andhra Pradesh District 4,Industrial,Objection,191,91,41,0,7,31,0,0.198,14.0,154
5be5fc45,Tamil Nadu,Tamil Nadu District 1,Residential,Notification,67,47,15,0,1,3,0,0.156,5.0,197
43fda4cd,Madhya Pradesh,Madhya Pradesh District 2,Industrial,Possession,276,16,29,1,4,1,10,0.241,10.0,111
f6369a7f,Maharashtra,Maharashtra District 3,Residential,Compensation,213,33,42,0,6,49,0,0.156,15.0,111
99bf3422,Tamil Nadu,Tamil Nadu District 4,Agricultural,Objection,249,149,23,0,3,2,10,0.162,7.0,236
ea0bc8f7,Uttar Pradesh,Uttar Pradesh District 1,Residential,Possession,271,11,44,0,7,4,0,0.347,16.0,154
387ced99,Uttar Pradesh,Uttar Pradesh District 2,Industrial,Notification,66,46,26,1,5,2,10,0.315,9.0,165
732fb370,Karnataka,Karnataka District 3,Industrial,Compensation,257,77,20,0,4,12,6,0.165,6.0,165
9c7fe733,Karnataka,Karnataka District 4,Residential,Possession,302,42,27,0,1,1,13,0.056,10.0,174
768abde8,Bihar,Bihar District 1,Agricultural,Objection,280,180,18,0,3,0,80,0.089,5.0,174
da701f9c,Madhya Pradesh,Madhya Pradesh District 2,Agricultural,Notification,122,102,25,0,5,35,23,0.285,8.0,258
c9b299a4,Rajasthan,Rajasthan District 3,Agricultural,Compensation,266,86,34,0,5,64,0,0.196,12.0,111
cf043eb1,Punjab,Punjab District 4,Industrial,Notification,54,34,5,0,1,9,8,0.352,1.0,232
08be0f0d,Tamil Nadu,Tamil Nadu District 1,Agricultural,Objection,156,56,18,0,3,7,7,0.341,5.0,201
fc92302b,Tamil Nadu,Tamil Nadu District 2,Residential,Compensation,234,54,28,1,3,4,10,0.206,10.0,138
ead91bdc,Madhya Pradesh,Madhya Pradesh District 3,Residential,Notification,71,51,22,0,3,1,0,0.128,7.0,187
a057048f,Uttar Pradesh,Uttar Pradesh District 4,Agricultural,Compensation,278,98,22,1,4,13,30,0.269,7.0,260
39560cbd,Andhra Pradesh,Andhra Pradesh District 1,Agricultural,Compensation,236,56,13,0,3,33,0,0.24,3.0,165
d05778d1,Haryana,Haryana District 2,Industrial,Compensation,310,130,8,0,2,26,27,0.167,2.0,111
88d302ba,Andhra Pradesh,Andhra Pradesh District 3,Residential,Notification,48,28,26,0,4,0,4,0.119,8.0,111
2119c5a8,Andhra Pradesh,Andhra Pradesh District 4,Industrial,Possession,285,25,17,0,4,32,2,0.162,5.0,111
016c5f9e,Maharashtra,Maharashtra District 1,Agricultural,Compensation,247,67,22,0,4,93,0,0.309,7.0,111
8f3bf5be,Andhra Pradesh,Andhra Pradesh District 2,Agricultural,Notification,82,62,25,0,4,0,0,0.114,8.0,111
517e00f2,Haryana,Haryana District 3,Industrial,Notification,96,76,21,0,4,36,6,0.312,7.0,111
832a0d9a,Haryana,Haryana District 4,Agricultural,Compensation,218,38,13,0,1,20,0,0.119,4.0,111
a16a211a,West Bengal,West Bengal District 1,Agricultural,Notification,66,46,25,0,3,3,0,0.18,8.0,154
8d1eac6c,Punjab,Punjab District 2,Residential,Objection,147,47,33,0,7,33,2,0.274,11.0,187
94af9980,Rajasthan,Rajasthan District 3,Agricultural,Compensation,266,86,34,0,5,12,0,0.2,11.0,192
0435cf28,Maharashtra,Maharashtra District 4,Industrial,Compensation,256,76,16,0,4,30,0,0.252,4.0,197
d7cf09dd,Chhattisgarh,Chhattisgarh District 1,Agricultural,Compensation,290,110,27,1,4,41,23,0.405,9.0,174
7f7f23ea,Rajasthan,Rajasthan District 2,Industrial,Compensation,254,74,41,0,5,45,4,0.343,15.0,197
a452f3c6,Punjab,Punjab District 3,Industrial,Possession,281,21,26,1,5,6,10,0.462,9.0,197
1432f331,Chhattisgarh,Chhattisgarh District 4,Agricultural,Notification,60,40,34,0,5,3,12,0.255,11.0,187
9f0a5217,Andhra Pradesh,Andhra Pradesh District 1,Agricultural,Notification,40,20,33,1,7,0,10,0.29,11.0,154
3d5eae43,Chhattisgarh,Chhattisgarh District 2,Agricultural,Compensation,230,50,14,0,2,27,0,0.187,4.0,165
5f0a2158,Tamil Nadu,Tamil Nadu District 3,Commercial,Notification,32,12,28,0,5,33,0,0.222,9.0,187
500fb74f,Uttar Pradesh,Uttar Pradesh District 4,Industrial,Objection,128,28,21,0,3,33,0,0.177,7.0,111
1af6e702,Uttar Pradesh,Uttar Pradesh District 1,Commercial,Objection,156,56,24,0,3,3,7,0.188,8.0,111
72bb7227,Tamil Nadu,Tamil Nadu District 2,Industrial,Notification,57,37,18,0,2,0,10,0.058,6.0,174
9b03d206,West Bengal,West Bengal District 3,Agricultural,Notification,93,73,19,0,1,2,4,0.096,6.0,138
1b57e268,Tamil Nadu,Tamil Nadu District 4,Industrial,Compensation,239,59,22,0,3,14,0,0.153,7.0,192
5d23923d,Chhattisgarh,Chhattisgarh District 1,Industrial,Compensation,269,89,40,0,4,20,14,0.215,14.0,253
1dfe037e,Madhya Pradesh,Madhya Pradesh District 2,Agricultural,Objection,138,38,14,0,3,2,0,0.164,4.0,174
86b7cf2e,Haryana,Haryana District 3,Agricultural,Compensation,227,47,25,0,2,87,0,0.211,9.0,111
e62513bf,Chhattisgarh,Chhattisgarh District 4,Agricultural,Compensation,291,111,28,0,2,48,14,0.29,10.0,256
d90d9d80,Madhya Pradesh,Madhya Pradesh District 1,Commercial,Objection,141,41,19,0,4,0,0,0.1,6.0,201
bffe20ee,Punjab,Punjab District 2,Agricultural,Possession,287,27,21,0,4,30,3,0.081,7.0,154
7a802544,Madhya Pradesh,Madhya Pradesh District 3,Residential,Notification,36,16,29,0,4,2,0,0.19,10.0,111
77f045d4,Tamil Nadu,Tamil Nadu District 4,Residential,Compensation,294,114,28,0,3,52,31,0.1,10.0,165
a80fb615,West Bengal,West Bengal District 1,Agricultural,Compensation,275,95,10,0,2,94,18,0.257,3.0,201
c7173879,Andhra Pradesh,Andhra Pradesh District 2,Agricultural,Notification,37,17,26,0,3,1,0,0.115,9.0,201
c0d713b0,Maharashtra,Maharashtra District 3,Agricultural,Compensation,217,37,28,0,4,69,0,0.185,10.0,197
7b112537,Punjab,Punjab District 4,Commercial,Compensation,290,110,23,1,5,2,24,0.254,7.0,253
eb2967c1,Maharashtra,Maharashtra District 1,Industrial,Compensation,288,108,11,0,4,69,27,0.185,3.0,267
7d03d415,Madhya Pradesh,Madhya Pradesh District 2,Agricultural,Compensation,234,54,35,0,4,44,0,0.322,12.0,154
5a151ee0,Bihar,Bihar District 3,Industrial,Compensation,352,172,27,0,1,0,70,0.026,10.0,311
ab48ba7d,Rajasthan,Rajasthan District 4,Industrial,Compensation,242,62,23,0,4,24,0,0.239,7.0,111
b2806e28,Haryana,Haryana District 1,Agricultural,Compensation,296,116,33,0,5,55,17,0.149,11.0,262
455f7bcd,Bihar,Bihar District 2,Agricultural,Compensation,250,70,29,0,5,0,0,0.139,9.0,154
9e0857a1,Haryana,Haryana District 3,Industrial,Notification,34,14,17,0,1,2,0,0.095,6.0,154
61cc910f,Punjab,Punjab District 4,Industrial,Objection,238,138,29,1,4,0,12,0.196,10.0,201
4892202a,Rajasthan,Rajasthan District 1,Agricultural,Compensation,360,180,26,1,6,36,80,0.436,8.0,307
265538c7,Uttar Pradesh,Uttar Pradesh District 2,Industrial,Notification,59,39,35,0,5,1,0,0.189,12.0,165
87ad9294,Karnataka,Karnataka District 3,Residential,Compensation,286,106,22,0,2,0,26,0.058,7.0,192
77421416,Tamil Nadu,Tamil Nadu District 4,Industrial,Notification,66,46,22,0,2,35,0,0.222,8.0,111
cb99390f,Rajasthan,Rajasthan District 1,Agricultural,Notification,60,40,18,1,6,5,10,0.47,5.0,111
25ab6089,Punjab,Punjab District 2,Agricultural,Compensation,360,180,31,1,6,29,80,0.408,10.0,332
c88a8e80,Punjab,Punjab District 3,Agricultural,Notification,40,20,17,0,3,3,0,0.216,5.0,165
4952daea,Madhya Pradesh,Madhya Pradesh District 4,Residential,Objection,270,170,18,0,1,2,23,0.112,6.0,111
709cf5a9,Chhattisgarh,Chhattisgarh District 1,Industrial,Objection,158,58,24,0,5,33,0,0.203,8.0,192
13b592ca,Tamil Nadu,Tamil Nadu District 2,Industrial,Objection,138,38,30,0,4,4,0,0.271,10.0,197
01f4e991,Andhra Pradesh,Andhra Pradesh District 3,Agricultural,Objection,277,177,12,0,2,4,28,0.214,3.0,266
bdadc214,West Bengal,West Bengal District 4,Industrial,Notification,52,32,26,0,3,0,6,0.088,9.0,201
03258dde,Chhattisgarh,Chhattisgarh District 1,Industrial,Objection,168,68,20,1,6,5,10,0.428,6.0,201
80a954ae,Haryana,Haryana District 2,Industrial,Notification,48,28,15,0,1,5,4,0.231,5.0,201
602c5cc9,Punjab,Punjab District 3,Industrial,Notification,82,62,25,0,3,1,0,0.103,8.0,111
04a99637,Haryana,Haryana District 4,Agricultural,Compensation,326,146,11,0,1,25,52,0.155,3.0,165
1adbfa98,Rajasthan,Rajasthan District 1,Commercial,Notification,72,52,35,1,7,3,10,0.402,12.0,111
668ba5a7,Rajasthan,Rajasthan District 2,Industrial,Compensation,288,108,26,0,3,14,12,0.149,9.0,174
1d6f8d0d,Tamil Nadu,Tamil Nadu District 3,Agricultural,Possession,282,22,27,0,2,4,0,0.194,9.0,111
fb92d4dc,Bihar,Bihar District 4,Agricultural,Notification,36,16,22,0,3,33,0,0.159,7.0,181
e59457f5,Haryana,Haryana District 1,Agricultural,Objection,181,81,34,1,8,30,34,0.295,11.0,111
29c41ec1,Rajasthan,Rajasthan District 2,Residential,Compensation,296,116,30,0,5,33,32,0.3,10.0,285
5125d53d,Punjab,Punjab District 3,Industrial,Possession,378,118,14,1,5,34,74,0.357,4.0,294
d7501fcc,Bihar,Bihar District 4,Agricultural,Compensation,253,73,5,0,0,41,4,0.191,2.0,165
6f23d047,Andhra Pradesh,Andhra Pradesh District 1,Commercial,Objection,233,133,18,0,2,3,0,0.178,6.0,111
1b9c913e,Tamil Nadu,Tamil Nadu District 2,Agricultural,Objection,144,44,32,0,4,8,0,0.391,11.0,197
1a6572a2,Andhra Pradesh,Andhra Pradesh District 3,Industrial,Notification,30,6,11,0,0,5,0,0.187,4.0,111
fae181dc,Maharashtra,Maharashtra District 4,Agricultural,Notification,68,48,23,0,3,0,0,0.099,7.0,192
793cc9fb,Haryana,Haryana District 1,Industrial,Notification,40,20,38,0,7,3,0,0.334,13.0,111
e88b1b78,Maharashtra,Maharashtra District 2,Agricultural,Compensation,233,53,11,0,3,13,0,0.135,3.0,192
94c8012f,Maharashtra,Maharashtra District 3,Agricultural,Notification,102,82,33,0,5,2,10,0.222,11.0,181
9e09e3ce,Madhya Pradesh,Madhya Pradesh District 4,Agricultural,Objection,280,180,27,0,3,2,50,0.174,9.0,111
c0bc1570,Punjab,Punjab District 1,Agricultural,Possession,270,10,28,0,8,30,0,0.206,8.0,174
07983682,Haryana,Haryana District 2,Industrial,Possession,268,8,17,0,1,4,0,0.161,6.0,197
54e8236e,Haryana,Haryana District 3,Industrial,Compensation,230,50,33,0,4,12,0,0.166,11.0,111
cb89409a,Haryana,Haryana District 4,Agricultural,Possession,286,26,49,0,7,31,2,0.178,18.0,187
76dd5a2e,West Bengal,West Bengal District 1,Industrial,Compensation,280,100,18,0,0,29,6,0.134,6.0,138
e06161b5,Karnataka,Karnataka District 2,Agricultural,Notification,69,49,31,0,3,4,0,0.244,11.0,111
1c9ce76b,Haryana,Haryana District 3,Commercial,Notification,42,22,16,0,3,8,0,0.359,5.0,192
8bf52031,Andhra Pradesh,Andhra Pradesh District 4,Agricultural,Possession,276,16,23,1,4,4,10,0.347,8.0,201
d3f12165,Andhra Pradesh,Andhra Pradesh District 1,Agricultural,Objection,236,136,47,0,6,6,1,0.398,17.0,192
314dcef6,Bihar,Bihar District 2,Industrial,Compensation,274,94,22,0,1,33,18,0.181,8.0,165
e66b91cf,Madhya Pradesh,Madhya Pradesh District 3,Residential,Notification,64,44,13,0,2,3,14,0.162,4.0,254
c0d533c4,Andhra Pradesh,Andhra Pradesh District 4,Industrial,Notification,93,73,8,0,2,2,34,0.133,2.0,272
6a6af764,Haryana,Haryana District 1,Agricultural,Compensation,211,31,22,0,1,16,0,0.101,8.0,111
8420af9d,Haryana,Haryana District 2,Industrial,Notification,82,62,35,1,8,6,10,0.537,12.0,197
6ba3154d,Karnataka,Karnataka District 3,Agricultural,Objection,280,180,20,0,4,0,32,0.109,6.0,201
e59e2e93,Karnataka,Karnataka District 4,Residential,Objection,128,28,5,0,1,0,0,0.03,1.0,111
30d6b29e,Andhra Pradesh,Andhra Pradesh District 1,Commercial,Notification,94,74,18,1,5,6,14,0.445,5.0,138
9c6f7675,Punjab,Punjab District 2,Agricultural,Possession,294,34,36,1,7,2,18,0.365,13.0,214
bbf7214f,Maharashtra,Maharashtra District 3,Agricultural,Notification,40,20,19,0,4,32,0,0.156,6.0,192
8cc6ab56,Tamil Nadu,Tamil Nadu District 4,Agricultural,Possession,269,9,28,0,2,3,0,0.172,10.0,192
d8037ff0,West Bengal,West Bengal District 1,Agricultural,Objection,245,145,22,0,3,8,6,0.37,7.0,165
9569aa04,Punjab,Punjab District 2,Residential,Notification,43,23,13,0,1,3,0,0.142,4.0,174
242392b9,Punjab,Punjab District 3,Agricultural,Compensation,273,93,24,1,7,81,12,0.421,8.0,165
ec32031a,West Bengal,West Bengal District 4,Agricultural,Notification,102,82,11,0,1,3,10,0.132,3.0,187
70bdceb9,Karnataka,Karnataka District 1,Residential,Objection,125,25,18,0,0,4,0,0.158,6.0,111
dcf17ded,Andhra Pradesh,Andhra Pradesh District 2,Industrial,Objection,162,62,29,0,5,5,11,0.319,9.0,138
acde5567,Madhya Pradesh,Madhya Pradesh District 3,Agricultural,Compensation,360,180,34,1,7,22,80,0.394,11.0,330
363694e1,Chhattisgarh,Chhattisgarh District 4,Agricultural,Possession,284,24,24,0,5,6,1,0.369,7.0,154
e5f876f4,Madhya Pradesh,Madhya Pradesh District 1,Agricultural,Compensation,236,56,18,0,2,33,0,0.215,6.0,111
5ac07fac,Punjab,Punjab District 2,Industrial,Objection,195,95,33,0,4,7,34,0.376,11.0,181
2e5e5dfb,Bihar,Bihar District 3,Agricultural,Notification,60,40,10,0,0,2,0,0.078,3.0,154
fa686c63,Karnataka,Karnataka District 4,Industrial,Objection,152,52,33,0,4,5,4,0.29,11.0,205
b4895d26,Uttar Pradesh,Uttar Pradesh District 1,Agricultural,Notification,94,74,32,0,4,0,4,0.102,11.0,197
9cc4cf30,West Bengal,West Bengal District 2,Commercial,Notification,31,11,18,0,3,32,0,0.149,6.0,187
50869e08,Madhya Pradesh,Madhya Pradesh District 3,Agricultural,Notification,88,68,28,0,3,0,0,0.072,10.0,138
e6981952,Karnataka,Karnataka District 4,Agricultural,Notification,45,25,24,0,3,0,2,0.071,8.0,197
b2b132b4,Maharashtra,Maharashtra District 1,Agricultural,Notification,132,112,17,1,4,31,40,0.224,6.0,165
cf4ec2aa,Punjab,Punjab District 2,Commercial,Compensation,200,20,13,0,2,14,0,0.118,4.0,174
c63596e2,Maharashtra,Maharashtra District 3,Industrial,Notification,85,65,45,1,8,5,10,0.493,16.0,165
c1e5130c,West Bengal,West Bengal District 4,Agricultural,Possession,328,68,14,0,2,34,30,0.166,4.0,271
6abb38ee,Andhra Pradesh,Andhra Pradesh District 1,Industrial,Compensation,255,75,23,1,7,19,10,0.365,7.0,187
f2e246b1,Rajasthan,Rajasthan District 2,Industrial,Compensation,219,39,22,0,3,17,0,0.168,7.0,154
be6b6e43,Madhya Pradesh,Madhya Pradesh District 3,Industrial,Compensation,272,92,31,0,4,38,16,0.297,10.0,254
f819c316,Andhra Pradesh,Andhra Pradesh District 4,Industrial,Objection,119,19,20,0,4,5,0,0.304,6.0,111
b2865060,Haryana,Haryana District 1,Agricultural,Objection,125,25,32,0,3,5,0,0.291,11.0,111
02c23540,Haryana,Haryana District 2,Agricultural,Notification,54,34,15,0,1,1,8,0.073,5.0,187
83e34ed8,Punjab,Punjab District 3,Residential,Notification,42,22,20,0,3,30,0,0.061,7.0,201
91308f5c,Karnataka,Karnataka District 4,Agricultural,Notification,93,73,29,0,3,6,4,0.308,10.0,174
00c193f6,West Bengal,West Bengal District 1,Commercial,Notification,200,180,28,0,4,3,80,0.218,9.0,305
b774cbdb,Karnataka,Karnataka District 2,Agricultural,Compensation,235,55,10,0,0,0,0,0.02,3.0,111
39afbca1,Chhattisgarh,Chhattisgarh District 3,Agricultural,Objection,138,38,23,0,5,4,0,0.26,7.0,181
a8b092a4,Rajasthan,Rajasthan District 4,Agricultural,Possession,274,14,37,0,5,33,0,0.211,13.0,201
76b2084c,Rajasthan,Rajasthan District 1,Agricultural,Compensation,301,121,18,0,0,15,20,0.068,6.0,197
292b6ff0,Andhra Pradesh,Andhra Pradesh District 2,Agricultural,Compensation,260,80,28,0,4,28,8,0.227,9.0,234
8cac332b,West Bengal,West Bengal District 3,Industrial,Notification,36,16,30,1,4,2,10,0.279,11.0,111
81aa26ba,West Bengal,West Bengal District 4,Agricultural,Compensation,232,52,22,0,5,79,0,0.279,7.0,154
2ca2d0f6,Madhya Pradesh,Madhya Pradesh District 1,Commercial,Compensation,291,111,6,0,0,27,14,0.128,2.0,154
aae755e3,Uttar Pradesh,Uttar Pradesh District 2,Agricultural,Objection,280,180,20,0,2,2,51,0.127,7.0,187
0c604001,Andhra Pradesh,Andhra Pradesh District 3,Agricultural,Notification,39,19,36,0,3,2,0,0.167,13.0,111
4f744604,Haryana,Haryana District 4,Agricultural,Notification,52,32,24,1,7,4,10,0.427,7.0,138
ff80eff2,West Bengal,West Bengal District 1,Commercial,Compensation,249,69,30,1,6,28,10,0.392,10.0,154
c26cd03f,West Bengal,West Bengal District 2,Commercial,Objection,264,164,29,0,4,31,19,0.097,10.0,197
e5e43f23,Madhya Pradesh,Madhya Pradesh District 3,Commercial,Objection,225,125,32,0,6,36,54,0.35,11.0,299
8345ddfe,Haryana,Haryana District 4,Industrial,Compensation,218,38,26,0,4,83,0,0.502,8.0,174
1a435384,Karnataka,Karnataka District 1,Agricultural,Notification,106,86,36,1,4,2,22,0.304,13.0,181
f883530c,Rajasthan,Rajasthan District 2,Agricultural,Possession,276,16,22,1,7,0,10,0.3,6.0,111
d461b42d,Madhya Pradesh,Madhya Pradesh District 3,Industrial,Notification,168,148,32,0,4,4,54,0.234,11.0,192
8148c375,Andhra Pradesh,Andhra Pradesh District 4,Agricultural,Objection,280,180,23,0,2,1,80,0.119,8.0,335
fe87a3c1,Maharashtra,Maharashtra District 1,Industrial,Possession,326,66,24,1,7,2,39,0.37,7.0,264
4bcf22bc,Karnataka,Karnataka District 2,Agricultural,Notification,50,30,28,0,2,30,5,0.034,10.0,208
1f05396e,Bihar,Bihar District 3,Agricultural,Possession,282,22,25,0,4,1,0,0.145,8.0,111
e565cdc3,Chhattisgarh,Chhattisgarh District 4,Agricultural,Compensation,360,180,26,0,2,32,62,0.203,9.0,165
06bd35c1,Andhra Pradesh,Andhra Pradesh District 1,Agricultural,Compensation,287,107,18,1,4,52,22,0.449,6.0,201
987c82ba,Madhya Pradesh,Madhya Pradesh District 2,Agricultural,Notification,44,24,16,1,5,0,11,0.225,5.0,154
1dc7d06d,Punjab,Punjab District 3,Agricultural,Possession,270,10,24,0,3,5,0,0.26,8.0,192
ce31dfc6,Bihar,Bihar District 4,Industrial,Compensation,252,72,38,0,5,23,3,0.251,13.0,192
09392d4e,Bihar,Bihar District 1,Agricultural,Objection,223,123,23,0,3,2,0,0.164,7.0,111
c8b34226,Uttar Pradesh,Uttar Pradesh District 2,Industrial,Compensation,262,82,27,0,7,71,10,0.276,8.0,138
0a3f1ef7,Karnataka,Karnataka District 3,Industrial,Compensation,287,107,37,0,4,15,26,0.174,13.0,154
f8fdd218,Maharashtra,Maharashtra District 4,Agricultural,Notification,200,180,24,0,0,1,80,0.049,9.0,338
c04c4347,Chhattisgarh,Chhattisgarh District 1,Industrial,Notification,48,28,23,0,3,0,4,0.098,7.0,165
3cdaaf38,Rajasthan,Rajasthan District 2,Agricultural,Notification,34,14,31,0,3,4,0,0.246,11.0,181
6a1d9474,Haryana,Haryana District 3,Industrial,Objection,264,164,15,0,1,2,19,0.102,5.0,165
8210a245,Punjab,Punjab District 4,Agricultural,Notification,90,70,44,0,6,1,2,0.188,16.0,165
c1fa9bda,Tamil Nadu,Tamil Nadu District 1,Industrial,Notification,78,58,6,0,2,33,0,0.15,2.0,138
a048dc88,Andhra Pradesh,Andhra Pradesh District 2,Agricultural,Notification,114,94,29,0,2,3,18,0.155,10.0,111
707be26e,Uttar Pradesh,Uttar Pradesh District 3,Industrial,Possession,282,22,28,0,5,30,0,0.101,9.0,111
b68d09fc,Karnataka,Karnataka District 4,Industrial,Notification,92,72,33,0,4,32,3,0.154,12.0,187
ef90336b,Tamil Nadu,Tamil Nadu District 1,Agricultural,Possession,274,14,27,1,6,2,10,0.345,9.0,154
12af4778,Uttar Pradesh,Uttar Pradesh District 2,Agricultural,Notification,67,47,41,0,5,1,0,0.18,15.0,201
0bd14f6c,Maharashtra,Maharashtra District 3,Industrial,Possession,281,21,28,0,3,6,0,0.301,10.0,165
f2035938,West Bengal,West Bengal District 4,Industrial,Notification,35,15,31,0,4,30,0,0.102,11.0,174
d5ae5f24,Haryana,Haryana District 1,Agricultural,Objection,123,23,41,0,6,6,0,0.398,14.0,111
a3553e83,Rajasthan,Rajasthan District 2,Agricultural,Notification,174,154,36,0,4,2,58,0.196,13.0,308
02b5c9c5,Punjab,Punjab District 3,Agricultural,Notification,78,58,28,1,6,34,10,0.357,10.0,111
f38e7174,Madhya Pradesh,Madhya Pradesh District 4,Residential,Objection,156,56,13,0,2,0,7,0.055,4.0,165
c215c801,Bihar,Bihar District 1,Residential,Notification,179,159,18,1,5,4,71,0.404,5.0,305
3a49adee,Tamil Nadu,Tamil Nadu District 2,Residential,Notification,45,25,24,0,4,5,2,0.294,8.0,192
21986113,Bihar,Bihar District 3,Industrial,Possession,275,15,1,0,0,4,0,0.135,1.0,187
d4190a4a,Rajasthan,Rajasthan District 4,Industrial,Notification,39,19,29,0,5,2,0,0.219,9.0,192
1a8567bc,Haryana,Haryana District 1,Commercial,Compensation,258,78,33,0,5,85,7,0.29,11.0,201
8a1716b8,Punjab,Punjab District 2,Agricultural,Notification,126,106,20,0,5,36,26,0.339,6.0,271
53fd7c46,West Bengal,West Bengal District 3,Industrial,Compensation,265,85,30,0,3,31,0,0.229,10.0,174
4514c859,Tamil Nadu,Tamil Nadu District 4,Agricultural,Possession,277,17,20,0,1,3,0,0.159,7.0,192
293d5d81,Andhra Pradesh,Andhra Pradesh District 1,Commercial,Notification,80,60,20,0,3,5,0,0.247,6.0,111
0a36a290,Rajasthan,Rajasthan District 2,Agricultural,Objection,237,137,10,1,3,33,12,0.274,3.0,111
3d17716d,Maharashtra,Maharashtra District 3,Industrial,Notification,37,17,48,0,8,30,0,0.183,18.0,111
36e9eca4,Haryana,Haryana District 4,Agricultural,Objection,280,180,27,0,1,33,53,0.127,10.0,138
4826e367,Punjab,Punjab District 1,Agricultural,Objection,165,65,43,1,10,1,24,0.384,15.0,174
ad0351b4,Punjab,Punjab District 2,Industrial,Notification,94,74,18,1,4,2,14,0.271,6.0,192
e6f33e87,Karnataka,Karnataka District 3,Industrial,Notification,43,23,18,0,4,34,0,0.242,5.0,187
16118ca1,Uttar Pradesh,Uttar Pradesh District 4,Residential,Compensation,326,146,28,1,6,55,48,0.267,10.0,201
8d8a3e85,Punjab,Punjab District 1,Industrial,Objection,139,39,29,0,5,34,0,0.256,10.0,187
e67d0a8b,West Bengal,West Bengal District 2,Agricultural,Objection,280,180,10,0,0,2,59,0.082,3.0,302
128a1d99,Haryana,Haryana District 3,Agricultural,Notification,98,78,15,0,4,6,7,0.309,4.0,165
9e92bf03,Punjab,Punjab District 4,Agricultural,Notification,87,67,33,0,4,36,30,0.302,12.0,275
e63d0447,Bihar,Bihar District 1,Industrial,Compensation,360,180,19,0,4,0,74,0.099,6.0,311
062399fc,Maharashtra,Maharashtra District 2,Agricultural,Objection,137,37,25,0,6,32,0,0.198,8.0,111
f2eb9620,Bihar,Bihar District 3,Residential,Possession,309,49,18,0,2,0,18,0.057,6.0,201
766860d5,Bihar,Bihar District 4,Commercial,Notification,37,17,22,0,4,0,0,0.121,7.0,201
f1c8f8eb,Chhattisgarh,Chhattisgarh District 1,Agricultural,Compensation,241,61,28,0,5,49,0,0.362,9.0,165
e87b054c,Karnataka,Karnataka District 2,Agricultural,Compensation,206,26,14,0,1,45,0,0.02,5.0,111
8a88e00d,Madhya Pradesh,Madhya Pradesh District 3,Residential,Notification,34,14,28,0,4,35,0,0.269,9.0,187
b11e976f,Rajasthan,Rajasthan District 4,Agricultural,Compensation,268,88,8,0,1,53,14,0.266,2.0,165
7961fc04,Madhya Pradesh,Madhya Pradesh District 1,Residential,Objection,209,109,17,0,4,32,0,0.151,5.0,181
2edd5cb1,Haryana,Haryana District 2,Industrial,Notification,102,82,29,0,4,0,10,0.106,10.0,111
f9b0cf49,Madhya Pradesh,Madhya Pradesh District 3,Agricultural,Objection,276,176,27,0,5,7,27,0.403,9.0,138
dd177dd8,Chhattisgarh,Chhattisgarh District 4,Residential,Notification,64,44,35,0,4,4,14,0.253,12.0,181
b8ecd160,Rajasthan,Rajasthan District 1,Industrial,Objection,117,17,22,0,2,6,0,0.278,7.0,174
5d756bb4,West Bengal,West Bengal District 2,Industrial,Compensation,360,180,19,0,3,94,80,0.29,6.0,325
a0d3fc9b,Bihar,Bihar District 3,Industrial,Objection,183,83,24,1,6,6,10,0.475,8.0,197
e16177f1,Rajasthan,Rajasthan District 4,Agricultural,Notification,60,40,19,0,1,4,0,0.175,6.0,111
dec69e29,Haryana,Haryana District 1,Industrial,Notification,82,62,36,0,6,7,0,0.4,12.0,111
aaa79a0b,Uttar Pradesh,Uttar Pradesh District 2,Industrial,Compensation,252,72,34,0,5,45,3,0.112,12.0,201
d28576d4,Andhra Pradesh,Andhra Pradesh District 3,Industrial,Objection,134,34,44,0,5,33,0,0.217,16.0,165
0e018e5d,Tamil Nadu,Tamil Nadu District 4,Commercial,Notification,40,20,29,0,4,2,0,0.169,10.0,201
a70f666c,Karnataka,Karnataka District 1,Commercial,Objection,194,94,20,0,4,4,0,0.248,6.0,111
71d7adbf,Karnataka,Karnataka District 2,Industrial,Compensation,272,92,26,0,3,0,2,0.09,9.0,181
2e2116d9,Maharashtra,Maharashtra District 3,Residential,Compensation,227,47,34,0,4,7,0,0.147,12.0,201
0383674e,Punjab,Punjab District 4,Industrial,Compensation,259,79,25,0,5,0,8,0.145,8.0,165
d6edeb2d,West Bengal,West Bengal District 1,Industrial,Notification,92,72,14,0,0,4,3,0.155,5.0,192
c7cbd518,Rajasthan,Rajasthan District 2,Industrial,Compensation,224,44,20,0,1,3,0,0.054,7.0,181
16ad012a,Uttar Pradesh,Uttar Pradesh District 3,Industrial,Objection,146,46,27,0,3,2,1,0.17,9.0,187
616415bd,Chhattisgarh,Chhattisgarh District 4,Agricultural,Possession,277,17,11,0,3,30,0,0.057,3.0,201
44d284f7,Bihar,Bihar District 1,Industrial,Compensation,268,88,27,0,3,93,0,0.286,9.0,154
4acf05e6,Tamil Nadu,Tamil Nadu District 2,Agricultural,Notification,40,20,45,1,8,1,10,0.342,16.0,197
2548fa09,West Bengal,West Bengal District 3,Residential,Possession,291,31,13,0,1,2,6,0.114,4.0,211
7bc20888,Madhya Pradesh,Madhya Pradesh District 4,Agricultural,Objection,140,40,41,0,3,6,0,0.318,15.0,181
137b6707,Punjab,Punjab District 1,Industrial,Notification,136,116,15,0,1,0,32,0.036,5.0,187
816626f2,Bihar,Bihar District 2,Commercial,Notification,131,111,24,0,3,33,29,0.139,8.0,187
4a4510bb,Rajasthan,Rajasthan District 3,Agricultural,Possession,285,25,33,0,5,37,2,0.368,11.0,197
795f16c6,Maharashtra,Maharashtra District 4,Industrial,Notification,35,15,7,1,2,1,10,0.18,2.0,111
88cfc5eb,West Bengal,West Bengal District 1,Agricultural,Objection,152,52,21,0,2,5,4,0.218,7.0,187
2f31f157,Chhattisgarh,Chhattisgarh District 2,Industrial,Compensation,308,128,18,0,1,19,26,0.115,6.0,165
1b500a5d,Tamil Nadu,Tamil Nadu District 3,Agricultural,Objection,142,42,24,0,4,4,0,0.251,8.0,111
86a1850d,Rajasthan,Rajasthan District 4,Residential,Compensation,360,180,16,0,1,0,74,0.02,5.0,304
072a1e63,Maharashtra,Maharashtra District 1,Agricultural,Objection,280,180,48,0,6,5,40,0.329,18.0,181
ca8a9eda,Rajasthan,Rajasthan District 2,Residential,Objection,262,162,36,0,5,3,18,0.247,13.0,251
6b7b34e6,Maharashtra,Maharashtra District 3,Residential,Notification,69,49,35,1,7,2,10,0.376,12.0,197
c8ec1ed9,Maharashtra,Maharashtra District 4,Agricultural,Possession,276,16,20,0,3,2,0,0.131,6.0,201
022371a0,Bihar,Bihar District 1,Industrial,Compensation,298,118,16,1,5,35,44,0.389,5.0,192
4c2df87d,Maharashtra,Maharashtra District 2,Industrial,Compensation,289,109,30,1,5,19,38,0.323,10.0,174
3631cb31,Haryana,Haryana District 3,Industrial,Notification,106,86,33,0,4,0,12,0.102,11.0,138
5f9c7696,Rajasthan,Rajasthan District 4,Residential,Objection,143,43,34,0,5,35,0,0.286,12.0,165
3843c885,Haryana,Haryana District 1,Commercial,Notification,33,13,18,1,5,32,10,0.267,6.0,111
38319123,Madhya Pradesh,Madhya Pradesh District 2,Agricultural,Possession,304,44,26,0,3,0,14,0.085,9.0,174
423d9c57,Maharashtra,Maharashtra District 3,Industrial,Notification,30,10,40,0,5,4,0,0.276,14.0,187
b46357ec,Madhya Pradesh,Madhya Pradesh District 4,Industrial,Compensation,244,64,16,0,2,36,0,0.212,5.0,192
f15954b7,Karnataka,Karnataka District 1,Industrial,Possession,288,28,16,0,2,4,4,0.214,5.0,181
a7084fa7,Haryana,Haryana District 2,Agricultural,Compensation,268,88,17,0,1,43,14,0.218,6.0,138
efc5df3c,Uttar Pradesh,Uttar Pradesh District 3,Agricultural,Notification,40,20,34,0,3,0,0,0.078,12.0,111
799c862c,Tamil Nadu,Tamil Nadu District 4,Agricultural,Objection,125,25,30,0,4,0,0,0.112,10.0,174
70ebdb10,Karnataka,Karnataka District 1,Industrial,Possession,304,44,38,0,4,3,14,0.234,14.0,138
669f0804,Uttar Pradesh,Uttar Pradesh District 2,Agricultural,Notification,154,134,38,0,6,4,44,0.316,13.0,181
d190f36a,Karnataka,Karnataka District 3,Industrial,Notification,56,36,29,1,7,5,19,0.486,9.0,174
7e6cb076,Bihar,Bihar District 4,Agricultural,Compensation,294,114,33,1,5,0,26,0.222,12.0,154
6d887407,West Bengal,West Bengal District 1,Agricultural,Objection,162,62,33,0,6,30,12,0.138,11.0,154
3ad665a7,Chhattisgarh,Chhattisgarh District 2,Agricultural,Compensation,263,83,22,0,3,84,10,0.236,7.0,226
15ddc792,Uttar Pradesh,Uttar Pradesh District 3,Industrial,Compensation,248,68,30,0,4,28,0,0.25,10.0,111
41ee6c72,Karnataka,Karnataka District 4,Agricultural,Objection,280,180,19,0,3,4,51,0.243,6.0,138
322a84f7,Karnataka,Karnataka District 1,Agricultural,Objection,126,26,15,0,4,5,0,0.274,4.0,111
8159ad98,Punjab,Punjab District 2,Commercial,Possession,294,34,2,0,0,5,8,0.21,1.0,138
32180bcb,Haryana,Haryana District 3,Industrial,Objection,280,180,29,0,4,0,80,0.112,10.0,342
3f7296ad,Uttar Pradesh,Uttar Pradesh District 4,Agricultural,Compensation,276,96,19,0,3,36,4,0.239,6.0,205
8299e28e,West Bengal,West Bengal District 1,Agricultural,Notification,84,64,22,0,5,2,0,0.233,6.0,111
77c1c349,Punjab,Punjab District 2,Industrial,Objection,218,118,22,0,5,35,0,0.295,7.0,111
7e28d7fb,Maharashtra,Maharashtra District 3,Commercial,Notification,46,26,29,0,6,3,2,0.27,9.0,181
2faf1a9d,Punjab,Punjab District 4,Agricultural,Objection,179,79,10,0,3,35,22,0.242,3.0,174
08cd74f8,Bihar,Bihar District 1,Industrial,Compensation,253,73,4,0,1,18,4,0.108,1.0,165
f22de6c8,Rajasthan,Rajasthan District 2,Commercial,Compensation,262,82,36,0,7,89,0,0.357,12.0,111
fba35568,Karnataka,Karnataka District 3,Residential,Objection,162,62,32,0,3,4,11,0.241,11.0,138
251b1505,Chhattisgarh,Chhattisgarh District 4,Agricultural,Compensation,277,97,32,0,3,0,4,0.096,11.0,201
f408cedf,Chhattisgarh,Chhattisgarh District 1,Agricultural,Compensation,218,38,19,1,4,15,10,0.29,6.0,174
fffb50ef,Uttar Pradesh,Uttar Pradesh District 2,Industrial,Objection,159,59,24,1,4,1,20,0.244,8.0,226
4cb3950d,Chhattisgarh,Chhattisgarh District 3,Industrial,Compensation,360,180,12,0,1,0,66,0.02,4.0,313
c9b9520a,West Bengal,West Bengal District 4,Residential,Compensation,315,135,17,0,2,42,30,0.247,5.0,271
92b05a0b,Uttar Pradesh,Uttar Pradesh District 1,Agricultural,Objection,221,121,27,0,3,0,50,0.106,9.0,296
5346adee,Haryana,Haryana District 2,Agricultural,Compensation,250,70,23,0,3,72,0,0.188,8.0,154
62efb1a9,Bihar,Bihar District 3,Residential,Objection,280,180,20,1,5,35,80,0.37,7.0,344
461b6c2c,Haryana,Haryana District 4,Residential,Objection,175,75,28,1,5,5,10,0.422,10.0,138
0afce5f2,Chhattisgarh,Chhattisgarh District 1,Commercial,Notification,66,46,25,0,2,5,0,0.242,9.0,197
dad184a8,Maharashtra,Maharashtra District 2,Industrial,Objection,143,43,20,1,5,2,10,0.315,6.0,165
7742b78c,Karnataka,Karnataka District 3,Commercial,Notification,54,34,37,0,6,6,0,0.384,13.0,192
a62f3952,Andhra Pradesh,Andhra Pradesh District 4,Agricultural,Compensation,283,103,16,0,4,33,24,0.26,4.0,165
ca59e17d,Chhattisgarh,Chhattisgarh District 1,Commercial,Notification,39,19,8,0,2,5,0,0.229,2.0,111
7659a840,Maharashtra,Maharashtra District 2,Commercial,Notification,90,70,30,0,4,4,2,0.265,10.0,181
f5c37fa5,Punjab,Punjab District 3,Agricultural,Possession,285,25,23,1,6,0,12,0.248,7.0,187
c2e83ad0,Haryana,Haryana District 4,Industrial,Compensation,275,95,24,1,5,55,14,0.474,8.0,187
4651c5a6,West Bengal,West Bengal District 1,Agricultural,Compensation,236,56,19,0,2,21,0,0.163,6.0,187
20cf5a1f,Tamil Nadu,Tamil Nadu District 2,Agricultural,Objection,280,180,39,0,4,1,70,0.142,14.0,111
32043722,Chhattisgarh,Chhattisgarh District 3,Agricultural,Compensation,280,100,22,1,4,8,16,0.243,7.0,197
c439bf69,Uttar Pradesh,Uttar Pradesh District 4,Agricultural,Compensation,322,142,18,0,3,34,34,0.252,5.0,275
471d5c6e,Maharashtra,Maharashtra District 1,Commercial,Objection,169,69,21,0,3,1,16,0.107,7.0,165
84e4e31e,Uttar Pradesh,Uttar Pradesh District 2,Agricultural,Objection,122,22,35,1,6,4,10,0.406,12.0,111
f561ac3f,Maharashtra,Maharashtra District 3,Residential,Notification,92,72,18,0,3,31,3,0.094,6.0,197
ecaaacf2,Madhya Pradesh,Madhya Pradesh District 4,Residential,Notification,149,129,26,1,6,4,51,0.426,8.0,181
2016a235,West Bengal,West Bengal District 1,Agricultural,Objection,280,180,27,1,4,0,50,0.212,9.0,201
7e79d03d,Andhra Pradesh,Andhra Pradesh District 2,Commercial,Possession,283,23,28,0,2,5,0,0.26,10.0,111
a8fb5077,Haryana,Haryana District 3,Residential,Objection,152,52,21,0,3,5,4,0.256,7.0,111
34f34a4a,West Bengal,West Bengal District 4,Agricultural,Possession,268,8,44,0,5,5,0,0.325,16.0,138
e9ba6f42,Andhra Pradesh,Andhra Pradesh District 1,Industrial,Compensation,255,75,29,0,4,24,0,0.222,10.0,111
c1f4ba69,Punjab,Punjab District 2,Residential,Notification,60,40,18,0,3,32,0,0.123,6.0,197
b59d94f3,Punjab,Punjab District 3,Industrial,Possession,329,69,3,0,1,4,31,0.15,1.0,286
3e03829c,Chhattisgarh,Chhattisgarh District 4,Agricultural,Compensation,360,180,16,0,3,45,80,0.047,5.0,311
dfbfe2fd,Madhya Pradesh,Madhya Pradesh District 1,Residential,Objection,144,44,12,0,3,36,0,0.263,3.0,174
2497ad21,Karnataka,Karnataka District 2,Industrial,Compensation,266,86,12,0,3,83,0,0.225,3.0,111
18f1eeb9,West Bengal,West Bengal District 3,Agricultural,Compensation,198,18,19,0,4,0,0,0.102,6.0,154
c9a6108b,Tamil Nadu,Tamil Nadu District 4,Agricultural,Compensation,242,62,36,0,5,7,0,0.158,13.0,201
8a0891db,Punjab,Punjab District 1,Agricultural,Compensation,257,77,11,0,1,21,6,0.136,3.0,138
16d89b47,Andhra Pradesh,Andhra Pradesh District 2,Industrial,Objection,274,174,18,0,3,5,26,0.279,5.0,192
d68e5ccd,Uttar Pradesh,Uttar Pradesh District 3,Industrial,Notification,30,10,39,1,9,3,10,0.457,13.0,197
c95c630e,Haryana,Haryana District 4,Agricultural,Objection,254,154,25,0,4,33,13,0.204,8.0,174
399fe21c,Karnataka,Karnataka District 1,Commercial,Compensation,314,134,27,0,4,20,30,0.218,9.0,181
bd137dcf,Chhattisgarh,Chhattisgarh District 2,Agricultural,Objection,191,91,11,0,1,37,0,0.281,4.0,138
6cd85ecc,Karnataka,Karnataka District 3,Commercial,Objection,123,23,17,0,4,31,0,0.137,5.0,138
b689aca0,Tamil Nadu,Tamil Nadu District 4,Agricultural,Notification,41,21,29,0,4,3,0,0.231,10.0,111
dd7dff76,West Bengal,West Bengal District 1,Residential,Possession,280,20,24,0,5,34,0,0.246,8.0,111
1b7b37a8,Madhya Pradesh,Madhya Pradesh District 2,Commercial,Compensation,255,75,23,1,3,57,10,0.206,8.0,187
4f942279,West Bengal,West Bengal District 3,Agricultural,Compensation,250,70,31,0,6,19,2,0.241,10.0,197
15e5bae7,Punjab,Punjab District 4,Agricultural,Compensation,298,118,26,0,4,33,19,0.269,8.0,181
e60dd06a,Punjab,Punjab District 1,Agricultural,Objection,134,34,27,0,4,31,0,0.128,9.0,165
9f8fd4f9,Andhra Pradesh,Andhra Pradesh District 2,Agricultural,Objection,127,27,22,0,1,0,0,0.036,8.0,197
a7511d14,Tamil Nadu,Tamil Nadu District 3,Agricultural,Notification,67,47,41,1,8,3,10,0.414,14.0,111
790bc239,Chhattisgarh,Chhattisgarh District 4,Residential,Objection,280,180,16,0,0,2,68,0.084,5.0,197
2578e55d,Andhra Pradesh,Andhra Pradesh District 1,Industrial,Notification,34,14,31,0,6,30,0,0.126,10.0,111
72558295,Madhya Pradesh,Madhya Pradesh District 2,Agricultural,Compensation,267,87,18,0,5,61,0,0.199,5.0,187
9b0d9e03,Rajasthan,Rajasthan District 3,Agricultural,Notification,34,14,33,0,4,4,0,0.272,11.0,111
8b0e4315,Chhattisgarh,Chhattisgarh District 4,Commercial,Compensation,256,76,32,0,4,17,6,0.177,11.0,154
052fa422,Andhra Pradesh,Andhra Pradesh District 1,Agricultural,Possession,302,42,27,0,4,5,13,0.292,9.0,197
0502458f,Uttar Pradesh,Uttar Pradesh District 2,Agricultural,Compensation,330,150,27,1,3,6,65,0.21,10.0,303
9e54c165,Rajasthan,Rajasthan District 3,Industrial,Notification,32,12,26,1,4,2,10,0.282,9.0,174
06c92ea8,Maharashtra,Maharashtra District 4,Commercial,Notification,70,50,34,0,4,34,0,0.246,12.0,111
b2595499,Madhya Pradesh,Madhya Pradesh District 1,Industrial,Compensation,360,180,37,0,7,23,66,0.305,12.0,181
a91712b4,Punjab,Punjab District 2,Industrial,Notification,94,74,8,1,4,1,14,0.221,2.0,192
f3865b1c,Karnataka,Karnataka District 3,Industrial,Objection,144,44,39,0,4,3,0,0.232,14.0,154
090b9ff8,Karnataka,Karnataka District 4,Agricultural,Notification,103,83,11,0,3,2,10,0.151,3.0,232
7d93c37b,Punjab,Punjab District 1,Commercial,Objection,193,93,35,1,9,5,42,0.534,11.0,197
f7e236b1,Haryana,Haryana District 2,Agricultural,Notification,34,14,19,0,2,0,0,0.07,6.0,181
a6ed4eee,Uttar Pradesh,Uttar Pradesh District 3,Commercial,Notification,37,17,35,0,5,4,0,0.31,12.0,111
25b5c1ef,Rajasthan,Rajasthan District 4,Agricultural,Notification,125,105,32,0,3,5,25,0.284,11.0,201
536c8cdb,Tamil Nadu,Tamil Nadu District 1,Industrial,Compensation,248,68,31,0,6,0,0,0.154,10.0,111
c2a7e488,Maharashtra,Maharashtra District 2,Agricultural,Compensation,274,94,22,0,3,36,3,0.254,7.0,154
fff7a0b7,Uttar Pradesh,Uttar Pradesh District 3,Agricultural,Notification,88,68,20,0,3,4,30,0.211,6.0,283
557b98b9,Rajasthan,Rajasthan District 4,Agricultural,Possession,292,32,14,0,1,30,6,0.02,5.0,111
3957b362,West Bengal,West Bengal District 1,Agricultural,Compensation,253,73,12,1,4,25,14,0.315,3.0,192
ede96893,Madhya Pradesh,Madhya Pradesh District 2,Agricultural,Objection,206,106,32,0,2,3,41,0.176,12.0,292
cf1ebb0c,Uttar Pradesh,Uttar Pradesh District 3,Agricultural,Compensation,250,70,28,0,4,50,2,0.337,9.0,197
fbd8a8ca,West Bengal,West Bengal District 4,Industrial,Notification,126,106,26,0,3,31,26,0.08,9.0,279
c81db0ce,Punjab,Punjab District 1,Commercial,Objection,252,152,9,0,2,1,11,0.088,2.0,244
b1c42a42,Karnataka,Karnataka District 2,Agricultural,Possession,282,22,35,0,6,5,0,0.356,11.0,165
6d72346a,Haryana,Haryana District 3,Commercial,Compensation,301,121,14,0,2,61,20,0.102,4.0,174
c5ce2daa,Andhra Pradesh,Andhra Pradesh District 4,Agricultural,Objection,156,56,40,0,7,1,7,0.237,14.0,226
c0848777,Uttar Pradesh,Uttar Pradesh District 1,Industrial,Compensation,324,144,28,0,2,35,36,0.231,10.0,197
02574032,West Bengal,West Bengal District 2,Agricultural,Notification,64,44,13,0,3,2,14,0.16,3.0,197
c6ce404f,West Bengal,West Bengal District 3,Agricultural,Possession,291,31,33,0,4,2,6,0.164,11.0,201
7f24e142,Rajasthan,Rajasthan District 4,Agricultural,Notification,46,26,24,0,4,11,2,0.514,8.0,181
39f627f7,Haryana,Haryana District 1,Commercial,Notification,35,15,31,0,3,1,0,0.123,11.0,138
43d5bb34,West Bengal,West Bengal District 2,Residential,Possession,281,21,20,1,7,1,10,0.334,5.0,111
195d5066,Andhra Pradesh,Andhra Pradesh District 3,Agricultural,Objection,280,180,20,0,0,3,80,0.138,7.0,335
ea13122d,West Bengal,West Bengal District 4,Residential,Notification,200,180,14,0,2,5,80,0.256,4.0,351
ba169e65,Haryana,Haryana District 1,Agricultural,Notification,40,20,41,0,5,2,0,0.212,15.0,111
632fa9ba,West Bengal,West Bengal District 2,Industrial,Possession,290,30,12,0,2,0,5,0.049,3.0,154
e43b7be9,Haryana,Haryana District 3,Industrial,Objection,127,27,35,0,6,36,0,0.375,12.0,174
389cce81,Chhattisgarh,Chhattisgarh District 4,Industrial,Possession,287,27,5,0,1,4,3,0.18,1.0,154
641000de,Bihar,Bihar District 1,Agricultural,Notification,164,144,26,0,6,34,51,0.296,8.0,301
97c904e9,Maharashtra,Maharashtra District 2,Agricultural,Notification,105,85,42,0,6,34,12,0.273,15.0,240
b1aa4797,West Bengal,West Bengal District 3,Agricultural,Objection,185,85,22,1,6,35,10,0.416,7.0,111
7f45c416,Karnataka,Karnataka District 4,Agricultural,Compensation,242,62,10,0,0,33,0,0.153,3.0,111
05d25353,Bihar,Bihar District 1,Agricultural,Notification,46,26,16,0,4,1,2,0.161,4.0,165
6cfc26e8,Tamil Nadu,Tamil Nadu District 2,Agricultural,Notification,78,58,33,0,4,4,0,0.251,11.0,181
8bf5e12a,Maharashtra,Maharashtra District 3,Commercial,Objection,123,23,15,0,1,2,0,0.116,5.0,111
07d02808,Tamil Nadu,Tamil Nadu District 4,Agricultural,Compensation,309,129,25,0,1,21,41,0.115,9.0,187
13f738a2,West Bengal,West Bengal District 1,Industrial,Compensation,216,36,23,0,3,50,0,0.323,7.0,201
8b9af923,Maharashtra,Maharashtra District 2,Commercial,Objection,252,152,12,0,1,0,11,0.029,4.0,154
3424254b,Karnataka,Karnataka District 3,Residential,Notification,35,15,25,1,6,5,10,0.458,8.0,201
f5581fdc,Karnataka,Karnataka District 4,Commercial,Compensation,231,51,28,0,1,39,0,0.214,10.0,154
1942f5a0,West Bengal,West Bengal District 1,Agricultural,Possession,278,18,18,0,2,3,0,0.168,6.0,138
34b8ee2d,Andhra Pradesh,Andhra Pradesh District 2,Commercial,Compensation,332,152,18,0,2,22,41,0.162,6.0,287
ceca5cb1,Chhattisgarh,Chhattisgarh District 3,Agricultural,Notification,38,18,30,0,4,0,0,0.114,10.0,111
a2ff749d,Rajasthan,Rajasthan District 4,Industrial,Compensation,230,50,30,0,3,4,0,0.104,10.0,165
2d89326c,Rajasthan,Rajasthan District 1,Residential,Objection,141,41,17,0,1,0,0,0.024,6.0,165
18d761f0,Haryana,Haryana District 2,Industrial,Compensation,224,44,35,0,6,0,0,0.18,11.0,187
865c3035,Punjab,Punjab District 3,Agricultural,Objection,156,56,31,0,4,3,7,0.249,10.0,197
0913405e,West Bengal,West Bengal District 4,Industrial,Objection,162,62,28,0,4,1,0,0.12,9.0,154
4dcd9b46,Maharashtra,Maharashtra District 1,Industrial,Objection,169,69,26,0,3,1,16,0.11,9.0,197
0b9f671b,Chhattisgarh,Chhattisgarh District 2,Commercial,Possession,268,8,18,0,3,33,0,0.162,6.0,111
7c9750c7,Madhya Pradesh,Madhya Pradesh District 3,Industrial,Objection,174,74,31,0,4,1,20,0.158,10.0,256
f8cf78b1,Tamil Nadu,Tamil Nadu District 4,Industrial,Possession,295,35,12,0,4,32,8,0.138,3.0,230
d052df3c,Karnataka,Karnataka District 1,Agricultural,Compensation,335,155,44,0,8,51,44,0.215,16.0,293
d0bda663,West Bengal,West Bengal District 2,Residential,Notification,96,76,21,0,4,32,6,0.145,7.0,192
3d6acf7e,Tamil Nadu,Tamil Nadu District 3,Agricultural,Possession,274,14,24,0,2,4,0,0.187,8.0,197
b609d438,Andhra Pradesh,Andhra Pradesh District 4,Residential,Possession,284,24,33,0,5,3,1,0.256,11.0,154
36240b4d,Chhattisgarh,Chhattisgarh District 1,Industrial,Possession,277,17,5,0,0,2,0,0.074,2.0,197
e93dcb53,Maharashtra,Maharashtra District 2,Agricultural,Compensation,320,140,9,0,1,24,48,0.135,3.0,197
a3387434,West Bengal,West Bengal District 3,Agricultural,Possession,333,73,21,0,5,4,34,0.287,6.0,274
3b48becf,Punjab,Punjab District 4,Agricultural,Compensation,236,56,27,1,5,29,10,0.375,9.0,165
c6ea50fa,Rajasthan,Rajasthan District 1,Industrial,Objection,162,62,16,0,3,2,12,0.143,5.0,197
486bd66e,Karnataka,Karnataka District 2,Agricultural,Notification,113,93,19,0,1,3,17,0.152,6.0,187
fa95cc0e,Haryana,Haryana District 3,Residential,Possession,312,52,23,0,5,9,20,0.464,7.0,268
3e21740c,West Bengal,West Bengal District 4,Industrial,Possession,270,10,3,1,3,1,10,0.217,1.0,187
6925a2b6,Haryana,Haryana District 1,Industrial,Possession,280,20,31,0,3,0,0,0.098,11.0,165
03ec4fb3,Bihar,Bihar District 2,Agricultural,Compensation,353,173,34,0,5,56,56,0.168,12.0,197
0fc49b6b,Uttar Pradesh,Uttar Pradesh District 3,Commercial,Notification,53,33,25,0,3,35,0,0.228,9.0,138
dcf548e9,Punjab,Punjab District 4,Industrial,Possession,300,40,20,0,5,33,12,0.225,6.0,201
2996908a,Maharashtra,Maharashtra District 1,Agricultural,Objection,280,180,31,0,5,31,46,0.167,10.0,181
835a9ce9,Rajasthan,Rajasthan District 2,Industrial,Notification,99,79,25,0,6,32,8,0.218,8.0,228
5a2f4df3,Madhya Pradesh,Madhya Pradesh District 3,Agricultural,Notification,55,35,12,0,4,37,0,0.341,3.0,174
591482d4,Madhya Pradesh,Madhya Pradesh District 4,Commercial,Compensation,332,152,32,0,6,0,41,0.165,10.0,287
f3eb000c,Madhya Pradesh,Madhya Pradesh District 1,Residential,Compensation,277,97,5,1,2,6,30,0.177,2.0,138
2a371cd2,Haryana,Haryana District 2,Commercial,Objection,280,180,22,0,3,3,44,0.195,7.0,138
12d0947a,Karnataka,Karnataka District 3,Agricultural,Possession,271,11,15,0,0,0,0,0.02,5.0,111
55f9fadc,Maharashtra,Maharashtra District 4,Industrial,Compensation,272,92,17,0,1,8,1,0.06,6.0,197
30f65d90,Karnataka,Karnataka District 1,Industrial,Notification,38,18,9,0,3,35,0,0.237,2.0,165
aa221e7f,Madhya Pradesh,Madhya Pradesh District 2,Industrial,Objection,164,64,28,1,6,2,10,0.321,9.0,154
f8e941d6,Karnataka,Karnataka District 3,Agricultural,Notification,118,98,14,0,2,0,20,0.067,4.0,254
7ba035b8,Bihar,Bihar District 4,Agricultural,Compensation,254,74,27,0,2,2,4,0.067,9.0,181
25de4976,Haryana,Haryana District 1,Commercial,Compensation,261,81,33,0,4,52,0,0.346,11.0,165
8deff97f,Madhya Pradesh,Madhya Pradesh District 2,Industrial,Objection,156,56,28,0,1,2,7,0.093,10.0,220
a9f595c9,Bihar,Bihar District 3,Residential,Notification,68,48,17,0,2,33,17,0.143,6.0,256
1d2f3ab7,Chhattisgarh,Chhattisgarh District 4,Agricultural,Objection,228,128,25,0,5,5,0,0.31,8.0,111
9566befd,Maharashtra,Maharashtra District 1,Commercial,Objection,254,154,27,1,4,0,80,0.212,9.0,307
c2742213,Bihar,Bihar District 2,Agricultural,Objection,147,47,20,1,5,2,12,0.312,6.0,201
7d42b357,Punjab,Punjab District 3,Agricultural,Objection,172,72,19,0,1,4,18,0.198,6.0,197
5ceb2034,Chhattisgarh,Chhattisgarh District 4,Residential,Notification,54,34,17,0,1,4,8,0.167,6.0,181
90ca0601,Madhya Pradesh,Madhya Pradesh District 1,Industrial,Compensation,277,97,25,0,5,85,4,0.3,8.0,187
71b710d0,Haryana,Haryana District 2,Agricultural,Possession,272,12,23,0,5,31,0,0.137,7.0,174
75beec43,Chhattisgarh,Chhattisgarh District 3,Industrial,Compensation,322,142,20,0,3,28,50,0.199,6.0,192
98f76d8d,Madhya Pradesh,Madhya Pradesh District 4,Commercial,Objection,144,44,30,0,2,4,0,0.194,11.0,201
b983f2a3,West Bengal,West Bengal District 1,Residential,Notification,161,141,20,0,5,33,49,0.223,6.0,111
013c21dd,West Bengal,West Bengal District 2,Industrial,Notification,167,147,28,1,5,3,63,0.34,10.0,306
8b6450d3,Punjab,Punjab District 3,Agricultural,Notification,39,19,15,1,4,0,10,0.217,4.0,192
bb7a64ab,Rajasthan,Rajasthan District 4,Agricultural,Notification,34,14,17,0,4,35,0,0.274,5.0,111
46de369d,Andhra Pradesh,Andhra Pradesh District 1,Residential,Notification,46,26,14,0,0,1,2,0.054,5.0,165
b2d1c6eb,Madhya Pradesh,Madhya Pradesh District 2,Industrial,Notification,47,27,29,0,2,4,3,0.207,10.0,181
c63cc59b,Karnataka,Karnataka District 3,Industrial,Objection,214,114,20,0,4,3,0,0.233,6.0,197
ee05b424,West Bengal,West Bengal District 4,Industrial,Notification,112,92,33,0,6,3,16,0.294,11.0,254
b2bfccb0,West Bengal,West Bengal District 1,Agricultural,Compensation,244,64,18,1,4,24,10,0.324,6.0,111
761342fa,Andhra Pradesh,Andhra Pradesh District 2,Industrial,Objection,128,28,5,0,0,1,0,0.024,2.0,111
da9c2ecc,Bihar,Bihar District 3,Industrial,Notification,56,36,28,1,6,4,10,0.41,9.0,111
e5ab0450,Chhattisgarh,Chhattisgarh District 4,Agricultural,Possession,280,20,36,1,8,5,10,0.487,12.0,138
19aada7c,Karnataka,Karnataka District 1,Agricultural,Notification,67,47,36,0,3,2,0,0.158,13.0,138
efdbb311,Bihar,Bihar District 2,Agricultural,Notification,60,40,24,0,3,3,0,0.188,8.0,111
bce1c76e,Karnataka,Karnataka District 3,Commercial,Possession,285,25,14,1,2,5,12,0.342,5.0,181
3d5b0315,Maharashtra,Maharashtra District 4,Agricultural,Compensation,286,106,20,0,1,84,10,0.194,7.0,201
ece66d0c,Bihar,Bihar District 1,Agricultural,Possession,312,52,19,0,4,0,20,0.1,6.0,261
1e97f3e3,Rajasthan,Rajasthan District 2,Industrial,Objection,145,45,21,0,3,3,0,0.197,7.0,111
c870d83c,West Bengal,West Bengal District 3,Agricultural,Notification,117,97,36,0,2,3,20,0.192,13.0,174
9d73c1de,Chhattisgarh,Chhattisgarh District 4,Residential,Objection,154,54,24,0,3,3,6,0.167,8.0,192
91b1b8a2,West Bengal,West Bengal District 1,Agricultural,Notification,81,61,8,1,3,2,36,0.226,2.0,277
851a175e,Tamil Nadu,Tamil Nadu District 2,Agricultural,Compensation,278,98,21,1,4,10,30,0.244,7.0,201
11edf8c3,Rajasthan,Rajasthan District 3,Agricultural,Compensation,316,136,14,0,1,54,30,0.281,4.0,192
737e2574,Andhra Pradesh,Andhra Pradesh District 4,Agricultural,Objection,180,80,21,0,2,6,0,0.27,7.0,197
a78c660d,Uttar Pradesh,Uttar Pradesh District 1,Agricultural,Objection,217,117,17,0,4,30,0,0.081,5.0,187
407f1a5e,Andhra Pradesh,Andhra Pradesh District 2,Agricultural,Objection,280,180,35,0,6,34,80,0.293,12.0,181
0a7201b8,Uttar Pradesh,Uttar Pradesh District 3,Agricultural,Objection,216,116,25,0,2,3,48,0.163,9.0,291
e27d6564,Uttar Pradesh,Uttar Pradesh District 4,Residential,Compensation,360,180,16,0,4,42,77,0.304,4.0,313
4a9fdb26,Maharashtra,Maharashtra District 1,Agricultural,Objection,280,180,1,0,0,2,54,0.076,1.0,201
4ba909aa,Rajasthan,Rajasthan District 2,Commercial,Notification,32,12,12,0,4,34,0,0.231,3.0,165
82d1e62e,Madhya Pradesh,Madhya Pradesh District 3,Agricultural,Objection,193,93,35,0,4,33,32,0.212,13.0,138
ebd91679,Uttar Pradesh,Uttar Pradesh District 4,Commercial,Compensation,355,175,22,0,2,0,56,0.055,7.0,201
3b8dffb2,West Bengal,West Bengal District 1,Agricultural,Compensation,230,50,15,0,2,24,0,0.179,4.0,154
0f9fc2bf,Tamil Nadu,Tamil Nadu District 2,Industrial,Possession,270,10,33,0,3,3,0,0.2,12.0,197
96b0375c,Punjab,Punjab District 3,Industrial,Objection,209,109,21,1,8,32,52,0.356,6.0,298
48493e67,Rajasthan,Rajasthan District 4,Industrial,Notification,107,87,24,0,5,35,13,0.3,8.0,197
d093b621,Maharashtra,Maharashtra District 1,Commercial,Compensation,250,70,33,0,6,0,0,0.172,11.0,111
e0740571,West Bengal,West Bengal District 2,Residential,Compensation,272,92,20,1,6,6,12,0.283,6.0,174
02d90eff,Haryana,Haryana District 3,Industrial,Possession,301,41,16,0,2,5,12,0.251,5.0,111
bc793a45,West Bengal,West Bengal District 4,Agricultural,Compensation,277,97,32,0,6,32,4,0.313,10.0,111
5481dd64,Tamil Nadu,Tamil Nadu District 1,Commercial,Possession,289,29,31,0,3,6,4,0.316,11.0,181
ce6f7da2,Chhattisgarh,Chhattisgarh District 2,Industrial,Objection,169,69,30,0,4,2,16,0.193,10.0,187
c2d7b0c4,Tamil Nadu,Tamil Nadu District 3,Industrial,Possession,278,18,34,0,4,5,0,0.314,12.0,192
664fd469,Tamil Nadu,Tamil Nadu District 4,Agricultural,Notification,43,23,32,0,5,2,0,0.202,11.0,201
0c2c1ce1,Karnataka,Karnataka District 1,Industrial,Compensation,255,75,37,0,5,21,5,0.235,13.0,165
cbadbf64,Bihar,Bihar District 2,Agricultural,Possession,298,38,34,1,7,36,20,0.494,12.0,181
1c7a7dd8,West Bengal,West Bengal District 3,Agricultural,Notification,81,61,22,0,2,2,26,0.137,7.0,277
6de1f647,Karnataka,Karnataka District 4,Industrial,Possession,326,66,11,1,3,5,39,0.377,3.0,280
f1bf3c43,Rajasthan,Rajasthan District 1,Commercial,Compensation,259,79,28,0,4,42,8,0.297,9.0,174
e1e4cb3d,Rajasthan,Rajasthan District 2,Industrial,Notification,101,81,34,0,6,3,9,0.298,11.0,111
630618e6,Madhya Pradesh,Madhya Pradesh District 3,Residential,Compensation,254,74,19,0,4,38,0,0.275,6.0,111
6b8f81b2,Tamil Nadu,Tamil Nadu District 4,Residential,Possession,291,31,21,0,4,4,6,0.278,6.0,192
4ef784f8,Rajasthan,Rajasthan District 1,Agricultural,Compensation,268,88,41,0,7,7,0,0.227,14.0,197
14d478bb,Rajasthan,Rajasthan District 2,Industrial,Possession,298,38,20,1,5,0,20,0.227,6.0,197
9508d3b2,Andhra Pradesh,Andhra Pradesh District 3,Agricultural,Notification,80,60,38,0,4,4,0,0.25,14.0,111
b5753655,Madhya Pradesh,Madhya Pradesh District 4,Agricultural,Compensation,266,86,30,1,7,69,22,0.379,10.0,236
ffc09067,Bihar,Bihar District 1,Agricultural,Notification,36,16,19,1,6,1,10,0.284,6.0,154
23503af1,Bihar,Bihar District 2,Industrial,Objection,182,82,28,0,3,32,0,0.148,10.0,192
efe49b31,Andhra Pradesh,Andhra Pradesh District 3,Agricultural,Compensation,360,180,43,0,5,61,60,0.426,16.0,310
2372c22e,Maharashtra,Maharashtra District 4,Residential,Compensation,320,140,35,0,3,19,33,0.175,13.0,154
bbf12882,Bihar,Bihar District 1,Agricultural,Compensation,231,51,23,0,2,25,0,0.181,8.0,165
71403a7d,Andhra Pradesh,Andhra Pradesh District 2,Industrial,Notification,49,29,34,0,5,3,4,0.261,11.0,174
80a10a25,Punjab,Punjab District 3,Industrial,Notification,142,122,21,0,3,2,36,0.171,7.0,292
1072c98c,Chhattisgarh,Chhattisgarh District 4,Industrial,Objection,280,180,31,0,6,3,80,0.284,10.0,138
ffc48e96,Bihar,Bihar District 1,Residential,Possession,278,18,37,0,6,32,0,0.222,13.0,197
f36ef7ee,Maharashtra,Maharashtra District 2,Agricultural,Objection,186,86,14,0,0,0,27,0.02,5.0,280
ff4c2be9,Karnataka,Karnataka District 3,Industrial,Notification,88,68,22,0,2,6,0,0.283,7.0,192
68c19bbd,Andhra Pradesh,Andhra Pradesh District 4,Agricultural,Notification,154,134,24,0,1,30,44,0.02,9.0,138
1cc1be58,Karnataka,Karnataka District 1,Agricultural,Objection,152,52,34,0,3,2,4,0.163,12.0,192
a6c79dff,West Bengal,West Bengal District 2,Agricultural,Objection,254,154,25,0,5,3,13,0.261,8.0,197
9d47c8c1,Madhya Pradesh,Madhya Pradesh District 3,Agricultural,Notification,43,23,38,0,6,34,0,0.302,13.0,174
2d5f3685,West Bengal,West Bengal District 4,Agricultural,Notification,98,78,33,1,7,4,17,0.434,11.0,222
c2983a7b,Karnataka,Karnataka District 1,Residential,Objection,185,85,19,0,2,3,0,0.176,6.0,181
0a937fab,Andhra Pradesh,Andhra Pradesh District 2,Industrial,Objection,280,180,44,1,6,5,46,0.441,16.0,192
f2bd325e,Punjab,Punjab District 3,Agricultural,Possession,280,20,30,0,6,36,0,0.387,10.0,111
7e2f96ea,Bihar,Bihar District 4,Agricultural,Notification,30,10,29,0,6,32,0,0.229,9.0,174
d81d472a,Chhattisgarh,Chhattisgarh District 1,Agricultural,Objection,183,83,12,0,1,4,26,0.158,4.0,201
a93d200e,Punjab,Punjab District 2,Industrial,Compensation,328,148,31,0,5,45,54,0.362,10.0,138
69e1a50a,Tamil Nadu,Tamil Nadu District 3,Agricultural,Compensation,234,54,16,1,4,29,10,0.325,5.0,181
f045d150,Maharashtra,Maharashtra District 4,Industrial,Notification,149,129,23,0,4,3,41,0.221,7.0,197
620c4494,Bihar,Bihar District 1,Agricultural,Notification,83,63,30,0,4,1,0,0.166,10.0,138
fed95da6,Karnataka,Karnataka District 2,Industrial,Notification,69,49,26,0,4,4,18,0.267,8.0,251
81f892be,Andhra Pradesh,Andhra Pradesh District 3,Agricultural,Notification,44,24,17,0,3,38,1,0.337,5.0,201
301cc989,Uttar Pradesh,Uttar Pradesh District 4,Agricultural,Objection,280,180,15,0,1,34,41,0.145,5.0,181
92989c77,Andhra Pradesh,Andhra Pradesh District 1,Residential,Compensation,260,80,25,1,6,12,18,0.314,8.0,181
e3308950,Maharashtra,Maharashtra District 2,Commercial,Compensation,226,46,32,0,6,22,0,0.266,10.0,187
058484a2,Bihar,Bihar District 3,Agricultural,Notification,54,34,10,0,0,7,0,0.251,3.0,111
bc275527,Haryana,Haryana District 4,Agricultural,Possession,285,25,33,1,6,7,12,0.514,11.0,111
2717ccc2,Maharashtra,Maharashtra District 1,Industrial,Compensation,205,25,20,1,5,28,10,0.355,6.0,197
64298fa7,Rajasthan,Rajasthan District 2,Agricultural,Notification,105,85,11,0,0,3,12,0.122,4.0,181
08bf5734,Chhattisgarh,Chhattisgarh District 3,Agricultural,Notification,94,74,23,0,2,6,4,0.272,8.0,201
fbfcf131,Tamil Nadu,Tamil Nadu District 4,Industrial,Objection,248,148,31,0,3,6,8,0.299,11.0,236
1cfdc0db,Haryana,Haryana District 1,Agricultural,Objection,146,46,8,0,1,5,0,0.218,2.0,201
4d2106cc,Haryana,Haryana District 2,Commercial,Objection,158,58,27,0,6,33,8,0.245,9.0,197
c7ee844c,Andhra Pradesh,Andhra Pradesh District 3,Residential,Notification,145,125,25,0,4,3,38,0.218,8.0,197
22ee2061,Maharashtra,Maharashtra District 4,Industrial,Notification,51,31,16,0,2,4,6,0.185,5.0,208
8132400b,Maharashtra,Maharashtra District 1,Industrial,Possession,274,14,21,0,2,4,0,0.198,7.0,197
9fe9f7df,Karnataka,Karnataka District 2,Agricultural,Compensation,304,124,42,0,6,27,38,0.296,15.0,138
559f4957,Punjab,Punjab District 3,Industrial,Compensation,277,97,30,0,4,68,20,0.188,10.0,197
59ccd3c1,Karnataka,Karnataka District 4,Industrial,Notification,65,45,27,0,2,5,0,0.233,9.0,174
8f87f0b2,Haryana,Haryana District 1,Agricultural,Possession,292,32,15,0,0,0,6,0.02,5.0,224
d119758b,Uttar Pradesh,Uttar Pradesh District 2,Agricultural,Notification,37,17,13,0,2,5,0,0.24,4.0,165
edb56520,Uttar Pradesh,Uttar Pradesh District 3,Agricultural,Possession,288,28,35,0,4,5,4,0.299,12.0,197
ca01aa84,Tamil Nadu,Tamil Nadu District 4,Agricultural,Compensation,357,177,19,0,2,41,73,0.253,6.0,306
c31db7f9,Chhattisgarh,Chhattisgarh District 1,Agricultural,Objection,280,180,8,0,2,0,38,0.066,2.0,181
8e511774,Haryana,Haryana District 2,Agricultural,Notification,80,60,25,0,3,5,0,0.253,8.0,192
860cf340,Maharashtra,Maharashtra District 3,Commercial,Possession,300,40,26,0,2,5,12,0.228,9.0,244
3915cc67,Andhra Pradesh,Andhra Pradesh District 4,Industrial,Compensation,231,51,27,0,6,5,0,0.182,8.0,111
9ecacbff,Uttar Pradesh,Uttar Pradesh District 1,Residential,Notification,108,88,34,0,7,35,14,0.348,11.0,197
1ada8955,West Bengal,West Bengal District 2,Residential,Compensation,260,80,22,0,3,13,0,0.15,7.0,192
4810d620,Maharashtra,Maharashtra District 3,Residential,Compensation,360,180,11,0,4,100,80,0.329,3.0,327
a94c4fed,Haryana,Haryana District 4,Agricultural,Notification,42,22,18,0,6,37,0,0.404,5.0,111
8fcc7719,West Bengal,West Bengal District 1,Industrial,Compensation,269,89,30,0,3,37,0,0.256,10.0,111
08453efe,Chhattisgarh,Chhattisgarh District 2,Agricultural,Notification,67,47,26,0,2,0,0,0.055,9.0,154
1d98e022,Rajasthan,Rajasthan District 3,Agricultural,Compensation,270,90,33,0,6,0,0,0.172,11.0,181
4f8afb2d,Punjab,Punjab District 4,Industrial,Objection,192,92,21,0,3,2,0,0.157,7.0,174
254028b2,Chhattisgarh,Chhattisgarh District 1,Industrial,Compensation,234,54,7,0,2,27,0,0.169,2.0,165
be7d77c7,Haryana,Haryana District 2,Agricultural,Objection,168,68,13,0,1,4,15,0.17,4.0,242
8255287f,Tamil Nadu,Tamil Nadu District 3,Agricultural,Possession,290,30,23,0,2,8,5,0.346,8.0,208
dfb4f107,Uttar Pradesh,Uttar Pradesh District 4,Agricultural,Notification,54,34,27,1,3,2,18,0.25,10.0,187
f8ddd19d,Haryana,Haryana District 1,Commercial,Compensation,360,180,27,0,3,17,64,0.169,9.0,192
95c1caae,Madhya Pradesh,Madhya Pradesh District 2,Industrial,Notification,68,48,1,1,2,0,27,0.152,1.0,260
43972a23,Haryana,Haryana District 3,Agricultural,Objection,138,38,23,0,3,6,0,0.309,7.0,197
413d769a,Tamil Nadu,Tamil Nadu District 4,Residential,Objection,182,82,28,0,2,4,25,0.21,10.0,111
17a7b53a,Uttar Pradesh,Uttar Pradesh District 1,Agricultural,Notification,80,60,20,0,4,3,0,0.231,6.0,138
6d79cf49,Punjab,Punjab District 2,Residential,Possession,300,40,14,0,3,35,12,0.233,4.0,244
5f9de499,Uttar Pradesh,Uttar Pradesh District 3,Industrial,Objection,150,50,32,0,5,3,4,0.227,11.0,174
46705364,Madhya Pradesh,Madhya Pradesh District 4,Agricultural,Notification,148,128,34,0,6,5,40,0.366,11.0,138
0949ae0e,Punjab,Punjab District 1,Agricultural,Notification,48,28,21,0,5,9,4,0.482,6.0,187
364596fd,Andhra Pradesh,Andhra Pradesh District 2,Industrial,Compensation,224,44,33,0,5,54,0,0.146,11.0,197
7f23fe6b,Chhattisgarh,Chhattisgarh District 3,Industrial,Notification,75,55,9,0,2,36,22,0.233,3.0,267
0b9d5796,West Bengal,West Bengal District 4,Industrial,Notification,102,82,8,0,2,1,10,0.105,2.0,236
99b55462,Tamil Nadu,Tamil Nadu District 1,Agricultural,Objection,232,132,14,0,3,1,0,0.144,4.0,111
3d4f4b68,Haryana,Haryana District 2,Industrial,Compensation,284,104,28,0,2,12,24,0.124,10.0,197
7627ead0,Uttar Pradesh,Uttar Pradesh District 3,Agricultural,Objection,280,180,23,0,3,5,80,0.297,7.0,197
65252cee,Haryana,Haryana District 4,Agricultural,Notification,74,54,16,1,5,0,31,0.227,5.0,249
ae536a25,Rajasthan,Rajasthan District 1,Commercial,Notification,73,53,13,0,2,3,0,0.171,4.0,111
ecdb4ea4,Karnataka,Karnataka District 2,Industrial,Possession,280,20,23,0,2,3,0,0.186,8.0,111
692a4862,Uttar Pradesh,Uttar Pradesh District 3,Industrial,Objection,134,34,34,0,4,6,0,0.334,12.0,111
b9a8de79,Chhattisgarh,Chhattisgarh District 4,Agricultural,Notification,70,50,26,0,3,2,0,0.155,9.0,154
cde909e6,West Bengal,West Bengal District 1,Agricultural,Compensation,262,82,44,0,7,28,10,0.315,16.0,192
bf32afed,Karnataka,Karnataka District 2,Agricultural,Objection,166,66,40,0,3,5,14,0.271,15.0,181
43840ab2,West Bengal,West Bengal District 3,Commercial,Compensation,243,63,20,0,3,22,0,0.177,6.0,111
ae3771e2,Karnataka,Karnataka District 4,Residential,Notification,102,82,36,1,7,31,20,0.292,13.0,111
a7d804ce,Punjab,Punjab District 1,Industrial,Compensation,309,129,33,0,2,1,26,0.051,12.0,201
8f7d9241,Punjab,Punjab District 2,Agricultural,Compensation,216,36,23,0,2,23,0,0.17,8.0,138
2f04a049,Rajasthan,Rajasthan District 3,Agricultural,Objection,280,180,34,0,3,3,80,0.173,12.0,323
bbc0dda3,Rajasthan,Rajasthan District 4,Commercial,Notification,30,7,18,0,4,0,0,0.122,5.0,138
9c7c9a91,Madhya Pradesh,Madhya Pradesh District 1,Commercial,Compensation,255,75,24,0,1,54,0,0.288,8.0,154
7a3c4571,West Bengal,West Bengal District 2,Industrial,Compensation,256,76,18,0,4,49,0,0.11,5.0,154
2b11b0e1,Rajasthan,Rajasthan District 3,Industrial,Possession,276,16,43,0,5,3,0,0.254,16.0,111
fe544bc2,Maharashtra,Maharashtra District 4,Industrial,Notification,45,25,3,1,4,33,12,0.266,1.0,154
83c7854c,Punjab,Punjab District 1,Industrial,Objection,225,125,23,1,6,2,10,0.353,7.0,187
7210a557,West Bengal,West Bengal District 2,Industrial,Notification,106,86,23,1,5,32,22,0.304,8.0,187
6f39a201,Madhya Pradesh,Madhya Pradesh District 3,Commercial,Objection,148,48,31,0,4,7,2,0.382,10.0,165
d1f9b4a3,Andhra Pradesh,Andhra Pradesh District 4,Industrial,Objection,190,90,15,0,1,8,0,0.32,5.0,154
920c3cca,West Bengal,West Bengal District 1,Commercial,Notification,72,52,26,0,4,5,0,0.308,8.0,138
09456073,Chhattisgarh,Chhattisgarh District 2,Agricultural,Compensation,232,52,15,0,4,56,0,0.356,4.0,111
93595acf,Uttar Pradesh,Uttar Pradesh District 3,Residential,Notification,41,21,36,1,8,0,10,0.309,12.0,165
d25ad6cd,Tamil Nadu,Tamil Nadu District 4,Industrial,Notification,80,60,37,0,6,38,0,0.431,13.0,187
2f6aacb2,Haryana,Haryana District 1,Commercial,Notification,84,64,33,0,5,3,0,0.261,11.0,111
2f98bc26,Tamil Nadu,Tamil Nadu District 2,Industrial,Notification,76,56,42,0,4,1,0,0.143,16.0,192
278c412b,West Bengal,West Bengal District 3,Agricultural,Compensation,220,40,21,0,2,27,0,0.173,7.0,201
60ab0367,Tamil Nadu,Tamil Nadu District 4,Residential,Objection,133,33,24,0,6,2,0,0.23,7.0,197
d56f0bf8,Punjab,Punjab District 1,Industrial,Notification,40,20,21,0,2,5,0,0.217,7.0,154
6337fee0,West Bengal,West Bengal District 2,Agricultural,Objection,280,180,26,1,5,3,80,0.354,9.0,346
43ea55f8,Bihar,Bihar District 3,Industrial,Compensation,225,45,35,0,1,41,0,0.216,13.0,165
f54c2d8e,Maharashtra,Maharashtra District 4,Residential,Notification,172,152,41,0,5,5,56,0.307,15.0,306
42a2d336,Karnataka,Karnataka District 1,Agricultural,Objection,133,33,51,1,9,1,10,0.406,19.0,111
73949ab2,Haryana,Haryana District 2,Agricultural,Notification,40,20,12,1,3,1,10,0.198,4.0,111
7254688a,West Bengal,West Bengal District 3,Industrial,Compensation,278,98,16,1,5,0,30,0.23,5.0,256
5bcf92e5,Madhya Pradesh,Madhya Pradesh District 4,Agricultural,Compensation,248,68,15,0,5,78,0,0.254,4.0,138
fedb2075,Karnataka,Karnataka District 1,Industrial,Notification,160,140,17,0,1,5,48,0.194,6.0,192
ad509ff1,Chhattisgarh,Chhattisgarh District 2,Industrial,Compensation,224,44,36,1,4,0,10,0.213,13.0,138
91640387,Uttar Pradesh,Uttar Pradesh District 3,Residential,Notification,63,43,35,0,4,3,14,0.237,12.0,187
c5298e33,Punjab,Punjab District 4,Agricultural,Notification,43,23,33,1,7,3,10,0.384,11.0,192
66a60eff,Punjab,Punjab District 1,Residential,Possession,316,56,31,0,7,5,22,0.379,10.0,255
051f1ee7,Maharashtra,Maharashtra District 2,Agricultural,Possession,325,65,27,0,5,0,28,0.127,9.0,264
6dd14537,Karnataka,Karnataka District 3,Industrial,Objection,134,34,19,0,3,5,0,0.251,6.0,111
dbd0e1e0,Tamil Nadu,Tamil Nadu District 4,Commercial,Objection,124,24,22,1,5,33,10,0.31,7.0,138
aaf85d4e,Tamil Nadu,Tamil Nadu District 1,Agricultural,Notification,56,36,20,0,3,8,9,0.369,6.0,138
4bb5efba,Punjab,Punjab District 2,Agricultural,Notification,52,32,24,0,4,4,6,0.271,8.0,201
01420071,Madhya Pradesh,Madhya Pradesh District 3,Agricultural,Compensation,360,180,33,0,5,32,74,0.283,11.0,301
2935e6eb,Maharashtra,Maharashtra District 4,Industrial,Possession,281,21,29,0,4,2,0,0.194,10.0,111
02fd7a7b,Uttar Pradesh,Uttar Pradesh District 1,Industrial,Objection,256,156,31,0,6,4,14,0.298,10.0,187
0b0a83ab,Chhattisgarh,Chhattisgarh District 2,Agricultural,Notification,94,74,24,0,3,1,4,0.111,8.0,197
7b94b6b6,Andhra Pradesh,Andhra Pradesh District 3,Industrial,Objection,199,99,28,0,5,4,0,0.29,9.0,111
d24f6cc5,Haryana,Haryana District 4,Agricultural,Compensation,290,110,36,0,3,42,13,0.289,13.0,154
d281523a,West Bengal,West Bengal District 1,Agricultural,Compensation,272,92,20,0,4,69,16,0.427,6.0,165
70299741,Madhya Pradesh,Madhya Pradesh District 2,Industrial,Notification,150,130,3,0,1,6,42,0.235,1.0,111
b9f245de,Tamil Nadu,Tamil Nadu District 3,Agricultural,Objection,144,44,19,0,2,31,0,0.076,6.0,197
61d77c9c,West Bengal,West Bengal District 4,Industrial,Objection,159,59,6,0,1,2,10,0.089,2.0,187
7578f981,Punjab,Punjab District 1,Agricultural,Objection,164,64,26,1,5,5,23,0.427,9.0,246
7c0345c0,Maharashtra,Maharashtra District 2,Agricultural,Compensation,289,109,11,0,3,26,28,0.192,3.0,273
3e2314b7,Chhattisgarh,Chhattisgarh District 3,Agricultural,Notification,59,39,20,1,5,6,21,0.435,6.0,154
e9f14161,Karnataka,Karnataka District 4,Industrial,Notification,74,54,26,0,3,3,0,0.189,9.0,174
445b5e8b,Punjab,Punjab District 1,Residential,Compensation,206,26,33,1,9,91,10,0.528,11.0,174
783df728,Karnataka,Karnataka District 2,Agricultural,Notification,71,51,22,0,3,3,0,0.21,7.0,197
1bba4cbd,Madhya Pradesh,Madhya Pradesh District 3,Agricultural,Notification,126,106,21,0,4,35,26,0.279,7.0,197
73d0fdc5,Andhra Pradesh,Andhra Pradesh District 4,Industrial,Objection,202,102,28,0,5,5,0,0.329,9.0,138
77b0f432,Maharashtra,Maharashtra District 1,Agricultural,Notification,51,31,53,0,7,4,6,0.327,20.0,217
b0cfa536,Punjab,Punjab District 2,Industrial,Notification,41,21,20,0,2,34,0,0.182,7.0,187
235b98a7,Rajasthan,Rajasthan District 3,Residential,Objection,212,112,31,0,3,3,45,0.192,11.0,293
88d5011c,Rajasthan,Rajasthan District 4,Agricultural,Compensation,312,132,29,0,3,52,43,0.317,10.0,187
6b63fc6f,Andhra Pradesh,Andhra Pradesh District 1,Agricultural,Notification,69,49,28,0,6,3,0,0.286,9.0,192
8c85d8da,Tamil Nadu,Tamil Nadu District 2,Residential,Possession,279,19,19,0,2,0,0,0.066,6.0,138
96b6d906,Haryana,Haryana District 3,Agricultural,Compensation,319,139,33,0,5,45,32,0.103,11.0,192
e7a21424,Uttar Pradesh,Uttar Pradesh District 4,Industrial,Notification,42,22,29,0,4,4,0,0.243,10.0,187
430fb067,Bihar,Bihar District 1,Agricultural,Objection,210,110,31,0,2,0,44,0.056,11.0,295
23e001fb,Karnataka,Karnataka District 2,Industrial,Objection,144,44,29,0,4,6,0,0.315,10.0,111
b63a89e0,Tamil Nadu,Tamil Nadu District 3,Agricultural,Notification,139,119,25,0,6,30,34,0.141,8.0,187
055ea45a,Bihar,Bihar District 4,Agricultural,Compensation,248,68,31,0,4,44,0,0.325,10.0,197
13a8a192,Haryana,Haryana District 1,Industrial,Objection,126,26,28,0,4,4,0,0.237,9.0,181
be7f8648,Bihar,Bihar District 2,Industrial,Compensation,266,86,22,0,4,70,12,0.199,7.0,154
9a93be68,Punjab,Punjab District 3,Commercial,Notification,34,14,20,0,3,0,0,0.085,6.0,181
c198e9c1,Bihar,Bihar District 4,Commercial,Notification,47,27,31,0,3,2,3,0.169,11.0,197
7ce50ec3,Uttar Pradesh,Uttar Pradesh District 1,Industrial,Objection,156,56,2,0,0,5,7,0.194,1.0,174
ce72fb9b,Chhattisgarh,Chhattisgarh District 2,Commercial,Notification,52,32,18,1,5,9,10,0.562,5.0,181
60a1636e,Rajasthan,Rajasthan District 3,Industrial,Compensation,292,112,19,0,4,3,30,0.113,6.0,111
66201073,Bihar,Bihar District 4,Residential,Notification,129,109,30,0,5,35,28,0.317,10.0,267
cb4eab28,Chhattisgarh,Chhattisgarh District 1,Residential,Notification,142,122,19,0,2,33,36,0.164,6.0,174
dfb12870,Rajasthan,Rajasthan District 2,Agricultural,Objection,280,180,18,1,4,5,62,0.378,6.0,305
df006e33,Bihar,Bihar District 3,Agricultural,Objection,182,82,27,0,0,4,25,0.159,10.0,271
ae47774b,Karnataka,Karnataka District 4,Agricultural,Notification,43,23,21,0,5,2,0,0.229,6.0,192
cb6d873b,Uttar Pradesh,Uttar Pradesh District 1,Agricultural,Notification,46,26,3,0,0,5,0,0.204,1.0,138
3ca00368,Bihar,Bihar District 2,Agricultural,Possession,276,16,26,0,3,3,0,0.21,9.0,181
e6de2242,Bihar,Bihar District 3,Residential,Notification,55,35,19,0,5,4,0,0.276,5.0,165
60c4dbda,Andhra Pradesh,Andhra Pradesh District 4,Industrial,Notification,72,52,30,0,4,1,0,0.149,10.0,201
8d1749fb,Madhya Pradesh,Madhya Pradesh District 1,Agricultural,Compensation,337,157,26,0,3,28,44,0.216,9.0,138
480d5823,West Bengal,West Bengal District 2,Residential,Objection,239,139,29,0,4,4,2,0.26,10.0,187
de976224,Andhra Pradesh,Andhra Pradesh District 3,Industrial,Possession,312,52,24,0,2,3,20,0.173,8.0,254
a475d3c4,Chhattisgarh,Chhattisgarh District 4,Industrial,Objection,140,40,28,0,6,6,0,0.379,9.0,187
0e74f731,Andhra Pradesh,Andhra Pradesh District 1,Residential,Compensation,244,64,35,0,4,46,0,0.33,12.0,174
f2cf180a,Uttar Pradesh,Uttar Pradesh District 2,Industrial,Objection,114,14,8,1,4,6,10,0.409,2.0,111
47489430,Madhya Pradesh,Madhya Pradesh District 3,Agricultural,Objection,280,180,17,0,3,2,67,0.172,5.0,187
87c3d64e,Andhra Pradesh,Andhra Pradesh District 4,Industrial,Compensation,237,57,15,0,4,53,0,0.349,4.0,165
21bd45ca,Haryana,Haryana District 1,Residential,Compensation,249,69,11,0,2,56,1,0.092,3.0,192
e9a30251,Rajasthan,Rajasthan District 2,Industrial,Compensation,274,94,35,0,4,34,2,0.277,12.0,174
5a8eab61,Madhya Pradesh,Madhya Pradesh District 3,Agricultural,Notification,149,129,23,1,3,6,51,0.414,8.0,294
1aa12c7b,Uttar Pradesh,Uttar Pradesh District 4,Agricultural,Compensation,250,70,17,0,3,4,0,0.103,5.0,111
7c9d5aa2,Karnataka,Karnataka District 1,Agricultural,Objection,280,180,38,0,5,5,38,0.311,13.0,181
960a8a16,Uttar Pradesh,Uttar Pradesh District 2,Industrial,Notification,40,20,20,1,5,32,10,0.267,7.0,154
6e7eb6de,Karnataka,Karnataka District 3,Agricultural,Compensation,262,82,35,0,4,11,0,0.172,12.0,187
8c5757f7,Rajasthan,Rajasthan District 4,Residential,Notification,159,139,25,1,7,31,58,0.278,8.0,295
82f5b0ec,Bihar,Bihar District 1,Agricultural,Objection,137,37,40,0,4,6,0,0.352,14.0,181
9c7c4d88,Andhra Pradesh,Andhra Pradesh District 2,Agricultural,Compensation,266,86,23,1,4,30,22,0.351,8.0,181
e2eede67,Rajasthan,Rajasthan District 3,Industrial,Notification,100,80,29,0,5,34,8,0.255,10.0,154
ff4a85f8,Tamil Nadu,Tamil Nadu District 4,Industrial,Notification,49,29,25,0,3,3,4,0.171,8.0,197
bb625c98,Andhra Pradesh,Andhra Pradesh District 1,Agricultural,Objection,143,43,27,0,5,3,0,0.248,9.0,174
381f04f6,Karnataka,Karnataka District 2,Residential,Possession,290,30,24,0,6,5,5,0.37,7.0,201
4d1fa209,Andhra Pradesh,Andhra Pradesh District 3,Agricultural,Notification,34,14,18,0,2,0,0,0.062,6.0,192
dfc6adf1,Karnataka,Karnataka District 4,Agricultural,Compensation,278,98,31,0,4,34,6,0.278,10.0,197
ecbb5c93,Andhra Pradesh,Andhra Pradesh District 1,Commercial,Objection,280,180,27,1,3,3,57,0.3,10.0,154
a438a53e,Andhra Pradesh,Andhra Pradesh District 2,Agricultural,Compensation,238,58,40,0,3,44,0,0.292,15.0,197
efcd645b,Madhya Pradesh,Madhya Pradesh District 3,Agricultural,Compensation,258,78,31,0,3,2,0,0.1,11.0,138
c94cc7ba,Madhya Pradesh,Madhya Pradesh District 4,Agricultural,Notification,95,75,21,0,3,2,5,0.144,7.0,214
152f5d45,Maharashtra,Maharashtra District 1,Agricultural,Possession,338,78,15,0,2,30,37,0.057,5.0,292
8e312224,Andhra Pradesh,Andhra Pradesh District 2,Agricultural,Compensation,233,53,28,0,5,88,0,0.306,9.0,154
903938a7,Karnataka,Karnataka District 3,Agricultural,Objection,152,52,22,1,5,2,14,0.331,7.0,192
06db2ea5,Haryana,Haryana District 4,Industrial,Objection,122,22,19,0,5,3,0,0.242,5.0,111
4830fa7d,Maharashtra,Maharashtra District 1,Commercial,Notification,84,64,29,0,5,1,28,0.186,9.0,278
e78f7102,Andhra Pradesh,Andhra Pradesh District 2,Agricultural,Compensation,285,105,27,1,5,45,20,0.21,9.0,197
f0c6fe0c,Maharashtra,Maharashtra District 3,Agricultural,Objection,142,42,28,0,5,1,0,0.166,9.0,197
a3f4e9ea,Tamil Nadu,Tamil Nadu District 4,Agricultural,Notification,88,68,18,0,3,4,0,0.23,5.0,165
915ea813,Bihar,Bihar District 1,Commercial,Notification,92,72,29,0,5,3,33,0.232,9.0,276
077d3c23,Bihar,Bihar District 2,Agricultural,Compensation,205,25,18,0,1,43,0,0.23,6.0,181
4e3c6c9d,Bihar,Bihar District 3,Industrial,Objection,248,148,18,1,2,0,79,0.158,6.0,302
9fa9764d,West Bengal,West Bengal District 4,Agricultural,Compensation,264,84,19,0,1,40,0,0.221,6.0,174
8ce8a246,Punjab,Punjab District 1,Agricultural,Notification,145,125,27,0,4,2,38,0.189,9.0,294
488d8d3a,Uttar Pradesh,Uttar Pradesh District 2,Agricultural,Compensation,287,107,30,0,4,59,26,0.151,10.0,201
6855aae2,Uttar Pradesh,Uttar Pradesh District 3,Residential,Compensation,237,57,24,0,3,23,0,0.179,8.0,192
9ec95d29,Karnataka,Karnataka District 4,Industrial,Possession,278,18,41,0,7,5,0,0.387,14.0,138
0d657c3e,Haryana,Haryana District 1,Agricultural,Objection,228,128,18,0,0,2,56,0.079,6.0,289
5a50a18b,Madhya Pradesh,Madhya Pradesh District 2,Agricultural,Notification,145,125,26,0,3,1,38,0.113,9.0,292
20774ffc,Karnataka,Karnataka District 3,Agricultural,Compensation,343,163,14,0,3,68,64,0.164,4.0,297
c46527af,West Bengal,West Bengal District 4,Agricultural,Notification,31,11,19,1,4,5,10,0.385,6.0,111
5041977a,Uttar Pradesh,Uttar Pradesh District 1,Agricultural,Objection,198,98,23,0,1,4,35,0.169,8.0,181
8e28c6a4,Haryana,Haryana District 2,Agricultural,Compensation,224,44,28,0,5,63,0,0.426,9.0,181
c48aed8b,Haryana,Haryana District 3,Residential,Notification,30,10,25,1,6,36,10,0.457,8.0,111
cd35e9b9,Bihar,Bihar District 4,Residential,Notification,121,101,45,0,7,2,22,0.254,16.0,269
5d4438c2,Uttar Pradesh,Uttar Pradesh District 1,Residential,Notification,46,26,33,0,5,2,2,0.21,11.0,174
3c98f891,Bihar,Bihar District 2,Commercial,Notification,41,21,17,0,3,3,0,0.193,5.0,192
ee6d2f3c,West Bengal,West Bengal District 3,Agricultural,Possession,289,29,26,0,2,0,4,0.055,9.0,181
f5fd755e,Punjab,Punjab District 4,Residential,Objection,138,38,20,0,5,31,0,0.156,6.0,111
48535ad1,Rajasthan,Rajasthan District 1,Industrial,Objection,126,26,25,1,5,3,10,0.345,8.0,187
7f37d080,West Bengal,West Bengal District 2,Industrial,Objection,226,126,33,0,3,2,54,0.146,12.0,301
62d1f547,Bihar,Bihar District 3,Agricultural,Compensation,241,61,21,1,6,70,10,0.35,7.0,111
20932f18,Karnataka,Karnataka District 4,Industrial,Notification,48,28,26,1,8,35,14,0.492,8.0,205
baa387be,West Bengal,West Bengal District 1,Agricultural,Possession,280,20,17,0,3,6,0,0.292,5.0,154
541e1125,Maharashtra,Maharashtra District 2,Commercial,Objection,280,180,10,0,2,2,42,0.132,3.0,278
1a4afb57,Maharashtra,Maharashtra District 3,Agricultural,Objection,245,145,35,0,4,4,6,0.275,12.0,222
b5697f67,Madhya Pradesh,Madhya Pradesh District 4,Residential,Compensation,312,132,22,0,3,39,43,0.273,7.0,138
f2e899b0,Tamil Nadu,Tamil Nadu District 1,Industrial,Notification,54,34,34,0,5,5,8,0.319,11.0,181
8088e4cd,Chhattisgarh,Chhattisgarh District 2,Agricultural,Compensation,324,144,18,1,5,13,61,0.305,5.0,290
aaa1711b,Haryana,Haryana District 3,Agricultural,Notification,52,32,32,0,5,3,0,0.235,11.0,165
f8f13f2c,Madhya Pradesh,Madhya Pradesh District 4,Agricultural,Compensation,245,65,39,1,7,57,10,0.322,14.0,111
e62813c6,Andhra Pradesh,Andhra Pradesh District 1,Agricultural,Compensation,301,121,24,0,4,11,20,0.151,8.0,174
68e6842d,Uttar Pradesh,Uttar Pradesh District 2,Agricultural,Possession,288,28,22,1,6,33,14,0.341,7.0,201
7d533910,Punjab,Punjab District 3,Industrial,Compensation,229,49,29,0,2,27,0,0.171,10.0,111
de8fcf38,West Bengal,West Bengal District 4,Industrial,Objection,122,22,23,1,4,5,10,0.385,8.0,165
655d1132,Punjab,Punjab District 1,Agricultural,Possession,286,26,14,1,2,1,12,0.189,5.0,187
01909f5a,Chhattisgarh,Chhattisgarh District 2,Industrial,Compensation,290,110,29,1,4,25,38,0.309,10.0,111
c988d98c,Madhya Pradesh,Madhya Pradesh District 3,Industrial,Objection,204,104,19,0,3,30,0,0.073,6.0,154
964ab796,Haryana,Haryana District 4,Agricultural,Notification,52,32,29,0,5,2,0,0.222,9.0,154
9e83b355,Andhra Pradesh,Andhra Pradesh District 1,Industrial,Compensation,314,134,27,0,3,37,44,0.263,9.0,181
e9ab0872,Punjab,Punjab District 2,Agricultural,Objection,280,180,33,0,5,32,37,0.161,11.0,138
d84293ba,Karnataka,Karnataka District 3,Agricultural,Compensation,328,148,30,0,3,22,54,0.185,10.0,111
b5518747,Bihar,Bihar District 4,Agricultural,Possession,288,28,24,0,4,33,4,0.179,8.0,197
cbaaa511,West Bengal,West Bengal District 1,Industrial,Compensation,294,114,27,0,2,37,16,0.234,9.0,187
ef52a481,Chhattisgarh,Chhattisgarh District 2,Residential,Notification,40,20,21,0,4,5,0,0.314,6.0,201
36b017b3,Punjab,Punjab District 3,Agricultural,Compensation,360,180,26,0,5,46,68,0.123,8.0,187
bfd231fe,Andhra Pradesh,Andhra Pradesh District 4,Agricultural,Possession,292,32,37,0,7,2,6,0.267,12.0,181
70b539fc,Rajasthan,Rajasthan District 1,Agricultural,Compensation,268,88,39,0,4,24,14,0.23,14.0,154
f49aa488,Tamil Nadu,Tamil Nadu District 2,Agricultural,Compensation,225,45,27,0,2,46,0,0.272,9.0,111
b8be623a,Chhattisgarh,Chhattisgarh District 3,Commercial,Notification,107,87,36,0,2,4,13,0.211,13.0,237
a3db615d,Tamil Nadu,Tamil Nadu District 4,Agricultural,Objection,135,35,13,0,2,2,0,0.139,4.0,111
95fedf6b,Haryana,Haryana District 1,Commercial,Compensation,206,26,24,0,4,65,0,0.169,8.0,201
b518dd64,Karnataka,Karnataka District 2,Agricultural,Possession,274,14,40,1,9,4,10,0.49,14.0,165
88529d4a,Chhattisgarh,Chhattisgarh District 3,Agricultural,Objection,280,180,20,0,4,3,80,0.226,6.0,340
db94b351,Tamil Nadu,Tamil Nadu District 4,Residential,Notification,40,20,24,0,3,5,0,0.269,8.0,111
3bbcf336,Maharashtra,Maharashtra District 1,Agricultural,Compensation,256,76,29,0,4,66,0,0.169,10.0,111
4a4f0111,Andhra Pradesh,Andhra Pradesh District 2,Residential,Notification,118,98,19,1,4,6,30,0.426,6.0,165
1b332886,Andhra Pradesh,Andhra Pradesh District 3,Industrial,Objection,170,70,22,1,5,1,26,0.288,7.0,257
f8f23393,West Bengal,West Bengal District 4,Commercial,Notification,118,98,18,1,3,5,30,0.374,6.0,174
b7e952af,Chhattisgarh,Chhattisgarh District 1,Agricultural,Notification,38,18,14,0,0,2,0,0.057,5.0,181
48467624,Chhattisgarh,Chhattisgarh District 2,Industrial,Compensation,229,49,27,0,3,11,0,0.149,9.0,154
8de00759,Haryana,Haryana District 3,Agricultural,Notification,107,87,18,0,3,2,13,0.172,5.0,111
5dde33a9,West Bengal,West Bengal District 4,Agricultural,Compensation,247,67,39,1,7,42,10,0.491,14.0,192
fa793674,Maharashtra,Maharashtra District 1,Commercial,Objection,197,97,7,0,1,2,0,0.117,2.0,111
44585168,Tamil Nadu,Tamil Nadu District 2,Commercial,Compensation,289,109,26,0,1,7,28,0.056,9.0,174
ed4be9fb,Tamil Nadu,Tamil Nadu District 3,Residential,Notification,113,93,18,1,6,5,27,0.454,5.0,201
8f9ef40c,Andhra Pradesh,Andhra Pradesh District 4,Agricultural,Compensation,284,104,42,0,5,15,24,0.21,15.0,276
bc0f599a,West Bengal,West Bengal District 1,Industrial,Notification,106,86,5,0,1,5,12,0.226,1.0,192
7585d49c,Punjab,Punjab District 2,Industrial,Compensation,262,82,15,0,4,23,10,0.205,4.0,165
20ac08ed,Tamil Nadu,Tamil Nadu District 3,Industrial,Objection,162,62,36,0,5,30,11,0.115,13.0,111
4dc4af0e,Maharashtra,Maharashtra District 4,Industrial,Notification,129,109,10,0,1,4,58,0.174,3.0,296
8e382297,Andhra Pradesh,Andhra Pradesh District 1,Agricultural,Notification,76,56,30,0,5,0,0,0.154,10.0,111
51d5019f,Rajasthan,Rajasthan District 2,Agricultural,Compensation,323,143,10,1,4,68,46,0.286,3.0,284
b123bf12,West Bengal,West Bengal District 3,Agricultural,Possession,291,31,21,0,4,4,6,0.256,6.0,197
e0b6eabb,Haryana,Haryana District 4,Industrial,Possession,280,20,24,0,3,1,0,0.108,8.0,111
92e62309,Madhya Pradesh,Madhya Pradesh District 1,Residential,Objection,141,41,15,0,4,4,0,0.24,4.0,111
00d4656b,Punjab,Punjab District 2,Industrial,Compensation,360,180,18,0,3,39,80,0.275,5.0,320
c5db5b8b,Punjab,Punjab District 3,Commercial,Compensation,339,159,26,0,3,11,46,0.135,9.0,281
40e3d124,Punjab,Punjab District 4,Agricultural,Compensation,301,121,11,1,3,28,46,0.316,3.0,111
ba8c249d,Maharashtra,Maharashtra District 1,Industrial,Objection,231,131,29,0,3,36,0,0.263,10.0,111
56f03196,Uttar Pradesh,Uttar Pradesh District 2,Agricultural,Notification,78,58,23,0,2,6,24,0.279,8.0,271
e0676875,West Bengal,West Bengal District 3,Industrial,Objection,121,21,19,0,5,3,0,0.232,5.0,181
308593f2,Tamil Nadu,Tamil Nadu District 4,Agricultural,Notification,64,44,22,0,3,5,0,0.271,7.0,197
c5d14df4,Andhra Pradesh,Andhra Pradesh District 1,Industrial,Notification,106,86,20,0,3,4,12,0.211,6.0,181
7dcf98a2,Haryana,Haryana District 2,Agricultural,Compensation,236,56,10,1,2,34,10,0.308,3.0,138
d34a377b,Karnataka,Karnataka District 3,Industrial,Compensation,319,139,31,0,4,87,48,0.283,11.0,197
e1033382,Punjab,Punjab District 4,Industrial,Objection,280,180,13,1,4,3,50,0.309,4.0,174
e87cafb6,Karnataka,Karnataka District 1,Agricultural,Compensation,244,64,22,0,3,0,0,0.088,7.0,165
ca4afd37,Maharashtra,Maharashtra District 2,Commercial,Objection,228,128,31,0,4,8,0,0.4,10.0,154
e8a131c6,Tamil Nadu,Tamil Nadu District 3,Agricultural,Compensation,234,54,24,0,4,48,0,0.083,8.0,154
dc418c79,Tamil Nadu,Tamil Nadu District 4,Industrial,Objection,144,44,14,0,0,4,0,0.131,5.0,187
517421fc,Tamil Nadu,Tamil Nadu District 1,Agricultural,Compensation,278,98,15,0,3,64,6,0.37,4.0,214
73432d90,Punjab,Punjab District 2,Industrial,Objection,152,52,20,0,4,33,5,0.17,6.0,181
d476328e,Chhattisgarh,Chhattisgarh District 3,Residential,Notification,46,26,10,0,1,2,2,0.121,3.0,154
d6c51664,Karnataka,Karnataka District 4,Agricultural,Notification,100,80,27,0,5,33,8,0.233,9.0,197
bdf987b6,Uttar Pradesh,Uttar Pradesh District 1,Agricultural,Notification,74,54,30,1,7,5,10,0.478,10.0,165
6d011567,Uttar Pradesh,Uttar Pradesh District 2,Industrial,Compensation,310,130,35,1,5,16,36,0.314,13.0,187
6ad679b1,Maharashtra,Maharashtra District 3,Agricultural,Compensation,226,46,23,0,2,0,0,0.061,8.0,165
05920772,Maharashtra,Maharashtra District 4,Agricultural,Objection,254,154,48,0,5,4,12,0.284,18.0,181
45247b31,Rajasthan,Rajasthan District 1,Agricultural,Notification,125,105,32,0,3,0,25,0.113,11.0,201
e6bed322,West Bengal,West Bengal District 2,Industrial,Objection,253,153,16,0,2,1,12,0.084,5.0,138
4cc30950,Maharashtra,Maharashtra District 3,Agricultural,Notification,116,96,24,0,3,2,49,0.133,8.0,298
c7a2ec1a,Karnataka,Karnataka District 4,Industrial,Objection,156,56,15,0,3,5,7,0.26,4.0,201
59f4abcc,Karnataka,Karnataka District 1,Agricultural,Notification,74,54,19,0,2,4,0,0.23,6.0,187
46a36495,Uttar Pradesh,Uttar Pradesh District 2,Industrial,Objection,144,44,23,0,1,30,0,0.02,8.0,138
204447dc,West Bengal,West Bengal District 3,Residential,Compensation,276,96,38,0,7,71,19,0.294,13.0,138
edff1036,West Bengal,West Bengal District 4,Commercial,Compensation,269,89,20,0,2,18,0,0.126,7.0,138
afb617b0,Bihar,Bihar District 1,Industrial,Notification,119,99,16,0,4,32,21,0.16,5.0,254
c8b61e41,Haryana,Haryana District 2,Agricultural,Possession,283,23,25,0,4,3,0,0.222,8.0,138
867dab48,Bihar,Bihar District 3,Industrial,Notification,110,90,34,0,5,1,15,0.178,11.0,240
c4a1a005,Maharashtra,Maharashtra District 4,Commercial,Notification,39,19,15,0,1,32,0,0.076,5.0,201
56b7b013,Chhattisgarh,Chhattisgarh District 1,Agricultural,Notification,30,10,19,1,3,4,10,0.351,6.0,165
75dfa483,Haryana,Haryana District 2,Industrial,Compensation,254,74,17,0,1,34,0,0.182,6.0,165
81fd62c0,Madhya Pradesh,Madhya Pradesh District 3,Industrial,Objection,150,50,33,0,5,4,4,0.295,11.0,138
e3590204,Andhra Pradesh,Andhra Pradesh District 4,Agricultural,Possession,275,15,16,0,1,5,0,0.186,5.0,192
51d0e56d,Chhattisgarh,Chhattisgarh District 1,Agricultural,Compensation,231,51,32,0,4,14,0,0.162,11.0,197
a76f9275,Karnataka,Karnataka District 2,Agricultural,Compensation,226,46,12,0,4,82,0,0.25,3.0,111
18e21bac,Chhattisgarh,Chhattisgarh District 3,Residential,Notification,140,120,14,0,1,0,35,0.034,4.0,192
14d5ae13,Andhra Pradesh,Andhra Pradesh District 4,Agricultural,Objection,134,34,19,0,4,5,0,0.277,6.0,201
b5b66712,Rajasthan,Rajasthan District 1,Industrial,Compensation,237,57,17,0,3,11,0,0.134,5.0,154
967ce00a,Uttar Pradesh,Uttar Pradesh District 2,Industrial,Notification,56,36,17,0,4,33,0,0.205,5.0,192
92c802b1,Bihar,Bihar District 3,Industrial,Possession,282,22,41,0,5,1,0,0.158,15.0,111
0f103955,Karnataka,Karnataka District 4,Agricultural,Possession,281,21,31,0,3,3,0,0.183,11.0,174
90a6691f,Tamil Nadu,Tamil Nadu District 1,Industrial,Compensation,310,130,7,0,2,41,26,0.233,2.0,174
16b765c0,Rajasthan,Rajasthan District 2,Agricultural,Compensation,269,89,15,1,6,76,10,0.367,4.0,111
7d7b88e9,Tamil Nadu,Tamil Nadu District 3,Industrial,Notification,38,18,13,0,3,4,0,0.234,3.0,111
872b0700,Tamil Nadu,Tamil Nadu District 4,Industrial,Compensation,287,107,30,0,3,22,12,0.189,10.0,236
4edcead1,Andhra Pradesh,Andhra Pradesh District 1,Agricultural,Objection,134,34,13,0,3,5,0,0.285,3.0,111
03682cd9,Rajasthan,Rajasthan District 2,Industrial,Notification,133,113,15,0,4,6,30,0.31,4.0,174
09686c0f,Punjab,Punjab District 3,Residential,Notification,38,18,19,0,1,3,0,0.163,6.0,111
d86af47c,Punjab,Punjab District 4,Agricultural,Notification,48,28,19,0,1,37,4,0.267,7.0,154
03400aec,Punjab,Punjab District 1,Industrial,Compensation,360,180,20,0,6,65,80,0.227,5.0,342
c401513a,Chhattisgarh,Chhattisgarh District 2,Industrial,Objection,168,68,16,0,2,5,15,0.232,5.0,251
719a23be,Chhattisgarh,Chhattisgarh District 3,Industrial,Possession,276,16,22,0,4,5,0,0.308,7.0,197
8bc05313,Uttar Pradesh,Uttar Pradesh District 4,Agricultural,Possession,305,45,18,0,2,6,15,0.298,6.0,111
21d4e17e,Tamil Nadu,Tamil Nadu District 1,Industrial,Notification,83,63,17,0,1,6,0,0.242,6.0,111
2c25f09b,Maharashtra,Maharashtra District 2,Agricultural,Objection,181,81,25,0,4,0,0,0.126,8.0,154
1da05865,Chhattisgarh,Chhattisgarh District 3,Agricultural,Compensation,209,29,35,0,9,66,0,0.309,11.0,111
4bc281a5,Punjab,Punjab District 4,Agricultural,Objection,280,180,28,1,3,2,80,0.281,10.0,326
9656395f,West Bengal,West Bengal District 1,Industrial,Possession,288,28,18,0,2,5,4,0.264,6.0,192
83fef18f,Rajasthan,Rajasthan District 2,Commercial,Objection,280,180,12,0,1,5,80,0.185,4.0,374
a75b808a,Haryana,Haryana District 3,Industrial,Notification,112,92,35,0,6,3,16,0.272,12.0,257
8b2d7f2e,Maharashtra,Maharashtra District 4,Commercial,Objection,244,144,41,1,9,33,16,0.424,14.0,192
3a9de016,Bihar,Bihar District 1,Agricultural,Notification,48,28,21,1,5,4,14,0.377,7.0,165
0377c14c,Madhya Pradesh,Madhya Pradesh District 2,Industrial,Objection,116,16,28,1,8,36,10,0.492,9.0,138
00662126,Bihar,Bihar District 3,Residential,Possession,283,23,9,0,2,5,0,0.258,2.0,165
5ec009fd,Maharashtra,Maharashtra District 4,Industrial,Objection,144,44,21,0,2,6,0,0.28,7.0,111
6c1b3cc3,Karnataka,Karnataka District 1,Industrial,Notification,40,20,9,1,3,0,10,0.178,3.0,111
23aa93fe,Uttar Pradesh,Uttar Pradesh District 2,Industrial,Possession,268,8,33,1,5,2,10,0.305,12.0,201
99646cc2,Karnataka,Karnataka District 3,Agricultural,Objection,238,138,26,0,4,4,2,0.275,8.0,165
92fb6c44,West Bengal,West Bengal District 4,Agricultural,Compensation,228,48,12,0,3,21,0,0.178,3.0,154
039eebd4,Maharashtra,Maharashtra District 1,Agricultural,Compensation,310,130,35,0,5,79,26,0.278,12.0,138
d81eb791,West Bengal,West Bengal District 2,Agricultural,Possession,298,38,21,0,3,0,10,0.098,7.0,192
bbedf0d2,Rajasthan,Rajasthan District 3,Agricultural,Compensation,360,180,10,0,1,19,80,0.12,3.0,330
0f68a675,Andhra Pradesh,Andhra Pradesh District 4,Industrial,Notification,30,9,10,0,1,3,0,0.143,3.0,138
21b319fe,Uttar Pradesh,Uttar Pradesh District 1,Agricultural,Compensation,360,180,13,0,1,0,80,0.024,4.0,306
be84ffc8,Haryana,Haryana District 2,Agricultural,Notification,51,31,41,0,7,31,0,0.218,14.0,181
0805643e,Rajasthan,Rajasthan District 3,Agricultural,Notification,61,41,25,0,4,0,12,0.121,8.0,239
e50e6d54,Punjab,Punjab District 4,Commercial,Notification,38,18,40,0,6,30,0,0.126,14.0,111
caf170af,Haryana,Haryana District 1,Agricultural,Notification,102,82,8,0,2,1,10,0.106,2.0,197
36d1800f,Karnataka,Karnataka District 2,Industrial,Objection,238,138,30,0,6,5,2,0.376,9.0,197
88fa0da2,West Bengal,West Bengal District 3,Industrial,Compensation,257,77,17,0,4,62,6,0.159,5.0,187
23a99624,Madhya Pradesh,Madhya Pradesh District 4,Commercial,Compensation,305,125,15,0,2,4,38,0.088,4.0,165
101b9238,Chhattisgarh,Chhattisgarh District 1,Industrial,Possession,328,68,26,0,3,5,30,0.256,9.0,285
e5c972da,Punjab,Punjab District 2,Industrial,Compensation,356,176,18,0,2,47,57,0.28,6.0,288
753a2f90,Chhattisgarh,Chhattisgarh District 3,Industrial,Notification,72,52,29,0,5,4,0,0.299,9.0,187
df74501e,Madhya Pradesh,Madhya Pradesh District 4,Agricultural,Objection,278,178,35,0,2,5,29,0.228,13.0,280
66fca5ea,Andhra Pradesh,Andhra Pradesh District 1,Industrial,Notification,102,82,17,0,2,5,10,0.222,5.0,237
a5e6bf64,Haryana,Haryana District 2,Residential,Compensation,326,146,32,0,5,0,37,0.129,11.0,279
360a1faf,Bihar,Bihar District 3,Agricultural,Objection,196,96,37,0,6,1,34,0.206,13.0,181
9110a7de,Rajasthan,Rajasthan District 4,Agricultural,Notification,32,12,10,1,3,2,10,0.264,3.0,111
f29e3f5e,Tamil Nadu,Tamil Nadu District 1,Residential,Notification,106,86,33,0,5,5,12,0.322,11.0,165
eabcd6f8,Chhattisgarh,Chhattisgarh District 2,Industrial,Objection,113,13,23,1,5,1,10,0.273,7.0,192
252f729e,Maharashtra,Maharashtra District 3,Agricultural,Possession,274,14,34,0,4,33,0,0.186,12.0,187
18cf1e2a,Maharashtra,Maharashtra District 4,Industrial,Objection,159,59,22,0,1,6,10,0.232,8.0,201
af638073,Haryana,Haryana District 1,Industrial,Notification,97,77,34,0,3,6,6,0.3,12.0,154
96ff3ef3,Haryana,Haryana District 2,Agricultural,Objection,280,180,31,1,5,30,40,0.224,11.0,284
f6ba449b,Haryana,Haryana District 3,Agricultural,Compensation,360,180,26,0,3,43,80,0.284,9.0,331
c0c3eb23,Bihar,Bihar District 4,Agricultural,Compensation,287,107,25,0,3,53,12,0.326,8.0,154
923cf756,Haryana,Haryana District 1,Residential,Notification,30,8,20,0,4,0,0,0.107,6.0,111
4d16549a,Uttar Pradesh,Uttar Pradesh District 2,Agricultural,Compensation,360,180,16,0,3,54,80,0.331,5.0,324
d7a5c53d,Chhattisgarh,Chhattisgarh District 3,Agricultural,Notification,74,54,12,1,4,7,31,0.459,3.0,255
4406f1db,Tamil Nadu,Tamil Nadu District 4,Industrial,Possession,285,25,23,0,3,2,2,0.183,7.0,197
fa307a84,Tamil Nadu,Tamil Nadu District 1,Commercial,Notification,48,28,20,0,3,0,4,0.076,6.0,181
0b6f32eb,Punjab,Punjab District 2,Commercial,Possession,283,23,5,0,0,3,0,0.127,2.0,138
2935b701,Haryana,Haryana District 3,Agricultural,Objection,214,114,14,0,1,0,46,0.033,4.0,292
146f06f5,Rajasthan,Rajasthan District 4,Industrial,Notification,60,40,44,0,7,6,0,0.414,16.0,138
d33f41f0,Tamil Nadu,Tamil Nadu District 1,Commercial,Objection,280,180,28,0,4,7,58,0.355,9.0,174
76cfb108,Maharashtra,Maharashtra District 2,Agricultural,Objection,280,180,35,1,7,32,58,0.331,12.0,174
9a2b5e78,Tamil Nadu,Tamil Nadu District 3,Commercial,Possession,306,46,22,0,2,0,16,0.06,7.0,256
9e5578f5,Haryana,Haryana District 4,Agricultural,Possession,279,19,34,0,5,32,0,0.191,12.0,187
8e42c01f,Punjab,Punjab District 1,Agricultural,Notification,39,19,25,0,4,2,0,0.185,8.0,111
9d0c8c4f,Maharashtra,Maharashtra District 2,Industrial,Notification,85,65,27,1,7,2,10,0.364,9.0,192
3e7e5432,Maharashtra,Maharashtra District 3,Agricultural,Possession,288,28,28,0,5,33,4,0.205,9.0,111
657c6eb7,Chhattisgarh,Chhattisgarh District 4,Commercial,Possession,306,46,10,0,0,2,16,0.071,3.0,201
88ed9d95,Madhya Pradesh,Madhya Pradesh District 1,Agricultural,Possession,298,38,36,0,4,0,10,0.114,13.0,154
d5ced432,Haryana,Haryana District 2,Industrial,Objection,188,88,16,0,4,2,0,0.173,4.0,111
e3908ff3,Rajasthan,Rajasthan District 3,Commercial,Notification,200,180,42,1,8,3,80,0.432,15.0,314
6279b26f,Chhattisgarh,Chhattisgarh District 4,Agricultural,Compensation,243,63,18,0,4,45,0,0.091,5.0,111
b8a880d1,Karnataka,Karnataka District 1,Agricultural,Objection,158,58,27,0,2,31,8,0.049,10.0,174
5d892874,Maharashtra,Maharashtra District 2,Industrial,Compensation,271,91,31,1,9,38,26,0.512,10.0,165
4834299b,Madhya Pradesh,Madhya Pradesh District 3,Commercial,Objection,167,67,25,0,4,1,14,0.14,8.0,201
9c9a5cff,Chhattisgarh,Chhattisgarh District 4,Agricultural,Possession,298,38,22,0,3,3,10,0.184,7.0,174
60c8b50e,Punjab,Punjab District 1,Commercial,Objection,192,92,33,0,3,3,31,0.202,12.0,273
9d90e4b8,Chhattisgarh,Chhattisgarh District 2,Agricultural,Objection,264,164,19,1,2,9,29,0.471,7.0,111
3745c142,Karnataka,Karnataka District 3,Agricultural,Compensation,201,21,31,0,3,0,0,0.09,11.0,111
83d58bc5,Bihar,Bihar District 4,Agricultural,Objection,236,136,16,0,2,2,0,0.132,5.0,138
0cd62da6,Andhra Pradesh,Andhra Pradesh District 1,Residential,Notification,46,26,8,0,2,1,2,0.091,2.0,174
daf5831d,Maharashtra,Maharashtra District 2,Industrial,Objection,280,180,41,0,8,34,80,0.328,14.0,313
835e4849,Maharashtra,Maharashtra District 3,Agricultural,Compensation,269,89,15,0,1,63,14,0.329,5.0,236
856839c1,Punjab,Punjab District 4,Commercial,Possession,274,14,34,0,6,1,0,0.221,11.0,111
7a4fb97e,Punjab,Punjab District 1,Industrial,Compensation,242,62,35,0,6,50,0,0.172,12.0,201
7f000565,West Bengal,West Bengal District 2,Commercial,Objection,280,180,25,1,7,34,80,0.423,8.0,154
8b17e2cc,Chhattisgarh,Chhattisgarh District 3,Agricultural,Objection,185,85,29,0,4,2,0,0.201,10.0,197
080c0523,Chhattisgarh,Chhattisgarh District 4,Industrial,Compensation,262,82,36,0,6,33,10,0.313,12.0,111
354a6cb0,Punjab,Punjab District 1,Industrial,Compensation,247,67,8,0,3,58,0,0.112,2.0,154
e4fc06ce,Bihar,Bihar District 2,Agricultural,Objection,149,49,21,0,3,4,2,0.248,7.0,174
36eafb0f,Maharashtra,Maharashtra District 3,Agricultural,Objection,130,30,28,0,4,0,0,0.1,9.0,138
8ef70bd6,Chhattisgarh,Chhattisgarh District 4,Agricultural,Possession,282,22,15,0,2,4,0,0.21,4.0,138
2db019a8,Tamil Nadu,Tamil Nadu District 1,Agricultural,Compensation,274,94,31,1,6,47,13,0.491,10.0,174
43a5538e,Punjab,Punjab District 2,Agricultural,Possession,312,52,28,0,3,2,20,0.157,10.0,256
f0f3adee,Bihar,Bihar District 3,Industrial,Compensation,232,52,21,0,2,57,0,0.315,7.0,192
9eb766b1,Karnataka,Karnataka District 4,Industrial,Compensation,252,72,23,0,3,38,0,0.273,7.0,111
e862d82d,Tamil Nadu,Tamil Nadu District 1,Industrial,Notification,55,35,15,0,3,7,0,0.344,4.0,165
1694ac0d,West Bengal,West Bengal District 2,Agricultural,Compensation,235,55,28,1,7,19,10,0.373,9.0,138
22168487,West Bengal,West Bengal District 3,Agricultural,Compensation,311,131,31,0,4,45,28,0.329,10.0,281
1cd7f579,Karnataka,Karnataka District 4,Agricultural,Possession,283,23,28,0,4,4,0,0.252,9.0,138
2bd7e833,West Bengal,West Bengal District 1,Agricultural,Objection,224,124,29,0,2,4,0,0.196,10.0,197
7da2540e,Karnataka,Karnataka District 2,Commercial,Objection,155,55,26,0,4,30,0,0.084,9.0,138
d2f0c264,Andhra Pradesh,Andhra Pradesh District 3,Agricultural,Notification,41,21,13,1,4,1,10,0.232,4.0,154
d8a85fa3,Uttar Pradesh,Uttar Pradesh District 4,Industrial,Compensation,262,82,19,0,2,6,0,0.097,6.0,111
c9f4e863,West Bengal,West Bengal District 1,Industrial,Compensation,360,180,24,1,6,0,80,0.251,8.0,313
252a5671,Uttar Pradesh,Uttar Pradesh District 2,Industrial,Notification,32,12,28,0,4,3,0,0.233,9.0,111
b23c00e5,Madhya Pradesh,Madhya Pradesh District 3,Industrial,Compensation,242,62,33,0,6,89,0,0.338,11.0,111
91ba2356,Chhattisgarh,Chhattisgarh District 4,Agricultural,Objection,280,180,24,0,5,1,61,0.178,7.0,154
17cf0557,Maharashtra,Maharashtra District 1,Agricultural,Notification,107,87,21,0,3,0,13,0.08,7.0,253
3428ca90,Punjab,Punjab District 2,Commercial,Compensation,320,140,14,0,3,35,33,0.254,4.0,287
f890b83e,West Bengal,West Bengal District 3,Agricultural,Objection,280,180,24,0,3,3,80,0.179,8.0,329
1ab59697,Maharashtra,Maharashtra District 4,Industrial,Notification,124,104,14,0,1,32,24,0.081,5.0,138
dc49cd7b,Karnataka,Karnataka District 1,Residential,Compensation,246,66,17,1,6,45,10,0.236,5.0,187
823aaf7b,Punjab,Punjab District 2,Industrial,Compensation,267,87,20,0,4,35,0,0.272,6.0,187
78070929,Andhra Pradesh,Andhra Pradesh District 3,Residential,Compensation,322,142,21,0,2,44,50,0.25,7.0,290
6d62cc62,Haryana,Haryana District 4,Industrial,Compensation,248,68,22,0,3,33,0,0.237,7.0,187
45169dd8,Karnataka,Karnataka District 1,Residential,Objection,129,29,32,0,3,4,0,0.262,11.0,201
d9b0d192,Maharashtra,Maharashtra District 2,Agricultural,Objection,226,126,36,0,7,4,0,0.325,12.0,197
42be587b,Punjab,Punjab District 3,Agricultural,Objection,165,65,27,0,2,4,14,0.21,9.0,201
e1e24776,Punjab,Punjab District 4,Commercial,Possession,274,14,16,0,4,6,0,0.348,4.0,138
b7620598,Tamil Nadu,Tamil Nadu District 1,Industrial,Objection,212,112,21,0,3,2,0,0.17,7.0,154
72a59a6b,West Bengal,West Bengal District 2,Industrial,Objection,280,180,14,0,1,35,80,0.171,5.0,316
15fadfce,Haryana,Haryana District 3,Agricultural,Notification,42,22,21,0,4,2,0,0.186,6.0,165
28d959b3,Maharashtra,Maharashtra District 4,Industrial,Compensation,360,180,23,0,2,22,70,0.165,8.0,307
5d77242b,Andhra Pradesh,Andhra Pradesh District 1,Agricultural,Compensation,284,104,21,0,3,63,24,0.135,7.0,197
93f8c9e7,Maharashtra,Maharashtra District 2,Agricultural,Objection,175,75,21,0,3,0,0,0.084,7.0,111
db61a4ef,Uttar Pradesh,Uttar Pradesh District 3,Commercial,Notification,30,10,13,0,3,5,0,0.257,3.0,181
5b4be8e8,West Bengal,West Bengal District 4,Agricultural,Possession,282,22,27,0,3,0,0,0.092,9.0,181
87a35642,Punjab,Punjab District 1,Residential,Compensation,360,180,19,0,3,78,68,0.216,6.0,138
31f9ca54,Chhattisgarh,Chhattisgarh District 2,Agricultural,Objection,263,163,34,0,3,2,18,0.147,12.0,165
f5b6bbd8,Bihar,Bihar District 3,Industrial,Notification,70,50,33,0,5,33,0,0.204,11.0,138
47e92317,Haryana,Haryana District 4,Commercial,Notification,62,42,16,0,3,33,13,0.152,5.0,165
ed5a2ae5,West Bengal,West Bengal District 1,Industrial,Objection,255,155,14,0,3,36,14,0.3,4.0,174
a7b3934f,West Bengal,West Bengal District 2,Industrial,Notification,48,28,22,0,3,4,0,0.233,7.0,174
9667b501,Tamil Nadu,Tamil Nadu District 3,Agricultural,Notification,122,102,46,0,6,2,23,0.226,17.0,187
ad915afc,Rajasthan,Rajasthan District 4,Residential,Notification,75,55,9,0,3,30,0,0.058,2.0,174
7771d28b,Haryana,Haryana District 1,Agricultural,Possession,287,27,9,0,2,36,3,0.23,3.0,165
b2dc7a5b,Bihar,Bihar District 2,Agricultural,Compensation,360,180,17,1,3,41,80,0.36,6.0,319
301db0d2,Madhya Pradesh,Madhya Pradesh District 3,Agricultural,Objection,155,55,10,0,0,3,6,0.108,3.0,211
98874e3a,Madhya Pradesh,Madhya Pradesh District 4,Agricultural,Objection,203,103,30,0,3,6,0,0.287,10.0,111
04950cf5,Karnataka,Karnataka District 1,Industrial,Notification,36,16,21,0,2,2,0,0.111,7.0,154
a40fa85d,Madhya Pradesh,Madhya Pradesh District 2,Agricultural,Compensation,236,56,39,1,5,4,10,0.257,14.0,111
cc5b5c8c,West Bengal,West Bengal District 3,Industrial,Objection,184,84,28,0,4,3,0,0.221,9.0,111
4187cc83,Rajasthan,Rajasthan District 4,Agricultural,Notification,106,86,40,0,4,4,12,0.269,14.0,165
dd11e4f2,Chhattisgarh,Chhattisgarh District 1,Agricultural,Possession,280,20,7,0,0,6,0,0.234,2.0,138
72ccabb7,Maharashtra,Maharashtra District 2,Industrial,Objection,280,180,42,0,6,0,46,0.17,15.0,174
8903e120,Uttar Pradesh,Uttar Pradesh District 3,Agricultural,Compensation,259,79,18,0,3,4,8,0.116,5.0,138
a62983bb,Haryana,Haryana District 4,Agricultural,Objection,280,180,18,0,3,33,34,0.187,6.0,181
566aabcc,West Bengal,West Bengal District 1,Agricultural,Objection,178,78,22,1,6,5,32,0.442,7.0,138
75ef602d,Chhattisgarh,Chhattisgarh District 2,Agricultural,Objection,277,177,18,0,2,3,28,0.16,6.0,154
a7e98c19,West Bengal,West Bengal District 3,Agricultural,Objection,128,28,31,0,4,2,0,0.183,10.0,181
dc647284,Haryana,Haryana District 4,Industrial,Notification,67,47,11,0,1,4,16,0.196,3.0,262
7d2b32a5,Uttar Pradesh,Uttar Pradesh District 1,Agricultural,Notification,122,102,22,0,2,0,23,0.054,7.0,138
e7bea040,Uttar Pradesh,Uttar Pradesh District 2,Industrial,Notification,121,101,36,0,6,4,22,0.312,12.0,271
2ca01412,Rajasthan,Rajasthan District 3,Agricultural,Compensation,319,139,15,0,4,5,48,0.128,4.0,154
3e4f051f,Chhattisgarh,Chhattisgarh District 4,Agricultural,Objection,280,180,7,0,3,33,80,0.139,2.0,302
fa8f52f0,Maharashtra,Maharashtra District 1,Agricultural,Objection,272,172,23,0,1,3,25,0.142,8.0,111
89e7054d,Bihar,Bihar District 2,Agricultural,Compensation,319,139,17,0,1,35,48,0.188,6.0,299
f63ba36c,Punjab,Punjab District 3,Industrial,Notification,94,74,25,0,5,2,34,0.199,8.0,278
83e7f7ec,Madhya Pradesh,Madhya Pradesh District 4,Agricultural,Notification,103,83,16,0,2,4,10,0.193,5.0,174
f2404c4f,West Bengal,West Bengal District 1,Agricultural,Objection,218,118,21,0,5,1,0,0.166,6.0,165
31eea940,West Bengal,West Bengal District 2,Residential,Compensation,294,114,36,0,5,10,31,0.174,13.0,111
4f637047,Madhya Pradesh,Madhya Pradesh District 3,Industrial,Notification,88,68,23,0,2,3,0,0.173,8.0,201
5972f4c9,Punjab,Punjab District 4,Agricultural,Objection,280,180,26,0,3,1,44,0.129,9.0,197
a136c442,Bihar,Bihar District 1,Residential,Possession,284,24,31,0,4,3,1,0.222,10.0,197
d1798822,Rajasthan,Rajasthan District 2,Agricultural,Notification,190,170,32,0,7,0,68,0.196,10.0,315
b75c98d7,Bihar,Bihar District 3,Industrial,Objection,142,42,16,1,7,37,10,0.528,4.0,154
98a54300,Karnataka,Karnataka District 4,Industrial,Compensation,274,94,23,0,3,38,3,0.272,7.0,201
499aa536,Madhya Pradesh,Madhya Pradesh District 1,Agricultural,Notification,49,29,11,0,2,0,4,0.044,3.0,154
70cb61d3,Maharashtra,Maharashtra District 2,Agricultural,Compensation,229,49,22,0,5,57,0,0.18,7.0,111
11410241,West Bengal,West Bengal District 3,Industrial,Objection,140,40,40,0,3,2,0,0.148,15.0,181
be26ea59,Madhya Pradesh,Madhya Pradesh District 4,Industrial,Compensation,220,40,20,0,1,36,0,0.206,7.0,201
68300ef8,Rajasthan,Rajasthan District 1,Commercial,Notification,151,131,39,0,8,3,42,0.339,13.0,278
a6d4c335,Bihar,Bihar District 2,Agricultural,Objection,264,164,34,0,4,0,20,0.109,12.0,181
f5965602,Maharashtra,Maharashtra District 3,Agricultural,Notification,40,20,25,0,4,4,0,0.254,8.0,165
ec4471c1,Tamil Nadu,Tamil Nadu District 4,Agricultural,Possession,279,19,20,0,0,6,0,0.244,7.0,192
3e392f39,Tamil Nadu,Tamil Nadu District 1,Agricultural,Objection,172,72,17,0,4,2,0,0.182,5.0,192
d7f961a8,Uttar Pradesh,Uttar Pradesh District 2,Agricultural,Possession,276,16,18,0,1,4,0,0.18,6.0,174
c9fb31c9,Bihar,Bihar District 3,Industrial,Compensation,217,37,27,0,2,23,0,0.172,9.0,174
31ef68fe,Tamil Nadu,Tamil Nadu District 4,Commercial,Possession,268,8,24,0,4,7,0,0.362,8.0,111
7a29c489,Punjab,Punjab District 1,Agricultural,Objection,182,82,24,0,2,1,0,0.108,8.0,192
3e71e0dd,Chhattisgarh,Chhattisgarh District 2,Industrial,Possession,317,57,24,0,4,2,23,0.191,8.0,273
dd72f321,Haryana,Haryana District 3,Agricultural,Objection,227,127,34,0,5,1,0,0.182,11.0,201
91aa079d,Madhya Pradesh,Madhya Pradesh District 4,Agricultural,Notification,45,25,31,0,4,3,2,0.233,10.0,154
8016c10d,Tamil Nadu,Tamil Nadu District 1,Agricultural,Notification,44,24,18,0,1,6,1,0.235,6.0,154
054e6f36,West Bengal,West Bengal District 2,Agricultural,Objection,259,159,16,0,3,2,16,0.139,5.0,247
305d3e8e,Punjab,Punjab District 3,Agricultural,Possession,295,35,18,1,6,4,18,0.423,5.0,138
5e2d44e9,Maharashtra,Maharashtra District 4,Industrial,Compensation,322,142,15,1,3,4,44,0.207,5.0,201
e21ec401,Tamil Nadu,Tamil Nadu District 1,Residential,Compensation,260,80,15,0,3,20,8,0.161,4.0,138
f544c3c7,Maharashtra,Maharashtra District 2,Agricultural,Compensation,258,78,21,0,3,81,0,0.218,7.0,111
dab123ab,Karnataka,Karnataka District 3,Commercial,Objection,248,148,23,0,1,2,9,0.098,8.0,165
5df71278,Haryana,Haryana District 4,Agricultural,Compensation,262,82,34,0,4,45,0,0.324,12.0,111
aafc95f6,Uttar Pradesh,Uttar Pradesh District 1,Agricultural,Objection,164,64,11,0,3,3,12,0.2,3.0,181
8fb39c5c,Karnataka,Karnataka District 2,Industrial,Compensation,351,171,22,0,3,20,54,0.183,7.0,138
a88f5e02,Uttar Pradesh,Uttar Pradesh District 3,Commercial,Objection,122,22,19,0,1,2,0,0.103,6.0,192
06a118d2,Maharashtra,Maharashtra District 4,Residential,Compensation,232,52,23,0,3,88,0,0.265,8.0,138
4c9238e2,Uttar Pradesh,Uttar Pradesh District 1,Agricultural,Compensation,334,154,36,0,4,12,58,0.178,13.0,295
f271ed86,Uttar Pradesh,Uttar Pradesh District 2,Agricultural,Compensation,208,28,15,0,4,68,0,0.178,4.0,181
18a3cc27,Bihar,Bihar District 3,Industrial,Possession,289,29,26,0,4,34,4,0.238,9.0,197
5684184a,Bihar,Bihar District 4,Industrial,Objection,161,61,9,0,2,30,10,0.026,3.0,234
c79efdb0,Madhya Pradesh,Madhya Pradesh District 1,Agricultural,Compensation,300,120,24,0,5,98,35,0.347,8.0,201
2e3cc300,Rajasthan,Rajasthan District 2,Agricultural,Notification,47,27,25,0,3,2,3,0.138,8.0,181
0efb45dd,West Bengal,West Bengal District 3,Agricultural,Notification,47,27,15,0,2,0,3,0.067,4.0,165
b07a1400,Karnataka,Karnataka District 4,Residential,Compensation,271,91,25,0,4,61,0,0.39,8.0,111
115c0a76,Maharashtra,Maharashtra District 1,Industrial,Notification,60,40,13,0,1,3,12,0.118,4.0,174
c3a121a7,Andhra Pradesh,Andhra Pradesh District 2,Industrial,Objection,280,180,15,1,3,5,80,0.356,5.0,315
c463a568,Madhya Pradesh,Madhya Pradesh District 3,Commercial,Objection,192,92,17,0,2,0,0,0.057,5.0,192
a1aef500,Rajasthan,Rajasthan District 4,Agricultural,Notification,72,52,21,0,2,4,0,0.181,7.0,165
4dede776,Chhattisgarh,Chhattisgarh District 1,Industrial,Notification,33,13,23,0,3,1,0,0.119,7.0,174
73ca725c,Maharashtra,Maharashtra District 2,Commercial,Objection,146,46,30,0,4,2,0,0.188,10.0,197
3bcc2f6f,Bihar,Bihar District 3,Agricultural,Notification,82,62,18,0,2,30,0,0.031,6.0,181
098d7a6c,Madhya Pradesh,Madhya Pradesh District 4,Commercial,Possession,294,34,14,0,2,4,8,0.208,4.0,181
62cb2002,Maharashtra,Maharashtra District 1,Industrial,Compensation,281,101,20,0,0,24,22,0.125,7.0,197
6f959b3c,Karnataka,Karnataka District 2,Agricultural,Notification,57,37,10,0,2,32,10,0.11,3.0,228
711e8c99,Rajasthan,Rajasthan District 3,Agricultural,Compensation,254,74,18,0,2,6,4,0.09,6.0,197
e2febfcc,Maharashtra,Maharashtra District 4,Commercial,Compensation,334,154,26,0,2,2,58,0.062,9.0,299
00f69142,Uttar Pradesh,Uttar Pradesh District 1,Residential,Objection,280,180,21,0,5,3,32,0.242,6.0,197
20376c38,Uttar Pradesh,Uttar Pradesh District 2,Agricultural,Notification,198,178,27,0,3,4,74,0.234,9.0,316
6d5f904e,Bihar,Bihar District 3,Commercial,Notification,108,88,24,1,6,0,24,0.251,8.0,111
88795ec4,Maharashtra,Maharashtra District 4,Industrial,Notification,174,154,11,1,5,5,68,0.406,3.0,306
9207657c,Haryana,Haryana District 1,Commercial,Notification,53,33,23,0,1,5,7,0.221,8.0,174
2ff4e6f2,West Bengal,West Bengal District 2,Commercial,Possession,271,11,38,0,4,0,0,0.108,14.0,174
8ad16f91,Karnataka,Karnataka District 3,Agricultural,Possession,274,14,26,0,5,6,0,0.364,8.0,165
a002be30,Tamil Nadu,Tamil Nadu District 4,Residential,Compensation,268,88,15,0,1,44,0,0.239,5.0,165
32b6834a,Punjab,Punjab District 1,Industrial,Notification,40,20,35,0,4,4,0,0.269,12.0,165
e0b4b70c,Karnataka,Karnataka District 2,Industrial,Compensation,238,58,29,0,2,0,0,0.047,10.0,181
6762d7bd,Bihar,Bihar District 3,Industrial,Objection,175,75,31,0,5,4,20,0.317,10.0,248
272e3dbc,Bihar,Bihar District 4,Agricultural,Compensation,217,37,22,0,5,40,0,0.336,6.0,165
f44512ad,Andhra Pradesh,Andhra Pradesh District 1,Agricultural,Notification,53,33,23,0,3,35,7,0.254,8.0,197
77f40e51,Rajasthan,Rajasthan District 2,Commercial,Objection,161,61,28,0,1,3,10,0.152,10.0,192
c7b1013b,Tamil Nadu,Tamil Nadu District 3,Agricultural,Objection,145,45,18,0,0,0,0,0.02,6.0,111
8d9c5759,Madhya Pradesh,Madhya Pradesh District 4,Agricultural,Compensation,360,180,29,0,4,32,80,0.255,10.0,323
16cc8788,Punjab,Punjab District 1,Residential,Objection,236,136,10,0,0,3,60,0.116,3.0,302
03873818,Andhra Pradesh,Andhra Pradesh District 2,Agricultural,Compensation,287,107,23,1,7,62,36,0.354,7.0,111
9ec1367f,Bihar,Bihar District 3,Residential,Possession,288,28,18,0,2,36,4,0.247,6.0,111
74067aee,Maharashtra,Maharashtra District 4,Commercial,Compensation,284,104,12,0,4,77,24,0.224,3.0,181
4d12d466,Chhattisgarh,Chhattisgarh District 1,Agricultural,Notification,66,46,7,0,2,0,0,0.055,2.0,201
6d4f3434,Bihar,Bihar District 2,Residential,Compensation,278,98,35,1,9,63,16,0.388,12.0,174
49c38984,Punjab,Punjab District 3,Industrial,Objection,132,32,33,0,6,5,0,0.349,11.0,111
fea0f10f,Rajasthan,Rajasthan District 4,Agricultural,Compensation,233,53,16,0,3,77,0,0.192,5.0,201
88f5aec3,Madhya Pradesh,Madhya Pradesh District 1,Agricultural,Objection,190,90,32,0,4,5,30,0.286,11.0,138
39ac3fbc,West Bengal,West Bengal District 2,Agricultural,Compensation,360,180,18,0,1,43,66,0.224,6.0,154
1c5ab6c8,Madhya Pradesh,Madhya Pradesh District 3,Agricultural,Notification,87,67,18,0,5,3,0,0.233,5.0,174
36247a23,Maharashtra,Maharashtra District 4,Industrial,Notification,59,39,7,0,3,33,11,0.172,2.0,230
cb4adaf8,Bihar,Bihar District 1,Residential,Objection,145,45,17,0,2,4,0,0.216,5.0,181
31e90e63,Chhattisgarh,Chhattisgarh District 2,Commercial,Notification,41,21,26,0,3,2,0,0.151,9.0,111
9bd3208a,Rajasthan,Rajasthan District 3,Agricultural,Notification,70,50,15,0,1,1,0,0.083,5.0,111
26d958db,Uttar Pradesh,Uttar Pradesh District 4,Industrial,Notification,36,16,7,0,0,1,0,0.032,2.0,111
4c7c55fd,Rajasthan,Rajasthan District 1,Agricultural,Compensation,225,45,22,0,3,11,0,0.142,7.0,181
8f15039c,Uttar Pradesh,Uttar Pradesh District 2,Commercial,Possession,276,16,10,0,3,35,0,0.252,3.0,174
a94567d9,Rajasthan,Rajasthan District 3,Agricultural,Possession,310,50,26,0,4,5,18,0.297,8.0,256
2f9be1b2,Andhra Pradesh,Andhra Pradesh District 4,Residential,Notification,77,57,40,0,6,3,0,0.276,14.0,174
f7cd42b6,Maharashtra,Maharashtra District 1,Commercial,Compensation,304,124,29,1,7,19,48,0.375,9.0,138
09b55024,Madhya Pradesh,Madhya Pradesh District 2,Agricultural,Compensation,267,87,18,0,0,17,0,0.077,6.0,111
5a717bb4,Punjab,Punjab District 3,Agricultural,Possession,275,15,20,0,3,2,0,0.13,6.0,174
607abd4f,Haryana,Haryana District 4,Agricultural,Possession,323,63,6,0,1,0,27,0.038,2.0,267
fe28606d,Uttar Pradesh,Uttar Pradesh District 1,Agricultural,Objection,179,79,21,0,3,4,22,0.228,7.0,257
3a58cf63,West Bengal,West Bengal District 2,Industrial,Notification,35,15,15,0,3,9,0,0.405,4.0,181
d75ee95c,Haryana,Haryana District 3,Agricultural,Possession,286,26,24,0,2,32,2,0.117,8.0,138
61486cca,Tamil Nadu,Tamil Nadu District 4,Agricultural,Notification,42,22,13,0,2,1,0,0.102,4.0,138
c5b0821b,Punjab,Punjab District 1,Agricultural,Possession,278,18,20,0,4,33,0,0.2,6.0,201
1cc48196,Karnataka,Karnataka District 2,Industrial,Notification,55,35,27,1,6,4,18,0.409,9.0,192
2182b242,Bihar,Bihar District 3,Agricultural,Notification,67,47,27,1,7,32,10,0.361,9.0,192
1022ac7c,Punjab,Punjab District 4,Residential,Objection,207,107,27,0,0,3,0,0.101,10.0,187
0da444f7,Chhattisgarh,Chhattisgarh District 1,Agricultural,Notification,113,93,23,0,2,0,17,0.063,8.0,138
9269cc26,Haryana,Haryana District 2,Industrial,Compensation,251,71,19,0,2,20,0,0.163,6.0,181
9ee0d11b,Maharashtra,Maharashtra District 3,Industrial,Notification,35,15,23,0,1,34,0,0.131,8.0,111
2aa25555,West Bengal,West Bengal District 4,Agricultural,Notification,42,22,28,0,3,33,0,0.18,10.0,187
5741cb53,West Bengal,West Bengal District 1,Commercial,Notification,30,10,33,0,6,35,0,0.322,11.0,187
2568c36d,Punjab,Punjab District 2,Industrial,Objection,228,128,33,0,4,0,56,0.107,11.0,302
63fe8c54,Madhya Pradesh,Madhya Pradesh District 3,Agricultural,Objection,115,15,16,0,3,1,0,0.099,5.0,154
14883e15,Madhya Pradesh,Madhya Pradesh District 4,Residential,Compensation,314,134,21,0,2,25,44,0.168,7.0,181
8b7901e7,Tamil Nadu,Tamil Nadu District 1,Industrial,Compensation,232,52,35,0,7,38,0,0.361,11.0,201
61e5139f,West Bengal,West Bengal District 2,Residential,Compensation,352,172,6,0,1,21,70,0.131,2.0,305
8a15a283,Maharashtra,Maharashtra District 3,Industrial,Notification,52,32,24,1,4,31,16,0.247,8.0,181
4050a500,Haryana,Haryana District 4,Industrial,Objection,129,29,14,0,2,1,0,0.106,4.0,181
ba949e21,Chhattisgarh,Chhattisgarh District 1,Industrial,Objection,138,38,46,0,7,3,0,0.324,16.0,197
967623f5,Karnataka,Karnataka District 2,Industrial,Compensation,203,23,25,0,3,46,0,0.29,8.0,187
31524e56,Uttar Pradesh,Uttar Pradesh District 3,Industrial,Objection,165,65,28,0,2,0,14,0.068,10.0,201
ddc35374,Chhattisgarh,Chhattisgarh District 4,Agricultural,Possession,316,56,28,0,4,6,22,0.329,9.0,271
ae823f84,Andhra Pradesh,Andhra Pradesh District 1,Commercial,Objection,138,38,26,0,3,5,0,0.287,9.0,165
79fe57f5,Tamil Nadu,Tamil Nadu District 2,Agricultural,Notification,91,71,25,0,3,0,2,0.094,8.0,197
0b5e552c,Chhattisgarh,Chhattisgarh District 3,Residential,Possession,288,28,21,0,3,2,4,0.163,7.0,197
4f3ea4d9,Andhra Pradesh,Andhra Pradesh District 4,Industrial,Objection,196,96,27,0,3,4,34,0.258,9.0,192
40e227a6,Karnataka,Karnataka District 1,Agricultural,Notification,78,58,28,0,5,6,24,0.351,9.0,273
6fb2ed04,Karnataka,Karnataka District 2,Commercial,Objection,134,34,19,0,1,2,0,0.108,6.0,111
7f2798e0,Uttar Pradesh,Uttar Pradesh District 3,Residential,Compensation,218,38,26,0,3,10,0,0.135,9.0,111
85191935,Maharashtra,Maharashtra District 4,Residential,Objection,280,180,35,1,7,0,80,0.313,12.0,192
cee84c30,Haryana,Haryana District 1,Industrial,Objection,146,46,29,1,7,3,10,0.419,9.0,197
40279320,Rajasthan,Rajasthan District 2,Industrial,Objection,280,180,28,1,7,6,80,0.508,9.0,181
abfb2249,Andhra Pradesh,Andhra Pradesh District 3,Industrial,Objection,141,41,18,0,1,2,0,0.12,6.0,138
82175873,Tamil Nadu,Tamil Nadu District 4,Industrial,Compensation,271,91,41,0,6,40,0,0.349,14.0,192
0ee6c0e7,Uttar Pradesh,Uttar Pradesh District 1,Industrial,Compensation,263,83,36,1,9,2,10,0.347,12.0,165
b8541e48,West Bengal,West Bengal District 2,Agricultural,Possession,268,8,25,0,2,1,0,0.097,9.0,197
b3ecd9ff,Maharashtra,Maharashtra District 3,Agricultural,Possession,279,19,19,0,2,4,0,0.226,6.0,197
15b0c768,Tamil Nadu,Tamil Nadu District 4,Agricultural,Possession,280,20,21,0,3,10,0,0.442,7.0,181
e75c91ea,Rajasthan,Rajasthan District 1,Agricultural,Compensation,267,87,14,0,2,23,0,0.169,4.0,111
30da61e1,Haryana,Haryana District 2,Industrial,Possession,297,37,30,0,2,0,10,0.052,11.0,165
5ae5f4c7,Madhya Pradesh,Madhya Pradesh District 3,Agricultural,Objection,130,30,33,1,7,4,10,0.427,11.0,111
c328ec96,Punjab,Punjab District 4,Residential,Objection,137,37,26,0,3,1,0,0.135,9.0,111
48da70b8,West Bengal,West Bengal District 1,Industrial,Compensation,301,121,16,1,4,40,30,0.377,5.0,154
c5fba17a,Punjab,Punjab District 2,Agricultural,Notification,159,139,13,0,4,32,48,0.176,3.0,289
fdfaf158,Punjab,Punjab District 3,Agricultural,Compensation,270,90,16,0,2,24,15,0.158,5.0,138
dcc73126,Karnataka,Karnataka District 4,Industrial,Objection,242,142,34,0,4,5,4,0.292,12.0,138
72c59db2,Punjab,Punjab District 1,Agricultural,Notification,40,20,33,0,6,5,0,0.362,11.0,192
f823cfa9,Tamil Nadu,Tamil Nadu District 2,Residential,Compensation,338,158,31,0,7,40,60,0.373,10.0,293
5d571ee6,Tamil Nadu,Tamil Nadu District 3,Agricultural,Objection,219,119,32,0,5,2,0,0.201,11.0,187
d30dfaa2,Andhra Pradesh,Andhra Pradesh District 4,Industrial,Compensation,265,85,9,0,2,7,0,0.089,2.0,187
aff9ff7d,Tamil Nadu,Tamil Nadu District 1,Industrial,Compensation,317,137,23,0,3,29,46,0.233,7.0,288
d2598e8d,Rajasthan,Rajasthan District 2,Agricultural,Objection,280,180,18,0,2,3,62,0.158,6.0,187
98633d67,Madhya Pradesh,Madhya Pradesh District 3,Residential,Objection,280,180,16,0,1,4,80,0.167,5.0,352
2f500763,Madhya Pradesh,Madhya Pradesh District 4,Industrial,Notification,96,76,36,0,7,33,6,0.265,12.0,174
1339116d,Haryana,Haryana District 1,Residential,Compensation,254,74,33,0,4,51,0,0.344,11.0,111
ac8e3f27,Tamil Nadu,Tamil Nadu District 2,Agricultural,Notification,84,64,30,0,4,2,0,0.189,10.0,111
64d53de3,Tamil Nadu,Tamil Nadu District 3,Residential,Compensation,218,38,35,0,4,38,0,0.296,12.0,111
2708963c,Maharashtra,Maharashtra District 4,Industrial,Possession,300,40,17,0,3,5,12,0.284,5.0,239
975e857d,Karnataka,Karnataka District 1,Commercial,Compensation,360,180,34,0,5,39,80,0.329,11.0,317
72627d8a,Chhattisgarh,Chhattisgarh District 2,Agricultural,Notification,38,18,10,0,2,0,0,0.067,3.0,181
cd1a9b99,Chhattisgarh,Chhattisgarh District 3,Industrial,Compensation,231,51,32,0,4,59,0,0.163,11.0,165
870df9ac,West Bengal,West Bengal District 4,Agricultural,Notification,60,40,15,0,4,32,0,0.148,4.0,154
3de18981,Bihar,Bihar District 1,Residential,Compensation,360,180,24,0,3,19,80,0.162,8.0,353
a518951f,Rajasthan,Rajasthan District 2,Industrial,Objection,142,42,20,0,3,3,0,0.18,6.0,187
b76d8f73,Punjab,Punjab District 3,Industrial,Notification,40,20,19,0,4,0,0,0.101,6.0,111
03050560,Uttar Pradesh,Uttar Pradesh District 4,Agricultural,Possession,279,19,21,1,6,1,10,0.318,6.0,181
2780b1a4,Madhya Pradesh,Madhya Pradesh District 1,Agricultural,Notification,168,148,20,0,3,3,54,0.18,6.0,287
db4b6aff,Haryana,Haryana District 2,Agricultural,Compensation,281,101,23,0,2,19,8,0.154,8.0,222
a9f9f977,Uttar Pradesh,Uttar Pradesh District 3,Agricultural,Compensation,235,55,35,0,5,20,0,0.247,12.0,111
71252dc4,Tamil Nadu,Tamil Nadu District 4,Industrial,Notification,143,123,28,0,4,4,37,0.246,9.0,201
e74d0c01,Haryana,Haryana District 1,Agricultural,Objection,158,58,24,0,5,2,9,0.226,7.0,181
794024b5,Chhattisgarh,Chhattisgarh District 2,Agricultural,Compensation,250,70,24,0,3,33,0,0.228,8.0,201
f6bdf132,Karnataka,Karnataka District 3,Industrial,Compensation,232,52,23,0,3,56,0,0.352,7.0,111
c8bb507a,Maharashtra,Maharashtra District 4,Agricultural,Objection,115,15,38,1,6,3,10,0.385,14.0,111
f79cbde3,Andhra Pradesh,Andhra Pradesh District 1,Industrial,Possession,271,11,23,0,3,1,0,0.126,7.0,111
41cde6a3,Karnataka,Karnataka District 2,Industrial,Notification,54,34,21,0,1,3,8,0.137,7.0,174
94aaa038,Tamil Nadu,Tamil Nadu District 3,Agricultural,Possession,273,13,20,0,1,4,0,0.181,7.0,187
494c50c9,Haryana,Haryana District 4,Agricultural,Compensation,232,52,11,0,3,18,0,0.155,3.0,111
9963c8c5,Maharashtra,Maharashtra District 1,Residential,Notification,190,170,16,0,0,2,68,0.079,5.0,295
5c364a95,Uttar Pradesh,Uttar Pradesh District 2,Industrial,Objection,139,39,21,1,5,2,10,0.295,7.0,111
00e750c0,Madhya Pradesh,Madhya Pradesh District 3,Agricultural,Objection,140,40,22,0,3,3,0,0.2,7.0,154
f49b4704,Uttar Pradesh,Uttar Pradesh District 4,Commercial,Possession,280,20,24,0,5,33,0,0.211,8.0,192
5e124a1c,Maharashtra,Maharashtra District 1,Agricultural,Compensation,225,45,19,0,4,7,0,0.136,6.0,174
0711d5ce,Karnataka,Karnataka District 2,Industrial,Notification,59,39,24,0,3,0,11,0.074,8.0,228
b5ee7b8f,Andhra Pradesh,Andhra Pradesh District 3,Agricultural,Compensation,357,177,30,0,4,16,58,0.194,10.0,174
b2d4acbc,Uttar Pradesh,Uttar Pradesh District 4,Industrial,Compensation,226,46,21,0,3,45,0,0.293,7.0,111
82a1b1e3,Bihar,Bihar District 1,Agricultural,Notification,71,51,10,0,2,4,0,0.221,3.0,138
44a3cd3e,Maharashtra,Maharashtra District 2,Commercial,Compensation,242,62,21,0,3,19,0,0.167,7.0,201
4149dd0e,West Bengal,West Bengal District 3,Commercial,Compensation,224,44,28,0,7,75,0,0.304,9.0,111
c800a569,Punjab,Punjab District 4,Agricultural,Possession,270,10,24,1,5,1,10,0.257,8.0,154
eed06cd9,Maharashtra,Maharashtra District 1,Commercial,Notification,62,42,7,0,2,34,0,0.175,2.0,192
98aa2611,Karnataka,Karnataka District 2,Industrial,Compensation,270,90,5,0,0,16,15,0.073,2.0,154
05e1ec3d,Uttar Pradesh,Uttar Pradesh District 3,Agricultural,Objection,276,176,45,0,6,4,27,0.317,16.0,259
cf0aa040,Uttar Pradesh,Uttar Pradesh District 4,Agricultural,Objection,144,44,31,1,6,3,10,0.365,10.0,138
6637f7ee,West Bengal,West Bengal District 1,Commercial,Notification,75,55,25,0,2,0,0,0.051,9.0,111
7c430187,Karnataka,Karnataka District 2,Industrial,Objection,183,83,11,0,1,33,26,0.135,4.0,265
64c66e54,Maharashtra,Maharashtra District 3,Agricultural,Compensation,215,35,17,0,3,23,0,0.188,5.0,154
2f5500b1,Tamil Nadu,Tamil Nadu District 4,Agricultural,Possession,271,11,24,0,2,3,0,0.17,8.0,197
8f4f250a,West Bengal,West Bengal District 1,Agricultural,Objection,180,80,28,0,2,5,0,0.259,10.0,154
778eb5fd,Rajasthan,Rajasthan District 2,Agricultural,Possession,286,26,37,0,6,31,2,0.181,13.0,154
5c181c08,Andhra Pradesh,Andhra Pradesh District 3,Agricultural,Notification,35,15,32,0,3,0,0,0.098,11.0,138
46c8da11,Haryana,Haryana District 4,Agricultural,Compensation,214,34,14,0,2,36,0,0.228,4.0,187
eed9a258,Punjab,Punjab District 1,Agricultural,Notification,60,40,20,1,6,3,22,0.383,6.0,236
6c7fd558,Chhattisgarh,Chhattisgarh District 2,Industrial,Objection,121,21,30,0,5,4,0,0.301,10.0,111
b25b99d3,Bihar,Bihar District 3,Agricultural,Notification,147,127,16,0,2,6,40,0.267,5.0,165
ffd06505,Rajasthan,Rajasthan District 4,Residential,Objection,156,56,21,0,3,3,7,0.212,7.0,187
293426fd,Karnataka,Karnataka District 1,Agricultural,Compensation,207,27,38,0,4,0,0,0.114,14.0,138
f02475e3,Bihar,Bihar District 2,Agricultural,Possession,287,27,15,1,4,4,13,0.377,4.0,201
3b0828eb,Chhattisgarh,Chhattisgarh District 3,Agricultural,Compensation,232,52,23,0,3,0,0,0.096,7.0,111
dfb70274,Uttar Pradesh,Uttar Pradesh District 4,Agricultural,Compensation,226,46,18,0,2,16,0,0.133,6.0,154
6e93abae,Chhattisgarh,Chhattisgarh District 1,Industrial,Compensation,303,123,30,0,3,29,22,0.214,10.0,197
3627ab38,Uttar Pradesh,Uttar Pradesh District 2,Agricultural,Compensation,248,68,29,0,6,91,0,0.356,9.0,111
24f4b521,Maharashtra,Maharashtra District 3,Industrial,Possession,278,18,5,0,1,2,0,0.09,1.0,111
f971c665,Andhra Pradesh,Andhra Pradesh District 4,Agricultural,Compensation,235,55,15,0,4,10,0,0.148,4.0,111
5e664d7c,Tamil Nadu,Tamil Nadu District 1,Industrial,Objection,124,24,26,0,3,4,0,0.253,9.0,192
2b477372,Rajasthan,Rajasthan District 2,Agricultural,Objection,117,17,21,0,3,3,0,0.21,7.0,154
27a260ad,West Bengal,West Bengal District 3,Agricultural,Compensation,302,122,30,0,7,45,22,0.18,9.0,258
85f85255,Tamil Nadu,Tamil Nadu District 4,Residential,Notification,72,52,21,0,2,0,0,0.059,7.0,197
600d5315,Punjab,Punjab District 1,Commercial,Notification,102,82,10,1,2,0,20,0.15,3.0,154
e8d091ee,Madhya Pradesh,Madhya Pradesh District 2,Industrial,Compensation,246,66,23,0,6,66,0,0.222,7.0,187
d10bcce0,Bihar,Bihar District 3,Agricultural,Compensation,236,56,15,1,3,28,10,0.321,5.0,201
d952d916,Karnataka,Karnataka District 4,Residential,Notification,70,50,21,1,6,2,10,0.35,6.0,111
4a45d5c0,Uttar Pradesh,Uttar Pradesh District 1,Industrial,Objection,127,27,31,1,5,3,10,0.35,11.0,197
e5799d27,Madhya Pradesh,Madhya Pradesh District 2,Agricultural,Objection,280,180,37,0,7,36,38,0.386,13.0,111
f0e0b42e,West Bengal,West Bengal District 3,Residential,Notification,45,25,22,1,5,6,12,0.453,7.0,187
793fe726,Andhra Pradesh,Andhra Pradesh District 4,Industrial,Possession,274,14,32,0,1,2,0,0.104,12.0,174
2c27cdc9,Bihar,Bihar District 1,Industrial,Possession,280,20,27,0,0,3,0,0.102,10.0,111
e68da295,Haryana,Haryana District 2,Agricultural,Notification,73,53,46,0,6,2,0,0.24,17.0,111
972f2380,Chhattisgarh,Chhattisgarh District 3,Agricultural,Notification,58,38,13,0,2,2,10,0.117,4.0,236
cccf9a08,Bihar,Bihar District 4,Commercial,Possession,280,20,26,1,8,33,10,0.411,8.0,197
b8e30857,Karnataka,Karnataka District 1,Agricultural,Notification,44,24,21,0,5,4,1,0.31,6.0,197
3529794a,Punjab,Punjab District 2,Agricultural,Compensation,350,170,26,0,3,21,53,0.188,9.0,302
dcc23879,Uttar Pradesh,Uttar Pradesh District 3,Residential,Notification,112,92,20,0,4,3,16,0.23,6.0,192
c658a307,Punjab,Punjab District 4,Industrial,Compensation,360,180,14,0,3,81,80,0.233,4.0,323
3c1eb623,Chhattisgarh,Chhattisgarh District 1,Agricultural,Compensation,247,67,33,0,4,53,0,0.347,11.0,111
b69a3529,West Bengal,West Bengal District 2,Industrial,Possession,274,14,18,1,4,4,10,0.357,6.0,174
d597cce4,Punjab,Punjab District 3,Industrial,Notification,44,24,31,0,4,6,1,0.341,10.0,174
bad529ca,Andhra Pradesh,Andhra Pradesh District 4,Agricultural,Objection,246,146,40,1,9,6,18,0.549,14.0,187
83ea5ffb,Bihar,Bihar District 1,Agricultural,Compensation,291,111,20,0,4,22,14,0.205,6.0,138
9bb6aa15,Andhra Pradesh,Andhra Pradesh District 2,Residential,Compensation,212,32,16,0,2,40,0,0.229,5.0,187
1090bccd,Maharashtra,Maharashtra District 3,Industrial,Compensation,241,61,32,0,5,0,0,0.132,11.0,111
ed326552,Karnataka,Karnataka District 4,Agricultural,Possession,272,12,16,0,2,36,0,0.23,5.0,197
545c26e8,Punjab,Punjab District 1,Agricultural,Compensation,260,80,34,0,6,13,0,0.242,11.0,201
cbcd6e2a,Maharashtra,Maharashtra District 2,Agricultural,Objection,176,76,27,1,5,0,31,0.246,9.0,165
ed9215fb,Andhra Pradesh,Andhra Pradesh District 3,Residential,Objection,142,42,18,0,2,0,0,0.059,6.0,111
c6dab4fc,Maharashtra,Maharashtra District 4,Residential,Compensation,235,55,17,0,2,0,0,0.056,5.0,154
dcca6471,Maharashtra,Maharashtra District 1,Agricultural,Notification,48,28,24,1,7,34,14,0.389,8.0,138
4c2e263b,Karnataka,Karnataka District 2,Commercial,Objection,216,116,36,0,4,1,0,0.152,13.0,197
a12bfdab,Andhra Pradesh,Andhra Pradesh District 3,Agricultural,Compensation,266,86,31,0,3,55,12,0.346,11.0,249
feb05fea,Madhya Pradesh,Madhya Pradesh District 4,Residential,Compensation,360,180,29,0,5,46,78,0.109,10.0,318
645ed1c4,Haryana,Haryana District 1,Commercial,Notification,46,26,26,1,4,8,12,0.506,9.0,192
41e96021,Tamil Nadu,Tamil Nadu District 2,Industrial,Objection,143,43,14,0,2,30,0,0.05,4.0,187
7f481377,West Bengal,West Bengal District 3,Industrial,Possession,287,27,6,0,1,3,3,0.159,2.0,197
deab595b,Punjab,Punjab District 4,Agricultural,Objection,280,180,24,0,5,5,50,0.3,7.0,165
abb62512,Karnataka,Karnataka District 1,Industrial,Possession,274,14,29,0,4,3,0,0.222,10.0,181
cb70de2d,Haryana,Haryana District 2,Agricultural,Compensation,332,152,20,1,5,16,66,0.302,6.0,299
bbeaabad,Rajasthan,Rajasthan District 3,Agricultural,Compensation,268,88,38,0,4,49,0,0.336,14.0,111
f1f93f1d,Madhya Pradesh,Madhya Pradesh District 4,Agricultural,Notification,46,26,29,0,5,3,2,0.259,9.0,111
c501c9a9,Andhra Pradesh,Andhra Pradesh District 1,Commercial,Compensation,359,179,21,0,3,31,60,0.223,7.0,192
bb72bf03,Maharashtra,Maharashtra District 2,Residential,Possession,315,55,19,0,1,4,22,0.193,6.0,268
f84cc382,Karnataka,Karnataka District 3,Agricultural,Possession,273,13,22,0,3,1,0,0.109,7.0,111
bcff96ee,Andhra Pradesh,Andhra Pradesh District 4,Agricultural,Notification,52,32,12,1,3,7,16,0.416,4.0,165
b6db7d08,Tamil Nadu,Tamil Nadu District 1,Industrial,Compensation,221,41,16,1,6,51,10,0.255,5.0,111
cc94b538,Punjab,Punjab District 2,Industrial,Notification,48,28,18,0,4,37,0,0.34,5.0,192
0108d949,Punjab,Punjab District 3,Residential,Objection,134,34,18,0,2,3,0,0.158,6.0,111
96e50705,Bihar,Bihar District 4,Agricultural,Compensation,360,180,26,0,5,0,64,0.148,8.0,111
361ea90e,Tamil Nadu,Tamil Nadu District 1,Commercial,Objection,150,50,28,0,2,32,0,0.104,10.0,187
c44986fe,Haryana,Haryana District 2,Commercial,Compensation,230,50,36,0,7,99,0,0.415,12.0,111
a482d10e,West Bengal,West Bengal District 3,Industrial,Possession,278,18,19,1,6,34,10,0.404,6.0,111
ea80a614,West Bengal,West Bengal District 4,Agricultural,Objection,216,116,31,0,4,1,0,0.143,10.0,111
6c676cce,Chhattisgarh,Chhattisgarh District 1,Industrial,Objection,170,70,24,0,5,1,0,0.186,7.0,181
b777a511,Madhya Pradesh,Madhya Pradesh District 2,Industrial,Compensation,275,95,14,1,4,92,28,0.394,4.0,165
499e3a95,Rajasthan,Rajasthan District 3,Commercial,Compensation,253,73,24,0,4,37,0,0.275,8.0,197
c18488ba,Haryana,Haryana District 4,Commercial,Objection,206,106,18,0,2,3,0,0.186,6.0,192
9568fc5b,Haryana,Haryana District 1,Commercial,Compensation,206,26,19,0,1,24,0,0.143,6.0,165
72156dcf,Punjab,Punjab District 2,Residential,Notification,150,130,23,0,5,4,42,0.282,7.0,174
92c50e8a,West Bengal,West Bengal District 3,Residential,Notification,58,38,26,0,5,0,0,0.169,8.0,197
e4e6b85a,Bihar,Bihar District 4,Industrial,Objection,280,180,30,0,3,5,59,0.268,10.0,174
7f421544,West Bengal,West Bengal District 1,Residential,Notification,49,29,27,0,3,2,4,0.168,9.0,138
66e65de0,Karnataka,Karnataka District 2,Agricultural,Notification,118,98,20,0,3,5,20,0.255,6.0,261
2ada8c20,Tamil Nadu,Tamil Nadu District 3,Agricultural,Objection,144,44,31,0,5,3,0,0.269,10.0,187
29a20a62,Andhra Pradesh,Andhra Pradesh District 4,Industrial,Objection,244,144,20,0,5,2,6,0.221,5.0,111
c1a3b024,Andhra Pradesh,Andhra Pradesh District 1,Agricultural,Objection,248,148,18,0,1,4,8,0.171,6.0,228
3a392afb,Madhya Pradesh,Madhya Pradesh District 2,Industrial,Compensation,280,100,20,0,6,101,6,0.4,5.0,174
56ae0773,Rajasthan,Rajasthan District 3,Agricultural,Notification,57,37,22,0,1,0,10,0.025,8.0,174
eaf1a18e,Tamil Nadu,Tamil Nadu District 4,Agricultural,Objection,117,17,31,0,2,2,0,0.125,11.0,111
a6b6aec9,Uttar Pradesh,Uttar Pradesh District 1,Residential,Notification,108,88,14,1,3,5,24,0.353,4.0,187
89b95946,Uttar Pradesh,Uttar Pradesh District 2,Agricultural,Objection,280,180,16,0,0,4,80,0.172,5.0,325
417093c6,Karnataka,Karnataka District 3,Agricultural,Compensation,245,65,29,0,4,31,0,0.254,10.0,197
adb1a49a,Madhya Pradesh,Madhya Pradesh District 4,Industrial,Notification,112,92,30,1,9,35,26,0.529,9.0,154
ae3ccb8c,Bihar,Bihar District 1,Industrial,Compensation,203,23,29,1,5,46,10,0.443,10.0,111
fa0f9eed,Madhya Pradesh,Madhya Pradesh District 2,Commercial,Compensation,264,84,25,0,2,31,11,0.193,9.0,154
01cd21a9,Haryana,Haryana District 3,Industrial,Possession,272,12,8,0,1,0,0,0.02,2.0,197
884b5f73,Tamil Nadu,Tamil Nadu District 4,Agricultural,Possession,276,16,25,0,3,5,0,0.25,8.0,165
7029f0dc,Rajasthan,Rajasthan District 1,Agricultural,Objection,180,80,22,0,2,8,0,0.342,7.0,197
78a0794a,Haryana,Haryana District 2,Industrial,Objection,280,180,29,0,4,4,76,0.249,10.0,111
84f30b13,Karnataka,Karnataka District 3,Agricultural,Objection,234,134,20,0,1,5,0,0.218,7.0,111
9d687aa3,Madhya Pradesh,Madhya Pradesh District 4,Agricultural,Objection,236,136,18,1,2,5,11,0.325,6.0,197
4259cc2d,Punjab,Punjab District 1,Agricultural,Objection,167,67,11,0,1,4,14,0.181,3.0,243
ba0f7f26,Madhya Pradesh,Madhya Pradesh District 2,Agricultural,Objection,188,88,29,0,6,30,28,0.147,9.0,197
91cb4a02,Chhattisgarh,Chhattisgarh District 3,Agricultural,Objection,214,114,14,0,0,5,0,0.185,5.0,111
08f81c6e,Karnataka,Karnataka District 4,Agricultural,Compensation,248,68,10,0,0,37,0,0.169,3.0,192
ba9d18cd,Maharashtra,Maharashtra District 1,Agricultural,Notification,96,76,44,1,8,32,16,0.388,16.0,208
fc1d3b06,Haryana,Haryana District 2,Agricultural,Objection,280,180,30,0,5,33,42,0.215,10.0,290
b364ba3e,Bihar,Bihar District 3,Agricultural,Compensation,281,101,12,0,2,25,22,0.166,3.0,201
1d560021,Chhattisgarh,Chhattisgarh District 4,Agricultural,Objection,224,124,22,0,2,5,53,0.244,7.0,296
8c829e8b,Punjab,Punjab District 1,Agricultural,Compensation,253,73,23,0,1,29,0,0.172,8.0,187
d47dbfca,Andhra Pradesh,Andhra Pradesh District 2,Residential,Compensation,268,88,24,0,3,20,0,0.164,8.0,174
6dfbf486,West Bengal,West Bengal District 3,Agricultural,Compensation,268,88,19,0,5,81,0,0.266,6.0,201
fbcca049,Haryana,Haryana District 4,Commercial,Compensation,343,163,28,1,3,25,58,0.305,10.0,285
bb091ace,Uttar Pradesh,Uttar Pradesh District 1,Agricultural,Notification,42,22,26,1,4,3,10,0.32,9.0,111
189188d5,Haryana,Haryana District 2,Agricultural,Objection,280,180,15,1,5,0,80,0.226,4.0,111
e70d3415,Uttar Pradesh,Uttar Pradesh District 3,Agricultural,Compensation,238,58,38,0,6,75,0,0.283,13.0,174
10eb79d0,Haryana,Haryana District 4,Agricultural,Compensation,226,46,23,0,1,8,0,0.071,8.0,154
88b04378,Chhattisgarh,Chhattisgarh District 1,Agricultural,Objection,189,89,20,0,3,2,30,0.147,6.0,192
eba8af9e,Chhattisgarh,Chhattisgarh District 2,Agricultural,Objection,280,180,28,0,4,1,38,0.126,9.0,197
f289de26,Maharashtra,Maharashtra District 3,Residential,Compensation,228,48,32,0,5,48,0,0.354,11.0,197
620d9f1f,Chhattisgarh,Chhattisgarh District 4,Industrial,Notification,42,22,37,0,5,4,0,0.28,13.0,111
be097074,Madhya Pradesh,Madhya Pradesh District 1,Commercial,Objection,198,98,17,0,4,1,0,0.158,5.0,111
7931516d,Uttar Pradesh,Uttar Pradesh District 2,Industrial,Compensation,236,56,47,1,7,12,10,0.347,18.0,192
1d0edf1a,Tamil Nadu,Tamil Nadu District 3,Residential,Objection,277,177,29,0,5,34,28,0.274,10.0,267
beeea02e,Tamil Nadu,Tamil Nadu District 4,Industrial,Objection,153,53,20,0,0,3,6,0.132,7.0,192
9fc7bada,Maharashtra,Maharashtra District 1,Residential,Objection,164,64,23,0,2,2,12,0.148,8.0,181
82a9dc28,Tamil Nadu,Tamil Nadu District 2,Agricultural,Possession,265,5,25,0,4,1,0,0.167,8.0,165
2cab16d4,Andhra Pradesh,Andhra Pradesh District 3,Agricultural,Objection,280,180,27,0,2,0,66,0.068,9.0,111
7d220741,Madhya Pradesh,Madhya Pradesh District 4,Industrial,Notification,47,27,18,0,4,34,0,0.251,5.0,181
5aa26d0a,Bihar,Bihar District 1,Commercial,Objection,263,163,32,0,4,0,18,0.106,11.0,244
1b039140,Tamil Nadu,Tamil Nadu District 2,Agricultural,Notification,118,98,17,0,2,2,20,0.143,5.0,268
fbf09e15,Madhya Pradesh,Madhya Pradesh District 3,Agricultural,Objection,180,80,17,0,3,2,0,0.15,5.0,181
7fab1477,Punjab,Punjab District 4,Agricultural,Objection,216,116,22,1,7,4,10,0.449,6.0,111
15a64713,Madhya Pradesh,Madhya Pradesh District 1,Agricultural,Notification,36,16,28,0,1,3,0,0.159,10.0,201
363ffe86,Punjab,Punjab District 2,Agricultural,Notification,200,180,20,0,4,7,80,0.378,6.0,316
8ba6cabe,Haryana,Haryana District 3,Industrial,Compensation,240,60,24,0,1,46,0,0.02,9.0,154
92544d21,Madhya Pradesh,Madhya Pradesh District 4,Industrial,Notification,90,70,19,0,2,31,2,0.051,6.0,197
1cf4e7f2,Karnataka,Karnataka District 1,Agricultural,Compensation,214,34,17,1,6,66,10,0.569,5.0,192
d26946a0,Tamil Nadu,Tamil Nadu District 2,Residential,Notification,35,15,5,0,2,33,0,0.144,1.0,197
bc229eb5,Karnataka,Karnataka District 3,Residential,Compensation,313,133,26,0,4,21,44,0.214,8.0,192
27108568,West Bengal,West Bengal District 4,Industrial,Compensation,278,98,21,0,3,76,6,0.195,7.0,201
3b93f2da,Maharashtra,Maharashtra District 1,Industrial,Possession,274,14,32,0,6,31,0,0.161,11.0,165
0f62e66a,West Bengal,West Bengal District 2,Agricultural,Objection,252,152,40,0,5,31,12,0.145,14.0,197
80f6596b,Chhattisgarh,Chhattisgarh District 3,Industrial,Objection,181,81,14,0,0,4,24,0.166,5.0,138
d2d14cba,Rajasthan,Rajasthan District 4,Agricultural,Compensation,236,56,14,0,1,60,0,0.306,4.0,111
34c4c845,Maharashtra,Maharashtra District 1,Agricultural,Possession,279,19,36,0,7,35,0,0.357,12.0,174
5469c487,Uttar Pradesh,Uttar Pradesh District 2,Industrial,Notification,200,180,20,0,1,5,80,0.211,7.0,318
8921607e,Maharashtra,Maharashtra District 3,Agricultural,Possession,274,14,19,0,1,2,0,0.129,6.0,154
3ed92711,Madhya Pradesh,Madhya Pradesh District 4,Commercial,Notification,131,111,29,1,6,3,69,0.376,10.0,290
7cd4e52f,Madhya Pradesh,Madhya Pradesh District 1,Industrial,Objection,280,180,19,0,3,30,77,0.084,6.0,165
36229bae,Andhra Pradesh,Andhra Pradesh District 2,Residential,Objection,178,78,34,0,3,0,22,0.101,12.0,154
63200466,West Bengal,West Bengal District 3,Industrial,Notification,65,45,1,1,2,2,25,0.216,1.0,257
23660ced,Karnataka,Karnataka District 4,Agricultural,Compensation,346,166,36,0,3,61,66,0.141,13.0,307
b43f01f2,Tamil Nadu,Tamil Nadu District 1,Industrial,Compensation,224,44,32,0,5,1,0,0.136,11.0,111
3b89ba37,Haryana,Haryana District 2,Commercial,Objection,128,28,22,0,2,0,0,0.056,7.0,174
f1eb033b,Tamil Nadu,Tamil Nadu District 3,Agricultural,Possession,272,12,29,1,5,1,10,0.255,10.0,165
0771da90,Andhra Pradesh,Andhra Pradesh District 4,Industrial,Notification,40,20,20,0,3,2,0,0.16,6.0,201
19dfc351,Chhattisgarh,Chhattisgarh District 1,Agricultural,Notification,51,31,30,1,6,6,16,0.491,10.0,174
0cee8979,West Bengal,West Bengal District 2,Residential,Objection,280,180,10,0,2,6,32,0.294,3.0,154
7b39dda4,Andhra Pradesh,Andhra Pradesh District 3,Agricultural,Objection,216,116,16,0,1,3,0,0.133,5.0,111
e704817c,Chhattisgarh,Chhattisgarh District 4,Agricultural,Objection,137,37,27,0,2,3,0,0.155,9.0,201
a8fbc494,Rajasthan,Rajasthan District 1,Agricultural,Notification,88,68,32,0,5,5,0,0.31,11.0,111
d735e283,Madhya Pradesh,Madhya Pradesh District 2,Agricultural,Compensation,267,87,23,0,4,69,13,0.202,7.0,239
6da45a84,Tamil Nadu,Tamil Nadu District 3,Agricultural,Compensation,253,73,10,0,1,15,4,0.104,3.0,174
dd9b2d0f,Chhattisgarh,Chhattisgarh District 4,Agricultural,Objection,191,91,25,0,3,7,30,0.348,8.0,181
f2e4b313,Bihar,Bihar District 1,Agricultural,Compensation,214,34,14,0,2,40,0,0.249,4.0,138
de7be42b,Haryana,Haryana District 2,Industrial,Compensation,287,107,18,1,4,31,22,0.357,6.0,111
f46e9f65,Haryana,Haryana District 3,Commercial,Compensation,268,88,20,0,4,55,0,0.364,6.0,111
5326e6dd,West Bengal,West Bengal District 4,Commercial,Objection,182,82,36,0,3,1,0,0.135,13.0,192
95e21cd4,Punjab,Punjab District 1,Agricultural,Possession,277,17,10,0,0,6,0,0.211,3.0,154
3b8c96f6,Karnataka,Karnataka District 2,Agricultural,Objection,185,85,44,0,5,4,0,0.307,16.0,138
321f4776,Uttar Pradesh,Uttar Pradesh District 3,Agricultural,Compensation,351,171,17,1,5,59,79,0.27,5.0,309
11d5ccd1,Madhya Pradesh,Madhya Pradesh District 4,Agricultural,Notification,30,10,22,1,7,34,10,0.401,7.0,181
f97be1b6,Chhattisgarh,Chhattisgarh District 1,Agricultural,Objection,152,52,17,0,3,0,5,0.087,5.0,192
4342709d,Karnataka,Karnataka District 2,Commercial,Notification,72,52,22,0,3,4,0,0.223,7.0,187
f8c089be,Uttar Pradesh,Uttar Pradesh District 3,Agricultural,Objection,209,109,24,0,3,3,0,0.195,8.0,111
42e57be1,Andhra Pradesh,Andhra Pradesh District 4,Industrial,Notification,49,29,53,0,7,2,4,0.271,20.0,211
9be7ee63,Karnataka,Karnataka District 1,Agricultural,Objection,200,100,18,0,2,3,0,0.158,6.0,154
b10ebc22,West Bengal,West Bengal District 2,Industrial,Objection,138,38,47,0,6,1,0,0.21,17.0,201
9c4bdfea,Tamil Nadu,Tamil Nadu District 3,Agricultural,Notification,63,43,29,0,4,7,0,0.378,10.0,165
aff0a951,Uttar Pradesh,Uttar Pradesh District 4,Commercial,Objection,192,92,30,0,4,4,0,0.281,10.0,187
efc9a15e,Chhattisgarh,Chhattisgarh District 1,Agricultural,Compensation,277,97,29,0,4,36,20,0.271,10.0,192
62662a0c,Andhra Pradesh,Andhra Pradesh District 2,Agricultural,Compensation,229,49,35,0,4,47,0,0.342,12.0,111
7deca9be,Tamil Nadu,Tamil Nadu District 3,Commercial,Possession,278,18,19,0,2,5,0,0.241,6.0,197
102efecc,Karnataka,Karnataka District 4,Commercial,Objection,163,63,42,0,6,38,12,0.45,15.0,232
3b09155e,Andhra Pradesh,Andhra Pradesh District 1,Industrial,Compensation,268,88,29,0,5,21,0,0.237,9.0,201
14f0cd4c,Uttar Pradesh,Uttar Pradesh District 2,Agricultural,Notification,64,44,33,0,9,34,14,0.367,10.0,181
c7174f5e,Andhra Pradesh,Andhra Pradesh District 3,Agricultural,Compensation,219,39,23,0,3,24,0,0.208,7.0,165
72bfcb40,Chhattisgarh,Chhattisgarh District 4,Agricultural,Compensation,262,82,28,0,4,75,0,0.235,9.0,138
db6dfe58,Bihar,Bihar District 1,Commercial,Compensation,285,105,36,0,4,21,10,0.222,13.0,154
46609d8d,Rajasthan,Rajasthan District 2,Industrial,Possession,331,71,8,0,2,3,32,0.144,2.0,280
ebea89d6,Haryana,Haryana District 3,Industrial,Compensation,262,82,28,0,2,57,0,0.329,10.0,174
d6c2527a,Rajasthan,Rajasthan District 4,Industrial,Objection,280,180,17,0,3,30,80,0.05,5.0,344
d5dfe589,Karnataka,Karnataka District 1,Industrial,Objection,128,28,7,0,1,5,0,0.213,2.0,111
d20ff41d,Haryana,Haryana District 2,Residential,Compensation,360,180,42,0,6,17,80,0.25,15.0,337
70e6e2f8,Karnataka,Karnataka District 3,Industrial,Objection,251,151,10,0,0,2,10,0.079,3.0,111
61b47b4d,Bihar,Bihar District 4,Agricultural,Possession,302,42,34,0,7,7,13,0.458,11.0,197
8d60abe4,Rajasthan,Rajasthan District 1,Agricultural,Objection,230,130,19,0,1,1,0,0.078,6.0,138
31fa8365,Andhra Pradesh,Andhra Pradesh District 2,Industrial,Notification,41,21,39,0,5,35,0,0.305,14.0,174
b64b472a,Rajasthan,Rajasthan District 3,Agricultural,Notification,58,38,27,0,3,34,10,0.198,9.0,187
3e0c34a9,Bihar,Bihar District 4,Commercial,Objection,280,180,21,0,4,30,80,0.083,7.0,324
16cc6df6,Andhra Pradesh,Andhra Pradesh District 1,Residential,Compensation,325,145,25,0,3,45,36,0.047,9.0,154
a75e2eb1,Chhattisgarh,Chhattisgarh District 2,Agricultural,Possession,296,36,22,1,4,33,19,0.299,8.0,197
23607a40,Karnataka,Karnataka District 3,Agricultural,Compensation,316,136,21,0,4,0,46,0.112,6.0,285
2da60120,Uttar Pradesh,Uttar Pradesh District 4,Agricultural,Notification,50,30,33,0,5,4,5,0.289,11.0,205
dab5a34a,Andhra Pradesh,Andhra Pradesh District 1,Commercial,Compensation,254,74,38,0,5,38,4,0.317,13.0,187
0477f285,West Bengal,West Bengal District 2,Agricultural,Objection,213,113,21,0,2,5,0,0.222,7.0,111
840d47e8,Tamil Nadu,Tamil Nadu District 3,Agricultural,Compensation,232,52,27,0,4,29,0,0.262,9.0,201
35047034,Tamil Nadu,Tamil Nadu District 4,Agricultural,Compensation,231,51,12,0,2,50,0,0.282,3.0,111
c226f684,Maharashtra,Maharashtra District 1,Industrial,Possession,284,24,32,0,6,3,1,0.272,10.0,181
23221524,West Bengal,West Bengal District 2,Agricultural,Possession,283,23,20,1,6,35,10,0.4,6.0,187
84f2f74b,Rajasthan,Rajasthan District 3,Commercial,Objection,151,51,23,0,3,4,4,0.233,7.0,111
3bc1dad4,Bihar,Bihar District 4,Agricultural,Objection,119,19,20,0,1,36,0,0.219,7.0,174
14e0677d,Chhattisgarh,Chhattisgarh District 1,Agricultural,Objection,210,110,30,0,3,2,43,0.172,10.0,281
88ac8ea4,Chhattisgarh,Chhattisgarh District 2,Agricultural,Compensation,242,62,23,0,3,23,0,0.202,7.0,111
7965a3ff,Karnataka,Karnataka District 3,Commercial,Objection,280,180,13,0,1,5,80,0.191,4.0,336
c3f21f11,Rajasthan,Rajasthan District 4,Agricultural,Objection,246,146,18,0,0,3,7,0.128,6.0,197
bd9f8532,Punjab,Punjab District 1,Industrial,Objection,117,17,29,0,3,6,0,0.287,10.0,111
4229fcbe,Punjab,Punjab District 2,Industrial,Notification,200,180,13,0,2,4,80,0.202,4.0,327
e75266d5,Haryana,Haryana District 3,Agricultural,Notification,31,11,9,0,2,35,0,0.195,3.0,201
c215707e,Karnataka,Karnataka District 4,Industrial,Compensation,330,150,25,0,4,44,55,0.316,8.0,290
782f2d94,Uttar Pradesh,Uttar Pradesh District 1,Commercial,Compensation,269,89,37,1,6,30,10,0.396,13.0,187
6fb2ffe6,Punjab,Punjab District 2,Industrial,Notification,83,63,12,0,1,2,0,0.103,4.0,187
2a0335c1,Haryana,Haryana District 3,Agricultural,Compensation,236,56,29,0,2,4,0,0.06,10.0,165
935bde0f,Haryana,Haryana District 4,Agricultural,Notification,59,39,33,0,6,1,0,0.22,11.0,192
657b0979,West Bengal,West Bengal District 1,Industrial,Compensation,247,67,22,0,3,52,0,0.092,7.0,111
1a5ae9c9,Rajasthan,Rajasthan District 2,Industrial,Objection,126,26,19,0,1,4,0,0.177,6.0,197
247d76dc,Punjab,Punjab District 3,Residential,Notification,37,17,23,0,2,3,0,0.164,8.0,111
36b0834d,Haryana,Haryana District 4,Agricultural,Notification,30,10,22,0,4,34,0,0.227,7.0,197
3a19efdf,Madhya Pradesh,Madhya Pradesh District 1,Commercial,Notification,45,25,24,0,5,34,2,0.264,8.0,165
71968cd1,Uttar Pradesh,Uttar Pradesh District 2,Agricultural,Objection,174,74,34,0,6,4,0,0.329,11.0,201
0309821e,Maharashtra,Maharashtra District 3,Industrial,Notification,52,32,25,0,2,2,6,0.132,9.0,181
24f001ed,Chhattisgarh,Chhattisgarh District 4,Industrial,Notification,44,24,39,0,4,2,1,0.201,14.0,192
815df6d0,Madhya Pradesh,Madhya Pradesh District 1,Agricultural,Compensation,232,52,30,0,5,16,0,0.226,10.0,111
273a083f,West Bengal,West Bengal District 2,Agricultural,Compensation,261,81,20,1,5,41,19,0.413,6.0,174
e64e7457,Punjab,Punjab District 3,Industrial,Notification,57,37,48,1,9,0,20,0.344,18.0,154
e58d1128,Maharashtra,Maharashtra District 4,Residential,Objection,194,94,38,0,6,2,0,0.249,13.0,111
79ab5474,Tamil Nadu,Tamil Nadu District 1,Industrial,Compensation,267,87,14,0,2,69,0,0.378,4.0,111
cc1b4331,Karnataka,Karnataka District 2,Agricultural,Objection,177,77,29,1,5,3,10,0.318,10.0,138
85d1e965,Maharashtra,Maharashtra District 3,Industrial,Objection,141,41,29,0,4,36,0,0.311,10.0,111
13939e16,Haryana,Haryana District 4,Commercial,Objection,245,145,13,0,2,30,6,0.028,4.0,192
a9a101fe,Tamil Nadu,Tamil Nadu District 1,Residential,Compensation,269,89,31,0,4,0,14,0.12,10.0,201
52e7bf4c,Tamil Nadu,Tamil Nadu District 2,Agricultural,Compensation,220,40,23,0,4,56,0,0.151,7.0,165
9c3684e6,Punjab,Punjab District 3,Industrial,Notification,52,32,14,0,2,4,6,0.219,4.0,197
e0bb0c46,Tamil Nadu,Tamil Nadu District 4,Industrial,Compensation,266,86,12,0,0,77,0,0.37,4.0,154
883a1f38,Madhya Pradesh,Madhya Pradesh District 1,Agricultural,Notification,30,10,37,0,5,5,0,0.309,13.0,154
fa027cea,Rajasthan,Rajasthan District 2,Agricultural,Notification,200,180,13,0,2,6,80,0.272,4.0,319
4de5c6f3,Punjab,Punjab District 3,Agricultural,Objection,267,167,16,0,3,1,22,0.134,5.0,174
24280eab,Madhya Pradesh,Madhya Pradesh District 4,Industrial,Objection,143,43,18,0,0,3,0,0.113,6.0,187
87a6c006,Uttar Pradesh,Uttar Pradesh District 1,Agricultural,Possession,279,19,34,0,6,1,0,0.209,11.0,192
313087a4,Maharashtra,Maharashtra District 2,Commercial,Objection,140,40,34,0,3,5,0,0.252,12.0,165
57a1211e,Andhra Pradesh,Andhra Pradesh District 3,Agricultural,Compensation,350,170,27,0,8,47,53,0.204,8.0,165
eb04fab6,Karnataka,Karnataka District 4,Residential,Compensation,320,140,14,0,1,21,34,0.128,4.0,181
4d1e9955,Tamil Nadu,Tamil Nadu District 1,Residential,Compensation,281,101,14,0,3,27,22,0.217,4.0,197
fa9f3c2c,Madhya Pradesh,Madhya Pradesh District 2,Commercial,Possession,294,34,28,0,5,2,8,0.203,9.0,211
6cee181d,Punjab,Punjab District 3,Agricultural,Compensation,248,68,33,1,9,55,10,0.365,11.0,201
44366d02,Haryana,Haryana District 4,Agricultural,Compensation,218,38,33,0,5,47,0,0.359,11.0,111
a0ef81ff,Uttar Pradesh,Uttar Pradesh District 1,Residential,Compensation,254,74,40,0,6,97,4,0.392,14.0,197
85407f5d,Haryana,Haryana District 2,Agricultural,Compensation,308,128,37,0,7,5,26,0.222,12.0,277
e0d535b1,Maharashtra,Maharashtra District 3,Agricultural,Compensation,233,53,17,0,3,0,0,0.085,5.0,174
14032867,Uttar Pradesh,Uttar Pradesh District 4,Industrial,Compensation,251,71,19,0,2,48,0,0.29,6.0,138
d7ddcd7d,Madhya Pradesh,Madhya Pradesh District 1,Agricultural,Notification,83,63,25,0,3,32,27,0.114,9.0,273
55c2ef62,Haryana,Haryana District 2,Agricultural,Possession,276,16,26,0,4,3,0,0.229,8.0,138
6a947f6f,Karnataka,Karnataka District 3,Commercial,Notification,173,153,18,0,3,31,57,0.099,6.0,297
1b02c3f8,Uttar Pradesh,Uttar Pradesh District 4,Agricultural,Compensation,279,99,18,0,2,88,21,0.228,6.0,154
8b5c87a1,Chhattisgarh,Chhattisgarh District 1,Commercial,Compensation,276,96,38,0,5,0,4,0.144,13.0,111
cfc3fa41,Haryana,Haryana District 2,Agricultural,Objection,119,19,9,0,1,0,0,0.036,3.0,197
2b3d0489,Madhya Pradesh,Madhya Pradesh District 3,Agricultural,Possession,288,28,19,0,2,2,4,0.154,6.0,192
e1ccf1fb,Chhattisgarh,Chhattisgarh District 4,Industrial,Possession,275,15,20,0,4,0,0,0.107,6.0,197
0ba7e1d0,Punjab,Punjab District 1,Agricultural,Objection,164,64,16,0,2,2,13,0.124,5.0,181
78f521bf,West Bengal,West Bengal District 2,Agricultural,Objection,237,137,26,0,4,2,2,0.178,8.0,154
f3502de0,Madhya Pradesh,Madhya Pradesh District 3,Industrial,Objection,224,124,29,0,4,5,0,0.301,10.0,197
a4444900,Bihar,Bihar District 4,Agricultural,Objection,137,37,6,1,2,0,10,0.152,2.0,111
419f71d9,Uttar Pradesh,Uttar Pradesh District 1,Industrial,Objection,168,68,38,0,5,2,15,0.216,13.0,243
0e35f8bf,Andhra Pradesh,Andhra Pradesh District 2,Agricultural,Notification,48,28,32,0,4,3,4,0.193,11.0,165
dd5da521,Punjab,Punjab District 3,Agricultural,Notification,76,56,44,0,7,3,22,0.301,16.0,257
f2917d59,Rajasthan,Rajasthan District 4,Agricultural,Notification,88,68,22,0,3,2,0,0.153,7.0,138
6a9f68aa,Tamil Nadu,Tamil Nadu District 1,Agricultural,Objection,143,43,23,0,2,0,0,0.072,8.0,197
ec2ea13c,Maharashtra,Maharashtra District 2,Industrial,Notification,50,30,24,0,1,31,5,0.043,9.0,197
e1f52bcd,Chhattisgarh,Chhattisgarh District 3,Agricultural,Objection,280,180,36,0,4,1,58,0.144,13.0,165
167be427,Haryana,Haryana District 4,Industrial,Objection,173,73,26,0,6,31,0,0.199,8.0,174
cdd1b1ce,West Bengal,West Bengal District 1,Agricultural,Compensation,236,56,24,0,6,88,0,0.335,7.0,165
7674ec3c,Chhattisgarh,Chhattisgarh District 2,Agricultural,Objection,158,58,26,0,3,3,0,0.197,9.0,154
b686987e,West Bengal,West Bengal District 3,Residential,Compensation,216,36,39,0,6,54,0,0.193,14.0,111
7dcd27a7,Andhra Pradesh,Andhra Pradesh District 4,Residential,Notification,32,12,14,0,3,4,0,0.238,4.0,197
af942999,Chhattisgarh,Chhattisgarh District 1,Residential,Possession,274,14,25,0,4,4,0,0.27,8.0,154
be1fef1c,Rajasthan,Rajasthan District 2,Agricultural,Possession,273,13,29,0,2,7,0,0.295,10.0,192
29f63bd0,Chhattisgarh,Chhattisgarh District 3,Agricultural,Possession,280,20,31,1,7,3,10,0.425,10.0,111
43824ecf,Andhra Pradesh,Andhra Pradesh District 4,Agricultural,Objection,168,68,21,0,6,33,15,0.269,6.0,174
1721e7d1,Chhattisgarh,Chhattisgarh District 1,Agricultural,Objection,280,180,6,0,0,0,76,0.02,2.0,201
f5b90afa,Karnataka,Karnataka District 2,Industrial,Notification,73,53,34,0,4,3,0,0.224,12.0,111
9003d2cd,Bihar,Bihar District 3,Agricultural,Compensation,311,131,23,0,2,15,28,0.135,8.0,187
a0b11bac,Uttar Pradesh,Uttar Pradesh District 4,Industrial,Objection,139,39,34,0,6,35,0,0.315,11.0,111
481385b8,Uttar Pradesh,Uttar Pradesh District 1,Agricultural,Objection,132,32,24,0,5,1,0,0.152,7.0,181
61d46d35,Chhattisgarh,Chhattisgarh District 2,Agricultural,Notification,72,52,24,0,4,0,0,0.103,8.0,111
ca1ad957,Punjab,Punjab District 3,Agricultural,Compensation,210,30,10,0,1,0,0,0.037,3.0,111
1abbf484,Chhattisgarh,Chhattisgarh District 4,Commercial,Compensation,280,100,14,0,2,57,7,0.087,4.0,181
94d539fb,Uttar Pradesh,Uttar Pradesh District 1,Residential,Compensation,250,70,29,0,5,31,0,0.283,9.0,154
ea359032,Punjab,Punjab District 2,Agricultural,Compensation,226,46,30,1,6,34,10,0.428,10.0,111
71ac9f21,Karnataka,Karnataka District 3,Industrial,Objection,156,56,14,0,0,4,8,0.156,5.0,181
1bbb161c,Chhattisgarh,Chhattisgarh District 4,Industrial,Notification,112,92,17,0,3,1,16,0.115,5.0,192
40918a15,Andhra Pradesh,Andhra Pradesh District 1,Agricultural,Objection,213,113,14,1,5,4,10,0.406,4.0,111
96deb637,Chhattisgarh,Chhattisgarh District 2,Agricultural,Notification,57,37,33,0,6,6,10,0.387,11.0,226
a636433d,Andhra Pradesh,Andhra Pradesh District 3,Agricultural,Compensation,254,74,25,0,4,56,4,0.127,8.0,208
4f4bd92c,Madhya Pradesh,Madhya Pradesh District 4,Agricultural,Compensation,305,125,35,0,5,31,38,0.298,12.0,286
9998a0d0,Maharashtra,Maharashtra District 1,Agricultural,Possession,292,32,18,0,2,33,6,0.135,6.0,192
0ef0882d,Bihar,Bihar District 2,Agricultural,Objection,132,32,9,1,4,34,10,0.319,3.0,111
0d8cf421,West Bengal,West Bengal District 3,Industrial,Notification,124,104,33,0,6,4,24,0.321,11.0,187
5dac7e4a,Chhattisgarh,Chhattisgarh District 4,Agricultural,Possession,272,12,30,0,3,5,0,0.267,10.0,111
09e9ee54,Andhra Pradesh,Andhra Pradesh District 1,Industrial,Compensation,360,180,28,0,1,30,78,0.172,10.0,303
e6190054,Chhattisgarh,Chhattisgarh District 2,Agricultural,Notification,118,98,28,0,7,33,20,0.256,9.0,254
538ae66b,Bihar,Bihar District 3,Agricultural,Notification,69,49,24,0,3,2,18,0.149,8.0,197
5139614a,Chhattisgarh,Chhattisgarh District 4,Agricultural,Compensation,219,39,10,0,2,57,0,0.329,3.0,111
d2c919f1,Haryana,Haryana District 1,Agricultural,Possession,307,47,20,0,3,0,16,0.075,6.0,243
49b41dda,Rajasthan,Rajasthan District 2,Industrial,Compensation,265,85,27,0,2,57,0,0.326,9.0,181
77597c1d,Rajasthan,Rajasthan District 3,Agricultural,Notification,53,33,22,0,3,3,0,0.187,7.0,174
d0c03256,Chhattisgarh,Chhattisgarh District 4,Industrial,Objection,214,114,19,0,4,6,0,0.303,6.0,201
29eb9d6e,Haryana,Haryana District 1,Agricultural,Notification,124,104,24,0,6,33,24,0.239,7.0,154
33430dd9,Tamil Nadu,Tamil Nadu District 2,Industrial,Objection,280,180,35,1,6,5,80,0.456,12.0,334
138cffaf,Bihar,Bihar District 3,Agricultural,Notification,40,20,35,1,6,4,10,0.428,12.0,111
834118bf,Uttar Pradesh,Uttar Pradesh District 4,Industrial,Objection,157,57,24,0,2,33,0,0.144,8.0,111
27806e74,Haryana,Haryana District 1,Residential,Objection,177,77,25,1,6,4,10,0.411,8.0,111
c76d98b6,Karnataka,Karnataka District 2,Agricultural,Compensation,242,62,19,0,2,29,0,0.203,6.0,187
073f398c,Karnataka,Karnataka District 3,Industrial,Possession,285,25,30,0,4,2,2,0.206,10.0,165
bc8c9e0d,Haryana,Haryana District 4,Agricultural,Notification,49,29,24,0,3,1,4,0.116,8.0,138
2444b095,Haryana,Haryana District 1,Industrial,Notification,46,26,27,0,3,3,2,0.207,9.0,181
44c3968c,Chhattisgarh,Chhattisgarh District 2,Agricultural,Possession,282,22,21,0,3,10,0,0.455,7.0,111
c0ab63dc,Chhattisgarh,Chhattisgarh District 3,Agricultural,Objection,139,39,19,0,2,6,0,0.29,6.0,111
659f75c8,Maharashtra,Maharashtra District 4,Agricultural,Objection,218,118,32,0,3,6,0,0.319,11.0,187
dba51c28,Maharashtra,Maharashtra District 1,Agricultural,Notification,36,16,29,0,4,2,0,0.194,10.0,165
8debc263,Haryana,Haryana District 2,Industrial,Compensation,266,86,26,0,3,58,0,0.356,9.0,111
106c0b23,Rajasthan,Rajasthan District 3,Industrial,Possession,282,22,23,0,2,5,0,0.245,8.0,154
5bfb4fb9,Chhattisgarh,Chhattisgarh District 4,Commercial,Possession,279,19,28,0,3,0,0,0.072,10.0,197
17e9825e,Bihar,Bihar District 1,Industrial,Notification,48,28,38,0,4,5,4,0.289,14.0,181
b1eb7f2e,Karnataka,Karnataka District 2,Industrial,Compensation,234,54,20,0,2,37,0,0.217,7.0,201
793ef949,Uttar Pradesh,Uttar Pradesh District 3,Industrial,Notification,45,25,24,1,8,34,12,0.442,7.0,165
af33661e,Uttar Pradesh,Uttar Pradesh District 4,Industrial,Compensation,316,136,30,0,4,19,46,0.202,10.0,201
177560ed,Tamil Nadu,Tamil Nadu District 1,Residential,Notification,42,22,7,0,2,0,0,0.047,2.0,111
6832cc16,Tamil Nadu,Tamil Nadu District 2,Agricultural,Compensation,272,92,22,0,4,3,2,0.135,7.0,111
9fd821b7,Uttar Pradesh,Uttar Pradesh District 3,Residential,Notification,48,28,13,0,2,5,4,0.248,4.0,197
6a68baec,Madhya Pradesh,Madhya Pradesh District 4,Industrial,Notification,125,105,32,1,6,34,35,0.386,11.0,276
0fc9786e,West Bengal,West Bengal District 1,Industrial,Notification,76,56,5,0,0,2,22,0.066,2.0,251
ebf9f28d,Karnataka,Karnataka District 2,Agricultural,Notification,40,20,35,0,5,6,0,0.367,12.0,111
9bfeadd6,Bihar,Bihar District 3,Industrial,Compensation,360,180,9,0,3,56,80,0.111,2.0,321
0638cc4b,Uttar Pradesh,Uttar Pradesh District 4,Agricultural,Notification,48,28,18,0,0,2,4,0.064,6.0,197
e15a88e9,Punjab,Punjab District 1,Agricultural,Compensation,242,62,19,0,5,69,0,0.209,6.0,111
0c5e917d,Rajasthan,Rajasthan District 2,Residential,Objection,174,74,31,0,4,6,20,0.335,10.0,138
6681097c,Uttar Pradesh,Uttar Pradesh District 3,Agricultural,Possession,284,24,39,1,8,0,11,0.329,13.0,111
c5a3f285,Haryana,Haryana District 4,Commercial,Objection,150,50,18,0,1,3,3,0.134,6.0,181
92f6fc9d,West Bengal,West Bengal District 1,Industrial,Notification,130,110,29,0,3,1,28,0.105,10.0,181
2c7e1fd8,Punjab,Punjab District 2,Agricultural,Objection,138,38,36,0,5,32,0,0.192,13.0,201
2d07a0f2,Maharashtra,Maharashtra District 3,Industrial,Objection,169,69,33,0,4,4,0,0.259,11.0,187
7c1650c7,Rajasthan,Rajasthan District 4,Commercial,Notification,72,52,17,0,1,4,0,0.167,6.0,111
ce33b260,Bihar,Bihar District 1,Agricultural,Notification,39,19,22,1,6,4,10,0.401,7.0,197
3a81529b,Bihar,Bihar District 2,Residential,Possession,277,17,24,1,5,33,10,0.33,8.0,111
da4b34a5,West Bengal,West Bengal District 3,Agricultural,Notification,67,47,30,0,5,3,0,0.259,10.0,192
90ff5bc5,West Bengal,West Bengal District 4,Industrial,Notification,154,134,37,0,5,2,44,0.227,13.0,281
7fa53714,Andhra Pradesh,Andhra Pradesh District 1,Agricultural,Compensation,222,42,21,0,3,34,0,0.24,7.0,111
f22e2837,Karnataka,Karnataka District 2,Commercial,Compensation,230,50,10,0,1,11,0,0.085,3.0,197
18f754de,Uttar Pradesh,Uttar Pradesh District 3,Industrial,Compensation,278,98,5,1,3,22,30,0.282,1.0,201
f8840390,Karnataka,Karnataka District 4,Agricultural,Compensation,213,33,28,0,5,25,0,0.251,9.0,154
8b82e00c,Uttar Pradesh,Uttar Pradesh District 1,Agricultural,Objection,212,112,22,0,4,6,0,0.336,7.0,165
91106e60,Tamil Nadu,Tamil Nadu District 2,Industrial,Objection,280,180,22,0,2,34,41,0.167,8.0,278
46b98b96,Tamil Nadu,Tamil Nadu District 3,Commercial,Possession,301,41,33,1,7,4,22,0.426,11.0,197
ba4dfc47,Punjab,Punjab District 4,Agricultural,Possession,281,21,23,0,5,35,0,0.269,7.0,165
da056ced,Rajasthan,Rajasthan District 1,Industrial,Objection,114,14,38,0,5,10,0,0.505,13.0,187
5d7f6b6c,Haryana,Haryana District 2,Agricultural,Compensation,278,98,26,0,3,0,6,0.086,9.0,201
e800c1a2,Punjab,Punjab District 3,Agricultural,Compensation,250,70,19,0,4,36,2,0.267,6.0,165
04316df0,Chhattisgarh,Chhattisgarh District 4,Agricultural,Notification,76,56,28,0,4,0,0,0.098,9.0,181
417adf24,Uttar Pradesh,Uttar Pradesh District 1,Residential,Compensation,314,134,29,0,5,12,44,0.196,9.0,187
c3487a49,Maharashtra,Maharashtra District 2,Agricultural,Objection,280,180,21,0,3,0,80,0.084,7.0,329
d4a7dd86,Karnataka,Karnataka District 3,Residential,Possession,275,15,1,0,0,2,0,0.071,1.0,187
8c320fff,Andhra Pradesh,Andhra Pradesh District 4,Agricultural,Objection,108,8,25,1,5,2,10,0.313,8.0,111
51aa16ed,Haryana,Haryana District 1,Industrial,Notification,35,15,11,0,0,3,0,0.131,4.0,111
fd1079b5,Bihar,Bihar District 2,Agricultural,Notification,60,40,15,0,0,0,0,0.02,5.0,192
a683502c,Rajasthan,Rajasthan District 3,Industrial,Notification,57,37,34,0,6,38,10,0.437,11.0,138
1ef06b4a,Tamil Nadu,Tamil Nadu District 4,Commercial,Objection,280,180,23,0,2,1,48,0.089,8.0,192
f9d8d55d,Uttar Pradesh,Uttar Pradesh District 1,Industrial,Notification,35,15,28,0,4,3,0,0.207,9.0,154
675a01f9,Rajasthan,Rajasthan District 2,Agricultural,Notification,200,180,28,1,7,5,80,0.483,9.0,319
96dd1577,Karnataka,Karnataka District 3,Industrial,Objection,146,46,26,0,5,2,0,0.241,8.0,154
5caef7d1,Karnataka,Karnataka District 4,Commercial,Compensation,268,88,27,0,0,53,0,0.246,10.0,174
308d21ca,Tamil Nadu,Tamil Nadu District 1,Agricultural,Notification,46,26,10,0,1,32,0,0.089,3.0,111
ec302ec3,Karnataka,Karnataka District 2,Industrial,Objection,168,68,17,0,2,1,15,0.094,5.0,154
a0477112,Madhya Pradesh,Madhya Pradesh District 3,Agricultural,Compensation,302,122,40,0,5,44,21,0.33,14.0,192
d4ab9d1b,Madhya Pradesh,Madhya Pradesh District 4,Agricultural,Compensation,224,44,26,0,2,23,0,0.157,9.0,192
9026b707,Chhattisgarh,Chhattisgarh District 1,Agricultural,Possession,276,16,27,0,2,4,0,0.194,9.0,181
c7a493de,Rajasthan,Rajasthan District 2,Agricultural,Possession,310,50,14,0,1,33,18,0.093,5.0,261
4b6e8e5c,Andhra Pradesh,Andhra Pradesh District 3,Agricultural,Compensation,298,118,12,0,3,51,34,0.318,3.0,285
43997c32,Madhya Pradesh,Madhya Pradesh District 4,Residential,Notification,187,167,43,0,5,31,66,0.133,16.0,302
8236bc76,Maharashtra,Maharashtra District 1,Commercial,Notification,84,64,17,0,4,6,0,0.346,5.0,174
7e02e3c2,Bihar,Bihar District 2,Industrial,Notification,175,155,39,0,4,7,58,0.388,14.0,301
35c08ffe,Tamil Nadu,Tamil Nadu District 3,Agricultural,Possession,273,13,13,0,3,6,0,0.295,3.0,111
f6d79be7,Karnataka,Karnataka District 4,Industrial,Compensation,304,124,29,0,4,2,38,0.118,10.0,192
35bda1fb,Andhra Pradesh,Andhra Pradesh District 1,Industrial,Notification,46,26,21,0,3,36,2,0.264,7.0,197
b351a8a7,Chhattisgarh,Chhattisgarh District 2,Industrial,Compensation,257,77,32,0,5,0,6,0.132,11.0,174
ed0a8b75,Madhya Pradesh,Madhya Pradesh District 3,Agricultural,Possession,276,16,37,0,4,35,0,0.25,14.0,192
d38181e5,Rajasthan,Rajasthan District 4,Agricultural,Objection,191,91,33,0,3,5,0,0.274,12.0,201
fe1ceacd,Andhra Pradesh,Andhra Pradesh District 1,Commercial,Notification,130,110,22,0,3,30,28,0.068,7.0,181
5a79e5ac,Haryana,Haryana District 2,Agricultural,Compensation,338,158,22,0,4,27,46,0.248,7.0,197
dea64e9d,Haryana,Haryana District 3,Agricultural,Possession,270,10,25,0,4,0,0,0.11,8.0,154
207da2cd,Uttar Pradesh,Uttar Pradesh District 4,Commercial,Compensation,250,70,43,0,7,45,2,0.181,15.0,197
23d2ed36,Karnataka,Karnataka District 1,Industrial,Notification,40,20,25,0,5,30,0,0.114,8.0,138
3aab4f04,Bihar,Bihar District 2,Residential,Objection,157,57,19,0,3,30,8,0.067,6.0,224
e907c1be,Bihar,Bihar District 3,Agricultural,Notification,49,29,32,0,5,2,4,0.221,11.0,201
406490d4,West Bengal,West Bengal District 4,Commercial,Compensation,211,31,15,0,4,23,0,0.207,4.0,111
7decf044,Andhra Pradesh,Andhra Pradesh District 1,Residential,Possession,290,30,16,0,5,32,5,0.175,4.0,208
7e42242a,Chhattisgarh,Chhattisgarh District 2,Commercial,Objection,162,62,36,0,5,4,11,0.289,13.0,181
ed206b76,Tamil Nadu,Tamil Nadu District 3,Agricultural,Objection,137,37,22,0,1,4,0,0.165,8.0,111
3a8dbbc1,Karnataka,Karnataka District 4,Industrial,Compensation,206,26,23,0,2,0,0,0.068,8.0,111
23a00ebc,Maharashtra,Maharashtra District 1,Industrial,Notification,41,21,15,0,4,36,0,0.31,4.0,111
c032265c,Andhra Pradesh,Andhra Pradesh District 2,Agricultural,Notification,56,36,22,1,5,6,19,0.459,7.0,197
aa2136c7,Andhra Pradesh,Andhra Pradesh District 3,Industrial,Compensation,259,79,22,1,6,22,10,0.372,7.0,192
de00fbe3,Maharashtra,Maharashtra District 4,Residential,Possession,297,37,20,0,3,3,10,0.195,6.0,138
b8895f4d,Maharashtra,Maharashtra District 1,Industrial,Possession,269,9,26,0,5,31,0,0.146,8.0,187
5f622864,Maharashtra,Maharashtra District 2,Agricultural,Notification,70,50,27,1,6,2,28,0.346,9.0,257
a4cf945a,Chhattisgarh,Chhattisgarh District 3,Agricultural,Possession,271,11,19,0,1,2,0,0.106,6.0,111
15b45e9c,Karnataka,Karnataka District 4,Agricultural,Notification,97,77,13,0,2,5,6,0.237,4.0,165
3ed82c59,Andhra Pradesh,Andhra Pradesh District 1,Agricultural,Objection,157,57,31,0,6,4,0,0.292,10.0,192
97eeb250,Karnataka,Karnataka District 2,Commercial,Compensation,320,140,32,1,7,0,44,0.282,11.0,154
e0d41985,Chhattisgarh,Chhattisgarh District 3,Commercial,Notification,48,28,29,1,6,5,14,0.436,10.0,165
82b85541,Tamil Nadu,Tamil Nadu District 4,Residential,Objection,224,124,33,0,5,32,0,0.173,11.0,165
3b44e97b,Tamil Nadu,Tamil Nadu District 1,Industrial,Compensation,245,65,37,0,4,77,0,0.222,14.0,111
2ebfa96f,Bihar,Bihar District 2,Industrial,Possession,284,24,43,0,7,30,1,0.194,15.0,181
5579bdc4,Rajasthan,Rajasthan District 3,Commercial,Compensation,292,112,14,0,2,74,14,0.164,4.0,111
55feb38d,Tamil Nadu,Tamil Nadu District 4,Industrial,Notification,102,82,10,0,2,2,10,0.141,3.0,187
45c5bd29,Rajasthan,Rajasthan District 1,Residential,Possession,301,41,16,0,3,2,12,0.152,5.0,111
78e74754,Andhra Pradesh,Andhra Pradesh District 2,Agricultural,Possession,332,72,15,1,4,6,43,0.434,4.0,284
0b8fe448,Bihar,Bihar District 3,Residential,Objection,134,34,32,0,5,32,0,0.164,11.0,165
9d997887,Andhra Pradesh,Andhra Pradesh District 4,Agricultural,Objection,157,57,35,0,3,1,8,0.137,13.0,154
4a176528,Punjab,Punjab District 1,Agricultural,Notification,48,28,23,0,2,7,4,0.309,8.0,192
98afefda,Karnataka,Karnataka District 2,Agricultural,Possession,286,26,12,0,3,6,2,0.297,3.0,154
ee7f368f,Bihar,Bihar District 3,Industrial,Compensation,232,52,21,0,4,32,0,0.264,6.0,111
21e143ba,Chhattisgarh,Chhattisgarh District 4,Agricultural,Objection,280,180,29,0,0,0,64,0.02,11.0,201
a5aa3888,Andhra Pradesh,Andhra Pradesh District 1,Industrial,Objection,117,17,36,0,2,5,0,0.245,13.0,165
bde930ef,Tamil Nadu,Tamil Nadu District 2,Commercial,Notification,30,7,31,0,3,1,0,0.129,11.0,181
f4050c7a,Karnataka,Karnataka District 3,Industrial,Notification,79,59,5,0,1,4,0,0.175,1.0,111
173f81c2,Rajasthan,Rajasthan District 4,Agricultural,Compensation,262,82,8,0,2,65,0,0.116,2.0,111
018cd713,Bihar,Bihar District 1,Agricultural,Compensation,245,65,22,1,6,18,10,0.352,7.0,111
b69ffb89,Madhya Pradesh,Madhya Pradesh District 2,Commercial,Objection,170,70,28,0,4,2,16,0.157,9.0,165
32921804,Andhra Pradesh,Andhra Pradesh District 3,Industrial,Notification,71,51,17,0,3,1,0,0.121,5.0,181
62d37f34,Karnataka,Karnataka District 4,Commercial,Possession,280,20,37,0,5,5,0,0.306,13.0,111
d55feffd,West Bengal,West Bengal District 1,Commercial,Notification,47,27,27,0,4,32,3,0.174,9.0,111
9cac4676,Haryana,Haryana District 2,Commercial,Possession,276,16,15,0,1,4,0,0.189,5.0,154
e5b60a6c,Chhattisgarh,Chhattisgarh District 3,Agricultural,Possession,286,26,27,0,6,32,2,0.2,9.0,138
f847dff5,Haryana,Haryana District 4,Residential,Objection,153,53,24,0,5,32,6,0.173,8.0,181
d08f18a7,Karnataka,Karnataka District 1,Industrial,Compensation,242,62,37,0,5,60,0,0.172,13.0,111
5a1ca285,Bihar,Bihar District 2,Industrial,Objection,272,172,29,1,6,2,35,0.338,10.0,257
9cbde46a,Maharashtra,Maharashtra District 3,Industrial,Notification,35,15,33,0,4,0,0,0.107,11.0,187
2c9bc1aa,Bihar,Bihar District 4,Industrial,Objection,159,59,19,0,4,5,10,0.287,6.0,138
9299b803,West Bengal,West Bengal District 1,Agricultural,Objection,280,180,14,0,1,4,80,0.165,4.0,346
bb02b975,Maharashtra,Maharashtra District 2,Residential,Notification,103,83,15,0,0,0,10,0.02,5.0,192
1352bee5,Bihar,Bihar District 3,Agricultural,Compensation,249,69,23,0,3,9,1,0.133,7.0,187
e9d69890,West Bengal,West Bengal District 4,Agricultural,Objection,280,180,27,0,2,6,80,0.272,9.0,357
3eac770f,Karnataka,Karnataka District 1,Agricultural,Objection,124,24,9,1,3,1,10,0.228,3.0,111
53032890,Tamil Nadu,Tamil Nadu District 2,Industrial,Possession,286,26,36,0,7,6,2,0.408,12.0,187
4bffb1d2,Maharashtra,Maharashtra District 3,Industrial,Compensation,346,166,20,1,5,50,76,0.453,6.0,312
3e2c9d2e,Chhattisgarh,Chhattisgarh District 4,Residential,Notification,36,16,35,0,5,1,0,0.178,12.0,111
e6f6f290,Madhya Pradesh,Madhya Pradesh District 1,Agricultural,Objection,152,52,27,1,5,5,10,0.444,9.0,181
f15c00cb,Rajasthan,Rajasthan District 2,Agricultural,Notification,67,47,25,0,4,3,0,0.232,8.0,111
2eecc661,Uttar Pradesh,Uttar Pradesh District 3,Agricultural,Compensation,288,108,34,0,4,17,27,0.191,12.0,111
d7ff2972,Chhattisgarh,Chhattisgarh District 4,Industrial,Objection,168,68,33,1,7,37,26,0.509,11.0,138
ad0ba746,West Bengal,West Bengal District 1,Industrial,Compensation,218,38,22,0,3,26,0,0.205,7.0,192
ecb567f4,Bihar,Bihar District 2,Agricultural,Objection,179,79,28,0,3,34,22,0.204,10.0,174
f1e64c45,Haryana,Haryana District 3,Industrial,Compensation,212,32,34,1,8,22,10,0.429,11.0,111
cc19f835,Chhattisgarh,Chhattisgarh District 4,Commercial,Objection,206,106,11,1,2,0,50,0.162,4.0,291
0d3d871b,Karnataka,Karnataka District 1,Residential,Compensation,266,86,12,0,1,11,0,0.068,4.0,181
808d15a8,Madhya Pradesh,Madhya Pradesh District 2,Industrial,Notification,56,36,36,0,3,6,9,0.303,13.0,174
77ec1ce5,Punjab,Punjab District 3,Agricultural,Compensation,250,70,19,0,4,3,2,0.113,6.0,201
05c89bce,Maharashtra,Maharashtra District 4,Residential,Possession,298,38,17,1,5,2,20,0.298,5.0,165
daa834a3,Rajasthan,Rajasthan District 1,Agricultural,Compensation,229,49,31,0,3,27,0,0.218,11.0,111
b5065d08,Karnataka,Karnataka District 2,Industrial,Objection,280,180,29,0,2,2,76,0.114,10.0,154
b0aa9064,West Bengal,West Bengal District 3,Commercial,Objection,211,111,15,1,6,3,54,0.353,4.0,295
2b0d7cf7,Karnataka,Karnataka District 4,Agricultural,Objection,152,52,14,0,0,5,4,0.181,5.0,192
c528d139,West Bengal,West Bengal District 1,Agricultural,Objection,280,180,14,0,0,5,47,0.201,5.0,295
4a12e10c,Bihar,Bihar District 2,Industrial,Notification,40,20,26,0,1,3,0,0.155,9.0,192
3f3389d8,Andhra Pradesh,Andhra Pradesh District 3,Agricultural,Notification,63,43,31,0,4,5,14,0.319,10.0,192
1f6ff2cd,Karnataka,Karnataka District 4,Commercial,Notification,200,180,25,0,3,4,80,0.237,8.0,308
7da52698,West Bengal,West Bengal District 1,Residential,Objection,132,32,26,1,5,35,10,0.371,9.0,201
e53e7f5f,Tamil Nadu,Tamil Nadu District 2,Industrial,Possession,298,38,24,0,4,5,10,0.297,8.0,181
ba242019,West Bengal,West Bengal District 3,Industrial,Notification,58,38,36,0,3,2,0,0.18,13.0,111
44145222,Andhra Pradesh,Andhra Pradesh District 4,Agricultural,Notification,50,30,23,0,6,30,5,0.131,7.0,181
c4481805,Uttar Pradesh,Uttar Pradesh District 1,Agricultural,Compensation,312,132,1,1,3,77,38,0.298,1.0,269
f6b09c3a,Andhra Pradesh,Andhra Pradesh District 2,Agricultural,Objection,189,89,20,0,1,4,0,0.173,7.0,111
8f3ea233,Chhattisgarh,Chhattisgarh District 3,Residential,Objection,152,52,20,0,4,0,5,0.123,6.0,197
759c784d,Uttar Pradesh,Uttar Pradesh District 4,Agricultural,Notification,72,52,16,0,0,6,0,0.242,5.0,111
5671d6e8,Karnataka,Karnataka District 1,Agricultural,Objection,146,46,34,1,6,5,11,0.438,12.0,138
299e3a19,West Bengal,West Bengal District 2,Agricultural,Notification,167,147,35,0,4,5,53,0.295,12.0,296
a5420be5,Tamil Nadu,Tamil Nadu District 3,Agricultural,Possession,275,15,17,0,3,2,0,0.153,5.0,187
b17c20ec,Maharashtra,Maharashtra District 4,Agricultural,Notification,98,78,30,1,6,3,17,0.38,10.0,111
e8a8260c,Punjab,Punjab District 1,Agricultural,Notification,72,52,36,0,4,2,20,0.193,13.0,262
14b8a32c,Andhra Pradesh,Andhra Pradesh District 2,Agricultural,Compensation,262,82,33,0,6,36,0,0.336,11.0,111
24073205,Haryana,Haryana District 3,Agricultural,Possession,274,14,21,0,3,0,0,0.084,7.0,181
c433a2e1,Chhattisgarh,Chhattisgarh District 4,Industrial,Notification,82,62,16,0,2,2,0,0.126,5.0,192
10420a9a,Tamil Nadu,Tamil Nadu District 1,Agricultural,Objection,132,32,25,0,5,4,0,0.307,8.0,181
49dc68d1,Punjab,Punjab District 2,Industrial,Compensation,259,79,21,0,3,37,0,0.255,7.0,197
d3c91851,Haryana,Haryana District 3,Agricultural,Compensation,236,56,30,0,3,8,0,0.12,10.0,181
1995aaca,West Bengal,West Bengal District 4,Industrial,Objection,176,76,30,0,3,3,21,0.199,10.0,187
fd6ce31f,Karnataka,Karnataka District 1,Commercial,Objection,258,158,17,0,2,33,15,0.126,6.0,246
a942fd7a,Punjab,Punjab District 2,Agricultural,Notification,66,46,10,0,1,3,0,0.163,3.0,154
ab4b8050,Tamil Nadu,Tamil Nadu District 3,Agricultural,Compensation,253,73,35,1,6,18,10,0.356,12.0,174
7203196d,Uttar Pradesh,Uttar Pradesh District 4,Residential,Compensation,310,130,21,1,6,51,37,0.259,7.0,181
07eefd88,Chhattisgarh,Chhattisgarh District 1,Residential,Compensation,262,82,27,0,6,29,10,0.294,8.0,154
399eb75d,Uttar Pradesh,Uttar Pradesh District 2,Residential,Notification,60,40,24,0,4,2,12,0.176,8.0,154
875b78a4,Chhattisgarh,Chhattisgarh District 3,Commercial,Compensation,255,75,29,0,4,5,0,0.13,10.0,154
b93c219c,Karnataka,Karnataka District 4,Industrial,Possession,282,22,32,1,7,3,10,0.396,11.0,138
ad004f7c,Maharashtra,Maharashtra District 1,Industrial,Possession,274,14,32,0,3,3,0,0.222,11.0,138
a688a52e,Chhattisgarh,Chhattisgarh District 2,Residential,Objection,169,69,40,1,5,3,26,0.348,15.0,181
351f1198,Rajasthan,Rajasthan District 3,Commercial,Compensation,256,76,50,0,6,0,0,0.168,19.0,181
038b775a,Maharashtra,Maharashtra District 4,Industrial,Possession,282,22,10,0,1,34,0,0.154,3.0,197
0f1e59fd,Madhya Pradesh,Madhya Pradesh District 1,Agricultural,Compensation,333,153,3,0,1,28,42,0.146,1.0,154
303efa2f,Rajasthan,Rajasthan District 2,Industrial,Compensation,232,52,22,0,3,43,0,0.288,7.0,111
0e4badf3,Karnataka,Karnataka District 3,Commercial,Notification,65,45,16,0,3,4,0,0.237,5.0,187
293592c8,Uttar Pradesh,Uttar Pradesh District 4,Commercial,Compensation,226,46,38,0,6,92,0,0.363,13.0,111
896a8f21,Rajasthan,Rajasthan District 1,Agricultural,Objection,128,28,25,0,3,3,0,0.181,8.0,111
71b4bc20,Maharashtra,Maharashtra District 2,Agricultural,Notification,200,180,30,0,4,4,80,0.272,10.0,374
6beba27c,Uttar Pradesh,Uttar Pradesh District 3,Agricultural,Compensation,254,74,14,0,0,47,4,0.216,5.0,201
98e03120,Uttar Pradesh,Uttar Pradesh District 4,Industrial,Objection,272,172,27,0,4,6,24,0.344,9.0,264
d26e5afa,Uttar Pradesh,Uttar Pradesh District 1,Agricultural,Objection,188,88,23,0,3,30,28,0.066,8.0,263
665e2e40,Uttar Pradesh,Uttar Pradesh District 2,Industrial,Compensation,264,84,25,1,7,34,10,0.448,8.0,138
3359b267,Andhra Pradesh,Andhra Pradesh District 3,Industrial,Objection,152,52,30,0,6,1,4,0.211,9.0,187
70c419a1,Karnataka,Karnataka District 4,Residential,Objection,144,44,12,0,0,2,0,0.1,4.0,165
6a825a7b,Tamil Nadu,Tamil Nadu District 1,Industrial,Compensation,257,77,28,0,6,94,0,0.359,9.0,111
05ed87aa,Maharashtra,Maharashtra District 2,Industrial,Objection,126,26,22,0,3,30,0,0.058,7.0,111
7d4ec703,Madhya Pradesh,Madhya Pradesh District 3,Agricultural,Objection,208,108,17,0,1,2,0,0.092,6.0,187
f5bd9b5a,Chhattisgarh,Chhattisgarh District 4,Agricultural,Possession,292,32,26,0,3,2,6,0.169,9.0,154
c8a60df1,Rajasthan,Rajasthan District 1,Industrial,Possession,296,36,13,0,3,3,9,0.2,3.0,232
8284d001,Bihar,Bihar District 2,Industrial,Compensation,227,47,14,0,2,10,0,0.113,4.0,138
9fcaf9bb,Bihar,Bihar District 3,Industrial,Compensation,304,124,31,0,3,53,38,0.336,11.0,138
2119fdc4,Tamil Nadu,Tamil Nadu District 4,Industrial,Compensation,231,51,12,0,2,48,0,0.267,3.0,111
734f3681,Tamil Nadu,Tamil Nadu District 1,Residential,Notification,45,25,5,0,1,34,2,0.156,2.0,181
45d589e5,Rajasthan,Rajasthan District 2,Industrial,Notification,61,41,23,0,2,31,12,0.069,8.0,138
a8aed900,Bihar,Bihar District 3,Commercial,Objection,278,178,33,0,4,4,29,0.236,11.0,276
7d597521,Madhya Pradesh,Madhya Pradesh District 4,Commercial,Compensation,291,111,25,0,4,18,29,0.194,8.0,274
8e552e46,Andhra Pradesh,Andhra Pradesh District 1,Residential,Objection,254,154,11,0,1,1,12,0.062,3.0,197
422f9efe,Tamil Nadu,Tamil Nadu District 2,Agricultural,Notification,56,36,35,0,5,3,0,0.249,12.0,187
99e83127,Tamil Nadu,Tamil Nadu District 3,Agricultural,Compensation,247,67,38,0,5,78,0,0.26,14.0,111
4793a227,Maharashtra,Maharashtra District 4,Residential,Notification,40,20,20,0,4,2,0,0.165,6.0,111
ec1551e3,Andhra Pradesh,Andhra Pradesh District 1,Agricultural,Possession,282,22,18,0,4,32,0,0.165,5.0,197
49206a97,Chhattisgarh,Chhattisgarh District 2,Industrial,Objection,206,106,14,0,2,30,0,0.032,4.0,165
05e0e54f,West Bengal,West Bengal District 3,Industrial,Objection,269,169,19,0,3,37,22,0.321,6.0,255
340e5d72,Uttar Pradesh,Uttar Pradesh District 4,Industrial,Possession,289,29,48,0,6,3,4,0.281,18.0,211
f37a3c18,Tamil Nadu,Tamil Nadu District 1,Agricultural,Objection,132,32,25,0,3,5,0,0.268,8.0,201
b102e471,Maharashtra,Maharashtra District 2,Agricultural,Possession,292,32,28,0,4,4,6,0.262,9.0,205
a1bb3328,Karnataka,Karnataka District 3,Agricultural,Possession,292,32,16,1,5,34,16,0.351,5.0,154
b625abc1,West Bengal,West Bengal District 4,Agricultural,Compensation,230,50,44,0,6,11,0,0.207,16.0,111
8619cb93,Chhattisgarh,Chhattisgarh District 1,Agricultural,Possession,281,21,14,1,2,0,10,0.164,5.0,165
1f3dc054,Chhattisgarh,Chhattisgarh District 2,Commercial,Objection,280,180,23,0,3,2,36,0.18,7.0,154
cb1824cd,Karnataka,Karnataka District 3,Agricultural,Objection,261,161,33,0,4,5,18,0.292,11.0,138
08380d0b,West Bengal,West Bengal District 4,Agricultural,Possession,307,47,11,0,4,37,16,0.316,3.0,247
dd2e3957,Tamil Nadu,Tamil Nadu District 1,Industrial,Objection,204,104,26,0,5,35,0,0.311,8.0,181
b4af121a,Andhra Pradesh,Andhra Pradesh District 2,Agricultural,Objection,203,103,16,0,2,35,0,0.221,5.0,165
4acbe33c,Maharashtra,Maharashtra District 3,Industrial,Objection,200,100,20,0,5,4,37,0.291,5.0,290
b8839dcc,Tamil Nadu,Tamil Nadu District 4,Agricultural,Compensation,284,104,20,0,4,26,24,0.227,6.0,201
ed4d52b2,Uttar Pradesh,Uttar Pradesh District 1,Industrial,Notification,156,136,17,0,5,32,46,0.193,5.0,138
f738b3dd,Punjab,Punjab District 2,Agricultural,Possession,304,44,26,0,3,3,14,0.186,9.0,138
d1197c42,Andhra Pradesh,Andhra Pradesh District 3,Industrial,Notification,36,16,25,0,4,34,0,0.21,8.0,174
a4b5e099,Maharashtra,Maharashtra District 4,Agricultural,Compensation,287,107,13,0,3,59,12,0.121,4.0,234
bd474aab,Maharashtra,Maharashtra District 1,Commercial,Compensation,235,55,25,0,4,39,0,0.292,8.0,111
61405b66,West Bengal,West Bengal District 2,Industrial,Possession,290,30,24,1,6,6,15,0.487,8.0,197
512932ab,Punjab,Punjab District 3,Agricultural,Notification,150,130,24,0,4,2,42,0.181,8.0,292
eee6a12f,Chhattisgarh,Chhattisgarh District 4,Residential,Objection,197,97,24,1,4,2,44,0.28,8.0,174
4bbe1b65,Andhra Pradesh,Andhra Pradesh District 1,Agricultural,Possession,271,11,19,0,4,3,0,0.222,6.0,181
6e7cd062,Maharashtra,Maharashtra District 2,Industrial,Notification,62,42,19,0,2,0,0,0.079,6.0,201
189dff4b,Bihar,Bihar District 3,Commercial,Objection,188,88,43,0,10,33,29,0.36,14.0,187
207c9e91,Chhattisgarh,Chhattisgarh District 4,Residential,Possession,308,48,27,0,3,0,17,0.094,9.0,181
27687c70,Bihar,Bihar District 1,Residential,Objection,148,48,23,0,2,8,2,0.358,8.0,181
ce41e3a1,Haryana,Haryana District 2,Agricultural,Compensation,246,66,6,0,1,55,0,0.289,2.0,138
74622d0d,Haryana,Haryana District 3,Commercial,Possession,285,25,26,0,3,4,2,0.251,9.0,111
75fe01c9,Bihar,Bihar District 4,Industrial,Compensation,316,136,24,0,2,8,30,0.108,8.0,111
c306f26c,Andhra Pradesh,Andhra Pradesh District 1,Industrial,Compensation,232,52,5,0,1,82,0,0.17,2.0,111
bf7ea2ea,Chhattisgarh,Chhattisgarh District 2,Agricultural,Notification,42,22,18,1,2,4,10,0.306,6.0,187
1cb1f759,Rajasthan,Rajasthan District 3,Industrial,Compensation,244,64,17,0,3,45,0,0.052,5.0,154
1cc3743b,Andhra Pradesh,Andhra Pradesh District 4,Industrial,Possession,288,28,19,1,3,2,14,0.265,6.0,197
565f653d,Maharashtra,Maharashtra District 1,Agricultural,Compensation,306,126,30,0,4,22,39,0.222,10.0,154
40b9a740,West Bengal,West Bengal District 2,Commercial,Compensation,257,77,21,0,6,70,0,0.257,6.0,111
fe1fb892,Chhattisgarh,Chhattisgarh District 3,Residential,Possession,292,32,16,0,5,35,6,0.287,4.0,174
7ad73c3d,Bihar,Bihar District 4,Agricultural,Objection,127,27,34,1,8,3,10,0.442,11.0,174
7eedea51,West Bengal,West Bengal District 1,Agricultural,Objection,119,19,32,0,6,36,0,0.369,11.0,111
403bce65,Karnataka,Karnataka District 2,Agricultural,Compensation,254,74,33,0,5,34,4,0.293,11.0,165
6399d34c,Karnataka,Karnataka District 3,Industrial,Notification,38,18,18,0,2,4,0,0.216,6.0,138
746b75fd,Madhya Pradesh,Madhya Pradesh District 4,Agricultural,Compensation,235,55,16,1,2,9,10,0.206,5.0,174
c5916841,Chhattisgarh,Chhattisgarh District 1,Agricultural,Objection,166,66,16,0,4,4,0,0.264,4.0,138
b455800f,Madhya Pradesh,Madhya Pradesh District 2,Agricultural,Notification,68,48,22,0,4,5,0,0.315,7.0,181
6dc0f86d,Karnataka,Karnataka District 3,Industrial,Notification,58,38,24,0,0,0,0,0.02,9.0,192
ed8045d0,Andhra Pradesh,Andhra Pradesh District 4,Agricultural,Notification,49,29,20,1,6,1,14,0.286,6.0,197
11bab070,Tamil Nadu,Tamil Nadu District 1,Industrial,Objection,272,172,15,0,4,5,24,0.284,4.0,111
f061dce3,Maharashtra,Maharashtra District 2,Agricultural,Notification,40,20,21,0,5,2,0,0.221,6.0,192
4be60176,Karnataka,Karnataka District 3,Industrial,Compensation,219,39,5,0,0,47,0,0.216,2.0,111
e1449411,Andhra Pradesh,Andhra Pradesh District 4,Industrial,Compensation,249,69,24,0,3,12,1,0.127,8.0,174
23e5d5f0,West Bengal,West Bengal District 1,Commercial,Possession,297,37,5,0,1,0,10,0.027,1.0,222
80cb3738,Chhattisgarh,Chhattisgarh District 2,Industrial,Objection,149,49,18,0,4,34,2,0.254,5.0,138
8e5ad33a,Karnataka,Karnataka District 3,Agricultural,Compensation,262,82,29,0,2,40,10,0.23,10.0,165
83d77c31,Punjab,Punjab District 4,Commercial,Compensation,360,180,23,0,3,14,80,0.157,7.0,327
09f1fd0f,Bihar,Bihar District 1,Agricultural,Compensation,254,74,8,0,2,26,0,0.174,2.0,111
8c90372b,Andhra Pradesh,Andhra Pradesh District 2,Residential,Compensation,238,58,32,0,5,7,0,0.164,11.0,187
439ded6f,Uttar Pradesh,Uttar Pradesh District 3,Agricultural,Compensation,250,70,35,0,3,45,2,0.055,13.0,154
2965da72,Tamil Nadu,Tamil Nadu District 4,Agricultural,Notification,36,16,28,0,2,7,0,0.341,10.0,111
d96416ce,Uttar Pradesh,Uttar Pradesh District 1,Agricultural,Objection,142,42,4,0,1,3,0,0.138,1.0,111
b2759cde,Madhya Pradesh,Madhya Pradesh District 2,Commercial,Objection,125,25,13,0,3,6,0,0.303,3.0,111
8aa3be60,Punjab,Punjab District 3,Industrial,Objection,167,67,12,0,4,34,14,0.22,3.0,111
d6855805,Maharashtra,Maharashtra District 4,Agricultural,Notification,118,98,30,0,3,3,20,0.197,10.0,197
13816fc5,Rajasthan,Rajasthan District 1,Commercial,Notification,74,54,24,0,1,3,21,0.156,8.0,267
190c41d5,Karnataka,Karnataka District 2,Industrial,Notification,38,18,24,0,3,4,0,0.235,8.0,138
749164ca,Chhattisgarh,Chhattisgarh District 3,Residential,Possession,308,48,33,1,9,32,27,0.411,11.0,257
e76cae50,Rajasthan,Rajasthan District 4,Agricultural,Compensation,232,52,35,1,6,42,10,0.465,12.0,111
64457459,Maharashtra,Maharashtra District 1,Industrial,Compensation,360,180,17,0,2,28,80,0.183,5.0,319
946ce083,Madhya Pradesh,Madhya Pradesh District 2,Agricultural,Objection,252,152,28,0,2,2,11,0.122,10.0,174
7cd06ac9,Uttar Pradesh,Uttar Pradesh District 3,Industrial,Objection,280,180,34,1,6,2,40,0.326,12.0,187
a982e2f4,Bihar,Bihar District 4,Agricultural,Notification,30,10,31,1,6,3,10,0.384,10.0,111
306b8011,Haryana,Haryana District 1,Residential,Compensation,211,31,17,1,5,46,10,0.448,5.0,111
611027b3,Rajasthan,Rajasthan District 2,Agricultural,Notification,42,22,29,0,4,5,0,0.315,10.0,111
9824f5ad,Chhattisgarh,Chhattisgarh District 3,Industrial,Objection,280,180,30,0,4,4,48,0.269,10.0,154
ab1ba09f,Karnataka,Karnataka District 4,Agricultural,Possession,285,25,26,1,7,6,12,0.523,8.0,154
f512ce1a,Andhra Pradesh,Andhra Pradesh District 1,Industrial,Objection,160,60,22,0,1,3,10,0.15,8.0,154
46415be2,Chhattisgarh,Chhattisgarh District 2,Industrial,Possession,283,23,10,0,1,4,0,0.177,3.0,138
eef7cc64,Maharashtra,Maharashtra District 3,Agricultural,Notification,54,34,6,1,4,33,18,0.3,2.0,138
94453bb9,Tamil Nadu,Tamil Nadu District 4,Industrial,Possession,278,18,23,1,4,3,10,0.331,8.0,181
ec5c3493,Rajasthan,Rajasthan District 1,Industrial,Notification,88,68,33,0,4,8,0,0.383,11.0,181
e91d418e,Madhya Pradesh,Madhya Pradesh District 2,Agricultural,Notification,36,16,16,0,3,7,0,0.352,5.0,111
ac72354d,Maharashtra,Maharashtra District 3,Agricultural,Possession,284,24,15,1,5,4,11,0.384,4.0,165
8cb2d0cf,Chhattisgarh,Chhattisgarh District 4,Industrial,Objection,144,44,29,0,4,3,0,0.236,10.0,197
404829b3,Madhya Pradesh,Madhya Pradesh District 1,Agricultural,Notification,36,16,30,0,3,2,0,0.164,10.0,201
87361e43,Andhra Pradesh,Andhra Pradesh District 2,Commercial,Possession,276,16,24,1,5,3,10,0.345,8.0,201
3460a861,Tamil Nadu,Tamil Nadu District 3,Agricultural,Compensation,360,180,33,0,4,5,76,0.129,11.0,320
aa504dd7,Andhra Pradesh,Andhra Pradesh District 4,Industrial,Objection,164,64,28,0,7,33,13,0.27,9.0,197
d0e358cd,Chhattisgarh,Chhattisgarh District 1,Industrial,Possession,273,13,16,0,3,3,0,0.184,5.0,192
f6ddc0f5,Tamil Nadu,Tamil Nadu District 2,Agricultural,Possession,276,16,6,0,1,0,0,0.039,2.0,111
94dfe70b,Punjab,Punjab District 3,Agricultural,Objection,180,80,12,0,2,1,0,0.093,3.0,111
77cd84dc,Punjab,Punjab District 4,Residential,Notification,121,101,42,0,3,3,22,0.186,16.0,187
cb312f08,Uttar Pradesh,Uttar Pradesh District 1,Commercial,Objection,127,27,19,1,3,6,10,0.419,6.0,111
432a2067,Bihar,Bihar District 2,Residential,Compensation,238,58,34,0,4,0,0,0.11,12.0,111
6e21274f,Uttar Pradesh,Uttar Pradesh District 3,Residential,Possession,272,12,15,0,3,3,0,0.198,4.0,111
282e7090,Haryana,Haryana District 4,Agricultural,Notification,77,57,24,0,2,1,23,0.113,8.0,272
8b4c705b,Uttar Pradesh,Uttar Pradesh District 1,Industrial,Possession,282,22,17,1,4,3,10,0.295,5.0,187
1f164268,Bihar,Bihar District 2,Industrial,Compensation,353,173,38,0,7,14,56,0.271,13.0,297
712e88c7,Chhattisgarh,Chhattisgarh District 3,Industrial,Possession,285,25,29,0,3,1,2,0.12,10.0,165
f66516c4,West Bengal,West Bengal District 4,Industrial,Notification,30,7,17,0,2,1,0,0.073,5.0,201
0a39717f,Karnataka,Karnataka District 1,Industrial,Compensation,226,46,34,0,3,54,0,0.331,12.0,165
c7d6a6ad,West Bengal,West Bengal District 2,Agricultural,Notification,34,14,29,0,4,1,0,0.135,10.0,111
c81031ab,Chhattisgarh,Chhattisgarh District 3,Agricultural,Possession,274,14,14,0,3,2,0,0.157,4.0,165
8d91229f,Chhattisgarh,Chhattisgarh District 4,Residential,Notification,30,10,13,0,3,6,0,0.315,3.0,138
2530fa62,Bihar,Bihar District 1,Commercial,Objection,160,60,45,1,8,4,20,0.443,16.0,239
3165f300,Uttar Pradesh,Uttar Pradesh District 2,Industrial,Possession,277,17,25,0,4,36,0,0.317,8.0,111
77b7e2f8,Karnataka,Karnataka District 3,Industrial,Possession,288,28,25,0,4,0,4,0.128,8.0,111
2f6b037f,Bihar,Bihar District 4,Residential,Compensation,296,116,28,0,4,16,17,0.178,9.0,192
b57bfe67,West Bengal,West Bengal District 1,Industrial,Objection,200,100,38,1,7,2,10,0.366,13.0,111
6923ad48,Rajasthan,Rajasthan District 2,Industrial,Objection,131,31,24,1,7,3,10,0.392,7.0,111
bbc05ea1,Madhya Pradesh,Madhya Pradesh District 3,Agricultural,Objection,280,180,20,0,3,4,57,0.235,6.0,201
5c2e9b4b,Chhattisgarh,Chhattisgarh District 4,Agricultural,Notification,68,48,24,0,6,32,0,0.22,7.0,111
edf48209,Tamil Nadu,Tamil Nadu District 1,Industrial,Notification,30,9,27,0,3,33,0,0.157,9.0,187
24dd0b4d,Bihar,Bihar District 2,Commercial,Objection,246,146,26,0,2,2,7,0.118,9.0,192
014259ec,Madhya Pradesh,Madhya Pradesh District 3,Agricultural,Notification,30,8,43,0,7,34,0,0.339,15.0,187
1763ec2a,Maharashtra,Maharashtra District 4,Agricultural,Notification,200,180,31,0,2,5,80,0.235,11.0,320
ef0b5230,Andhra Pradesh,Andhra Pradesh District 1,Industrial,Compensation,299,119,31,0,5,17,34,0.232,10.0,197
ace833dd,Maharashtra,Maharashtra District 2,Agricultural,Objection,280,180,30,0,3,5,54,0.258,10.0,307
45ba045e,Bihar,Bihar District 3,Residential,Compensation,274,94,21,0,3,18,3,0.164,7.0,201
af83728e,Madhya Pradesh,Madhya Pradesh District 4,Industrial,Compensation,231,51,28,0,5,30,0,0.268,9.0,138
5b953351,Karnataka,Karnataka District 1,Agricultural,Possession,291,31,16,0,4,33,6,0.188,5.0,138
58b2f2e8,Punjab,Punjab District 2,Industrial,Notification,106,86,12,0,1,3,12,0.13,4.0,201
2294f0b9,Tamil Nadu,Tamil Nadu District 3,Agricultural,Notification,68,48,39,0,5,1,0,0.178,14.0,165
be03052b,Bihar,Bihar District 4,Industrial,Possession,317,57,6,0,1,3,23,0.169,2.0,254
080b8497,Maharashtra,Maharashtra District 1,Agricultural,Notification,115,95,3,0,0,0,18,0.02,1.0,187
9f2e3340,Haryana,Haryana District 2,Agricultural,Possession,272,12,29,0,5,35,0,0.308,10.0,174
dfb04abc,Karnataka,Karnataka District 3,Industrial,Possession,276,16,31,0,3,5,0,0.271,11.0,138
893d1d7f,Tamil Nadu,Tamil Nadu District 4,Agricultural,Compensation,280,100,25,0,2,12,6,0.107,9.0,201
a561b77d,Karnataka,Karnataka District 1,Residential,Objection,206,106,14,0,0,7,0,0.272,5.0,138
43e5b4d1,Haryana,Haryana District 2,Agricultural,Compensation,210,30,22,1,3,5,10,0.202,8.0,174
06a9e695,Haryana,Haryana District 3,Agricultural,Possession,273,13,35,1,10,4,10,0.501,11.0,111
c77a1683,Karnataka,Karnataka District 4,Industrial,Objection,144,44,32,1,7,2,10,0.346,11.0,174
40b0ec10,Karnataka,Karnataka District 1,Residential,Compensation,231,51,22,0,3,21,0,0.187,7.0,111
b62546ed,Chhattisgarh,Chhattisgarh District 2,Industrial,Compensation,248,68,21,1,6,0,10,0.266,6.0,154
32da53af,Bihar,Bihar District 3,Residential,Possession,288,28,50,0,8,34,4,0.343,18.0,187
d5c0cb04,West Bengal,West Bengal District 4,Industrial,Compensation,298,118,25,0,4,7,19,0.145,8.0,192
71a94455,Haryana,Haryana District 1,Industrial,Notification,55,35,27,0,4,5,8,0.324,9.0,181
34c0a5f4,Andhra Pradesh,Andhra Pradesh District 2,Agricultural,Objection,132,32,3,1,3,4,10,0.32,1.0,111
a4516d3d,Andhra Pradesh,Andhra Pradesh District 3,Industrial,Objection,280,180,41,0,6,2,68,0.234,14.0,197
90ec5b91,Uttar Pradesh,Uttar Pradesh District 4,Residential,Notification,114,94,27,0,3,0,18,0.112,9.0,111
c29e84fa,Maharashtra,Maharashtra District 1,Industrial,Notification,157,137,5,1,2,6,56,0.371,2.0,181
5786d4cc,West Bengal,West Bengal District 2,Industrial,Objection,159,59,28,0,1,1,10,0.076,10.0,181
c43b342f,Rajasthan,Rajasthan District 3,Commercial,Compensation,301,121,21,0,3,39,20,0.261,7.0,264
6967d362,West Bengal,West Bengal District 4,Residential,Objection,178,78,11,0,0,3,22,0.113,4.0,262
b969cf36,West Bengal,West Bengal District 1,Agricultural,Possession,282,22,21,1,4,6,10,0.432,7.0,181
1a681036,West Bengal,West Bengal District 2,Agricultural,Compensation,224,44,25,0,4,56,0,0.129,8.0,187
40d15bee,Bihar,Bihar District 3,Industrial,Objection,280,180,25,1,3,4,77,0.318,9.0,154
63540e9c,Tamil Nadu,Tamil Nadu District 4,Residential,Notification,52,32,25,0,3,3,0,0.186,8.0,154
690fe8f5,Haryana,Haryana District 1,Industrial,Notification,135,115,11,0,3,5,32,0.255,3.0,111
bbac845e,Andhra Pradesh,Andhra Pradesh District 2,Industrial,Possession,267,7,15,0,1,0,0,0.044,5.0,197
ee7e0474,Tamil Nadu,Tamil Nadu District 3,Residential,Objection,159,59,21,0,4,1,0,0.159,6.0,138
877b4029,Uttar Pradesh,Uttar Pradesh District 4,Industrial,Possession,286,26,33,0,6,1,2,0.203,11.0,165
662be6f3,Punjab,Punjab District 1,Agricultural,Notification,129,109,13,0,3,5,28,0.274,3.0,201
eadd1bfe,Uttar Pradesh,Uttar Pradesh District 2,Commercial,Compensation,230,50,22,1,6,103,10,0.505,7.0,197
186154e2,Tamil Nadu,Tamil Nadu District 3,Agricultural,Compensation,244,64,10,0,0,26,0,0.125,3.0,111
78e6d3a8,Uttar Pradesh,Uttar Pradesh District 4,Agricultural,Compensation,312,132,26,0,2,36,43,0.222,9.0,154
03a02b3c,Maharashtra,Maharashtra District 1,Agricultural,Possession,285,25,25,1,5,0,12,0.229,8.0,138
53ae6f5c,Chhattisgarh,Chhattisgarh District 2,Industrial,Objection,280,180,49,0,6,2,39,0.218,18.0,288
efc5bb8e,Tamil Nadu,Tamil Nadu District 3,Agricultural,Compensation,278,98,22,0,2,14,6,0.126,7.0,214
30469a40,Haryana,Haryana District 4,Residential,Objection,240,140,27,0,4,35,4,0.267,9.0,154
cf5cba9a,Karnataka,Karnataka District 1,Industrial,Compensation,330,150,14,0,0,15,40,0.068,5.0,197
93797f30,Chhattisgarh,Chhattisgarh District 2,Agricultural,Objection,150,50,32,0,3,2,3,0.186,11.0,192
fd39c3fe,Punjab,Punjab District 3,Industrial,Notification,117,97,41,0,6,2,20,0.239,14.0,181
612e67bf,Uttar Pradesh,Uttar Pradesh District 4,Commercial,Objection,176,76,17,0,2,32,0,0.093,6.0,111
ae74ac19,Karnataka,Karnataka District 1,Agricultural,Objection,150,50,25,0,6,35,4,0.313,8.0,174
ce645662,Madhya Pradesh,Madhya Pradesh District 2,Residential,Possession,282,22,17,0,1,3,0,0.118,6.0,111
03fbef0e,Punjab,Punjab District 3,Agricultural,Compensation,251,71,13,0,3,37,2,0.261,3.0,187
8272d0b3,Uttar Pradesh,Uttar Pradesh District 4,Commercial,Objection,225,125,36,1,6,0,64,0.294,13.0,300
836b96ec,Tamil Nadu,Tamil Nadu District 1,Agricultural,Compensation,335,155,14,1,3,33,54,0.337,4.0,297
32d35386,Rajasthan,Rajasthan District 2,Agricultural,Compensation,268,88,24,0,4,23,0,0.212,8.0,197
fb84b820,Bihar,Bihar District 3,Industrial,Compensation,360,180,22,0,5,79,60,0.28,7.0,165
f5f85c66,Maharashtra,Maharashtra District 4,Industrial,Possession,294,34,34,0,4,3,8,0.238,12.0,174
2b34e9d3,Rajasthan,Rajasthan District 1,Agricultural,Compensation,360,180,22,0,1,54,80,0.278,8.0,338
b04da3d0,Chhattisgarh,Chhattisgarh District 2,Agricultural,Compensation,251,71,20,0,5,21,0,0.231,5.0,111
0976553d,Rajasthan,Rajasthan District 3,Industrial,Objection,280,180,21,0,4,36,68,0.305,7.0,111
a5f53bc1,Punjab,Punjab District 4,Industrial,Compensation,308,128,33,0,4,22,25,0.207,11.0,201
d33ee98d,Madhya Pradesh,Madhya Pradesh District 1,Industrial,Objection,280,180,13,0,1,3,42,0.151,4.0,138
5fff5a85,Maharashtra,Maharashtra District 2,Agricultural,Possession,282,22,30,0,7,33,0,0.271,9.0,111
ebe82e40,Maharashtra,Maharashtra District 3,Commercial,Compensation,219,39,14,0,3,25,0,0.213,4.0,187
4f72d10d,Uttar Pradesh,Uttar Pradesh District 4,Industrial,Objection,163,63,30,1,5,4,22,0.369,10.0,230
847cf2b4,Punjab,Punjab District 1,Agricultural,Notification,64,44,31,0,6,35,14,0.355,10.0,255
a4cbb14c,West Bengal,West Bengal District 2,Agricultural,Notification,35,15,11,0,1,5,0,0.237,3.0,111
6a536587,West Bengal,West Bengal District 3,Industrial,Objection,213,113,29,0,5,0,0,0.142,9.0,111
eaa340d4,Andhra Pradesh,Andhra Pradesh District 4,Agricultural,Possession,275,15,17,1,6,4,10,0.408,5.0,111
007b9cf2,Bihar,Bihar District 1,Commercial,Notification,73,53,20,0,4,4,0,0.253,6.0,187
2eab0ac8,Tamil Nadu,Tamil Nadu District 2,Industrial,Compensation,323,143,18,0,4,33,36,0.276,5.0,274
facd7061,Punjab,Punjab District 3,Agricultural,Notification,197,177,32,1,7,3,80,0.379,11.0,307
a2771147,Tamil Nadu,Tamil Nadu District 4,Industrial,Compensation,198,18,24,0,3,5,0,0.096,8.0,174
a896675c,Rajasthan,Rajasthan District 1,Agricultural,Notification,50,30,14,0,1,38,5,0.311,5.0,165
66c4fba7,Punjab,Punjab District 2,Industrial,Objection,280,180,34,0,4,2,40,0.193,12.0,192
8e0c1376,Punjab,Punjab District 3,Industrial,Notification,108,88,14,0,0,3,14,0.122,5.0,154
4ed14af8,West Bengal,West Bengal District 4,Industrial,Objection,189,89,27,0,4,7,30,0.389,9.0,197
503b97ae,Tamil Nadu,Tamil Nadu District 1,Industrial,Notification,81,61,40,0,7,2,26,0.242,14.0,260
56d49372,Tamil Nadu,Tamil Nadu District 2,Agricultural,Objection,188,88,5,0,0,5,28,0.173,2.0,187
ce64d841,Maharashtra,Maharashtra District 3,Industrial,Compensation,325,145,22,0,1,19,52,0.116,8.0,298
bc8d0ee3,Haryana,Haryana District 4,Industrial,Possession,274,14,27,1,8,33,10,0.397,9.0,197
6a011ea1,Madhya Pradesh,Madhya Pradesh District 1,Agricultural,Notification,120,100,23,0,4,33,22,0.201,7.0,181
ed90158a,Haryana,Haryana District 2,Agricultural,Possession,306,46,32,0,3,5,16,0.289,11.0,111
128dbfff,Chhattisgarh,Chhattisgarh District 3,Industrial,Notification,154,134,12,0,2,0,44,0.05,3.0,192
79374c6d,Madhya Pradesh,Madhya Pradesh District 4,Industrial,Possession,275,15,13,0,1,0,0,0.021,4.0,187
16d3cd96,Karnataka,Karnataka District 1,Agricultural,Possession,306,46,34,1,5,2,26,0.309,12.0,201
6d47b74d,Tamil Nadu,Tamil Nadu District 2,Agricultural,Notification,113,93,21,0,4,0,17,0.116,6.0,138
fc92d58f,Andhra Pradesh,Andhra Pradesh District 3,Industrial,Objection,280,180,8,1,4,3,80,0.325,2.0,330
c7be43ba,Chhattisgarh,Chhattisgarh District 4,Industrial,Possession,289,29,31,0,6,1,4,0.208,10.0,205
602903fe,Haryana,Haryana District 1,Industrial,Notification,40,20,23,0,1,6,0,0.265,8.0,111
b7c0f1a4,Rajasthan,Rajasthan District 2,Agricultural,Possession,274,14,18,0,3,36,0,0.294,6.0,181
5f74d0c1,Punjab,Punjab District 3,Industrial,Compensation,360,180,24,0,4,31,80,0.245,8.0,324
2ab2fb45,Andhra Pradesh,Andhra Pradesh District 4,Agricultural,Compensation,264,84,13,0,3,38,0,0.267,3.0,192
91a08784,Chhattisgarh,Chhattisgarh District 1,Residential,Notification,31,11,22,0,5,36,0,0.357,7.0,111
17ba5c23,Chhattisgarh,Chhattisgarh District 2,Industrial,Objection,280,180,33,0,6,2,58,0.234,11.0,197
b38e4106,Haryana,Haryana District 3,Industrial,Compensation,326,146,22,1,4,18,48,0.293,7.0,138
4625130a,Bihar,Bihar District 4,Agricultural,Notification,78,58,20,0,4,34,0,0.227,6.0,111
c77cc320,Tamil Nadu,Tamil Nadu District 1,Agricultural,Compensation,296,116,17,0,3,78,18,0.205,5.0,138
4007e9bc,Karnataka,Karnataka District 2,Agricultural,Objection,150,50,15,0,2,5,4,0.266,4.0,111
85ad1f1c,Madhya Pradesh,Madhya Pradesh District 3,Agricultural,Compensation,235,55,14,0,3,65,0,0.153,4.0,111
70592f6f,Chhattisgarh,Chhattisgarh District 4,Residential,Compensation,340,160,26,0,5,75,62,0.255,8.0,304
8674e8c3,Bihar,Bihar District 1,Residential,Notification,57,37,35,0,4,1,10,0.154,12.0,234
3b3db916,Tamil Nadu,Tamil Nadu District 2,Agricultural,Objection,138,38,33,1,6,32,10,0.312,12.0,111
78ad0dbd,Uttar Pradesh,Uttar Pradesh District 3,Industrial,Possession,285,25,25,0,4,34,2,0.216,8.0,165
e4eaa096,Punjab,Punjab District 4,Agricultural,Notification,88,68,24,1,7,0,10,0.284,7.0,111
0823d391,Chhattisgarh,Chhattisgarh District 1,Agricultural,Objection,226,126,18,0,0,5,0,0.199,6.0,174
19b841a1,Chhattisgarh,Chhattisgarh District 2,Agricultural,Compensation,260,80,3,0,1,41,0,0.207,1.0,111
5245ffda,Rajasthan,Rajasthan District 3,Industrial,Possession,285,25,6,0,0,9,2,0.331,2.0,181
ca61742e,Rajasthan,Rajasthan District 4,Industrial,Objection,125,25,32,0,4,5,0,0.268,11.0,111
eacc2f48,Chhattisgarh,Chhattisgarh District 1,Agricultural,Possession,296,36,24,1,6,3,19,0.36,8.0,165
001346c8,Bihar,Bihar District 2,Industrial,Compensation,242,62,39,0,4,2,0,0.129,14.0,192
0984da6a,West Bengal,West Bengal District 3,Agricultural,Possession,300,40,50,0,6,3,12,0.258,19.0,165
b253c183,Andhra Pradesh,Andhra Pradesh District 4,Industrial,Notification,74,54,25,0,4,9,0,0.453,8.0,187
c4f0e844,West Bengal,West Bengal District 1,Agricultural,Objection,190,90,18,0,2,0,0,0.06,6.0,111
e70c6421,Haryana,Haryana District 2,Residential,Compensation,298,118,48,0,5,43,18,0.354,18.0,201
ad0f9504,Madhya Pradesh,Madhya Pradesh District 3,Industrial,Possession,286,26,23,0,2,4,2,0.209,8.0,197
780e19be,Haryana,Haryana District 4,Agricultural,Possession,286,26,22,0,3,31,2,0.087,7.0,192
1c3c1640,West Bengal,West Bengal District 1,Industrial,Objection,248,148,36,0,5,2,9,0.22,13.0,217
1c4e0ce2,Bihar,Bihar District 2,Commercial,Objection,280,180,31,1,6,4,48,0.424,10.0,197
ddbc2f69,Chhattisgarh,Chhattisgarh District 3,Agricultural,Possession,284,24,24,0,1,3,1,0.156,8.0,181
28e549ca,Bihar,Bihar District 4,Industrial,Objection,230,130,29,0,5,36,0,0.33,10.0,201
9e89ecef,Tamil Nadu,Tamil Nadu District 1,Agricultural,Compensation,263,83,15,0,1,77,0,0.153,5.0,111
3fd9bbbc,Tamil Nadu,Tamil Nadu District 2,Commercial,Notification,52,32,42,0,5,4,6,0.305,15.0,187
20c5d830,Bihar,Bihar District 3,Agricultural,Objection,280,180,29,1,6,1,46,0.284,10.0,174
e653903b,Punjab,Punjab District 4,Industrial,Compensation,292,112,32,0,5,0,15,0.13,11.0,138
1ad803b3,West Bengal,West Bengal District 1,Residential,Possession,296,36,32,0,5,30,9,0.1,11.0,201
be72cf5a,Tamil Nadu,Tamil Nadu District 2,Agricultural,Notification,50,30,36,0,2,7,5,0.329,13.0,201
6a978f23,West Bengal,West Bengal District 3,Agricultural,Possession,302,42,19,0,1,3,13,0.161,6.0,250
59e3b1b9,Uttar Pradesh,Uttar Pradesh District 4,Agricultural,Objection,280,180,11,0,2,1,62,0.107,3.0,192
e17e5b61,Karnataka,Karnataka District 1,Agricultural,Possession,276,16,34,0,6,4,0,0.323,11.0,174
f3f1f619,Maharashtra,Maharashtra District 2,Industrial,Objection,165,65,27,0,5,7,0,0.378,9.0,138
fef33c6b,Andhra Pradesh,Andhra Pradesh District 3,Agricultural,Compensation,268,88,24,0,4,6,14,0.131,8.0,165
7ce266e5,Chhattisgarh,Chhattisgarh District 4,Agricultural,Notification,61,41,23,0,1,3,12,0.137,8.0,154
a7f30468,West Bengal,West Bengal District 1,Agricultural,Compensation,260,80,21,0,3,29,8,0.213,7.0,197
4ef3206d,Bihar,Bihar District 2,Industrial,Possession,288,28,10,0,1,34,4,0.141,3.0,181
c4961b41,West Bengal,West Bengal District 3,Agricultural,Objection,196,96,38,1,10,30,10,0.36,13.0,138
3c4a1525,Chhattisgarh,Chhattisgarh District 4,Agricultural,Objection,186,86,23,0,2,4,0,0.204,8.0,111
1105dc09,Uttar Pradesh,Uttar Pradesh District 1,Agricultural,Objection,192,92,5,0,0,2,0,0.087,2.0,111
f67e37d8,Haryana,Haryana District 2,Industrial,Objection,240,140,26,0,5,5,4,0.332,8.0,201
74f33c7d,Karnataka,Karnataka District 3,Agricultural,Compensation,273,93,18,0,0,39,17,0.182,6.0,197
6ad36de7,Andhra Pradesh,Andhra Pradesh District 4,Industrial,Compensation,248,68,13,0,3,37,0,0.258,3.0,138
3d8aa8a8,Karnataka,Karnataka District 1,Agricultural,Compensation,345,165,17,0,2,17,65,0.133,5.0,310
8740228c,Andhra Pradesh,Andhra Pradesh District 2,Agricultural,Compensation,308,128,22,0,2,21,25,0.156,7.0,270
5d55a493,West Bengal,West Bengal District 3,Commercial,Objection,213,113,25,0,4,35,0,0.26,8.0,111
bf968e4b,Maharashtra,Maharashtra District 4,Agricultural,Compensation,360,180,23,0,2,0,80,0.066,8.0,323
17646f91,West Bengal,West Bengal District 1,Agricultural,Possession,303,43,30,0,6,6,14,0.412,9.0,138
26ef799c,Madhya Pradesh,Madhya Pradesh District 2,Agricultural,Compensation,217,37,2,0,0,34,0,0.163,1.0,181
62f96487,Andhra Pradesh,Andhra Pradesh District 3,Commercial,Possession,270,10,14,0,1,36,0,0.206,5.0,165
d60a1da7,Punjab,Punjab District 4,Industrial,Notification,102,82,31,0,4,3,10,0.245,10.0,187
01aa5981,Karnataka,Karnataka District 1,Industrial,Notification,142,122,24,1,2,0,46,0.167,9.0,181
bd2f4b1a,Karnataka,Karnataka District 2,Agricultural,Notification,45,25,29,0,5,3,2,0.239,9.0,192
6d601ba4,West Bengal,West Bengal District 3,Industrial,Compensation,278,98,11,0,2,33,6,0.196,3.0,205
1178c543,Uttar Pradesh,Uttar Pradesh District 4,Agricultural,Compensation,235,55,11,1,2,0,10,0.16,4.0,111
6baa5c27,Punjab,Punjab District 1,Agricultural,Objection,171,71,37,0,4,2,0,0.195,13.0,201
4350ac34,Andhra Pradesh,Andhra Pradesh District 2,Residential,Objection,121,21,28,0,3,1,0,0.138,9.0,111
c16c0261,Maharashtra,Maharashtra District 3,Agricultural,Objection,210,110,12,0,2,3,0,0.164,3.0,111
84ab3d4f,Bihar,Bihar District 4,Commercial,Compensation,324,144,11,0,3,44,51,0.275,3.0,111
9282e2e1,Uttar Pradesh,Uttar Pradesh District 1,Agricultural,Notification,200,180,30,0,4,3,80,0.214,10.0,332
e32bf75e,Andhra Pradesh,Andhra Pradesh District 2,Commercial,Notification,42,22,6,0,1,4,0,0.182,2.0,187
10609581,West Bengal,West Bengal District 3,Residential,Possession,292,32,23,0,6,5,6,0.33,6.0,220
f41af5d9,Karnataka,Karnataka District 4,Agricultural,Possession,279,19,31,0,5,32,0,0.213,10.0,165
20883d38,Karnataka,Karnataka District 1,Industrial,Notification,34,14,16,0,3,2,0,0.164,5.0,111
d417164e,Rajasthan,Rajasthan District 2,Commercial,Notification,89,69,12,0,3,7,1,0.324,3.0,165
8e6a97d1,Andhra Pradesh,Andhra Pradesh District 3,Industrial,Objection,172,72,10,0,0,5,0,0.172,3.0,111
f86527b8,Uttar Pradesh,Uttar Pradesh District 4,Residential,Objection,144,44,7,0,3,35,0,0.24,2.0,111
71b7bf8d,West Bengal,West Bengal District 1,Industrial,Compensation,360,180,9,0,2,109,80,0.321,3.0,329
0ade434a,Bihar,Bihar District 2,Industrial,Objection,146,46,31,1,6,4,10,0.42,10.0,197
e33794a8,Haryana,Haryana District 3,Industrial,Possession,308,48,29,0,6,33,17,0.251,9.0,257
e7b8486f,West Bengal,West Bengal District 4,Commercial,Objection,135,35,18,1,4,2,10,0.305,6.0,138
0588d629,Haryana,Haryana District 1,Industrial,Compensation,238,58,13,0,2,16,0,0.131,4.0,181
4588234e,Chhattisgarh,Chhattisgarh District 2,Industrial,Possession,274,14,27,0,3,5,0,0.279,9.0,138
dd1985ce,Madhya Pradesh,Madhya Pradesh District 3,Commercial,Compensation,267,87,16,0,4,0,13,0.108,4.0,181
43f1dbac,Rajasthan,Rajasthan District 4,Industrial,Notification,115,95,39,0,4,4,18,0.259,14.0,181
92b7ee1d,West Bengal,West Bengal District 1,Industrial,Compensation,337,157,32,1,4,24,54,0.325,12.0,111
295cca5c,Chhattisgarh,Chhattisgarh District 2,Agricultural,Notification,78,58,19,0,2,3,0,0.186,6.0,111
e38ab0fc,Madhya Pradesh,Madhya Pradesh District 3,Commercial,Compensation,279,99,19,1,4,0,16,0.214,6.0,165
b378fcd6,Tamil Nadu,Tamil Nadu District 4,Commercial,Compensation,237,57,3,1,3,85,10,0.559,1.0,197
37c673fa,West Bengal,West Bengal District 1,Industrial,Notification,46,26,23,0,4,30,2,0.096,7.0,138
be93ef54,Rajasthan,Rajasthan District 2,Commercial,Objection,169,69,20,0,4,2,0,0.171,6.0,192
41a9671e,Maharashtra,Maharashtra District 3,Agricultural,Compensation,280,100,21,0,3,51,22,0.32,7.0,201
68ea0188,Madhya Pradesh,Madhya Pradesh District 4,Industrial,Compensation,214,34,18,0,0,37,0,0.169,6.0,197
e7323278,Bihar,Bihar District 1,Commercial,Compensation,238,58,39,0,3,1,0,0.09,14.0,165
a82b6bb5,Maharashtra,Maharashtra District 2,Agricultural,Compensation,282,102,37,0,4,6,23,0.127,13.0,270
0c7eaa02,Rajasthan,Rajasthan District 3,Industrial,Objection,229,129,14,0,1,31,56,0.026,5.0,294
4541c407,Rajasthan,Rajasthan District 4,Agricultural,Possession,270,10,33,0,6,2,0,0.232,11.0,111
00d91241,Bihar,Bihar District 1,Agricultural,Notification,127,107,10,0,2,2,26,0.13,3.0,273
1d487aa2,Uttar Pradesh,Uttar Pradesh District 2,Industrial,Objection,194,94,27,1,4,2,43,0.296,9.0,187
50f0992e,Tamil Nadu,Tamil Nadu District 3,Commercial,Objection,144,44,17,0,3,3,0,0.186,5.0,192
65e5c9c3,Punjab,Punjab District 4,Agricultural,Notification,100,80,47,0,7,4,8,0.337,17.0,232
0251fcf9,Chhattisgarh,Chhattisgarh District 1,Agricultural,Notification,108,88,29,0,6,31,14,0.172,9.0,253
cbd740b1,Karnataka,Karnataka District 2,Agricultural,Compensation,291,111,28,0,3,4,29,0.089,10.0,111
396e1c6e,West Bengal,West Bengal District 3,Industrial,Objection,217,117,28,0,6,2,0,0.224,9.0,154
0fd4656f,Uttar Pradesh,Uttar Pradesh District 4,Industrial,Possession,275,15,36,0,5,39,0,0.453,13.0,154
ae6f9ab2,Rajasthan,Rajasthan District 1,Industrial,Notification,101,81,21,0,5,33,9,0.22,6.0,111
d94a5c96,Haryana,Haryana District 2,Agricultural,Notification,34,14,23,0,2,2,0,0.152,8.0,111
e97052fb,Uttar Pradesh,Uttar Pradesh District 3,Agricultural,Compensation,229,49,16,1,7,83,10,0.438,4.0,111
c70aac84,West Bengal,West Bengal District 4,Residential,Objection,129,29,23,0,3,0,0,0.095,7.0,138
9666e82c,Haryana,Haryana District 1,Commercial,Objection,128,28,17,0,4,0,0,0.118,5.0,111
833a17b3,Tamil Nadu,Tamil Nadu District 2,Agricultural,Compensation,222,42,4,0,2,101,0,0.28,1.0,181
7db8319a,Maharashtra,Maharashtra District 3,Agricultural,Objection,128,28,27,0,1,4,0,0.176,10.0,197
ca18a2bf,Madhya Pradesh,Madhya Pradesh District 4,Industrial,Notification,82,62,31,0,3,0,0,0.101,11.0,111
7d406053,West Bengal,West Bengal District 1,Agricultural,Notification,64,44,23,0,5,5,14,0.327,7.0,165
8f187e45,Uttar Pradesh,Uttar Pradesh District 2,Agricultural,Notification,107,87,26,0,1,3,13,0.142,9.0,197
6b1c4c7e,West Bengal,West Bengal District 3,Industrial,Objection,148,48,20,0,3,2,2,0.134,6.0,138
d926b58d,Tamil Nadu,Tamil Nadu District 4,Industrial,Compensation,284,104,29,0,5,40,10,0.328,9.0,181
770ee205,Uttar Pradesh,Uttar Pradesh District 1,Industrial,Possession,282,22,24,1,5,2,10,0.314,8.0,111
56150bb9,Madhya Pradesh,Madhya Pradesh District 2,Residential,Possession,289,29,30,0,3,6,4,0.293,10.0,192
41ac82e8,Madhya Pradesh,Madhya Pradesh District 3,Residential,Notification,161,141,30,1,5,4,59,0.367,10.0,174
6acbfe0b,Madhya Pradesh,Madhya Pradesh District 4,Residential,Notification,43,23,26,0,3,5,0,0.273,9.0,138
ad18654f,Andhra Pradesh,Andhra Pradesh District 1,Industrial,Notification,64,44,27,0,2,3,0,0.184,9.0,138
8003ba6e,Bihar,Bihar District 2,Industrial,Compensation,284,104,34,1,7,34,19,0.447,11.0,192
1e8572a6,Karnataka,Karnataka District 3,Industrial,Objection,122,22,30,0,3,5,0,0.256,10.0,111
8933673d,Rajasthan,Rajasthan District 4,Industrial,Objection,185,85,25,0,4,34,26,0.222,8.0,165
b1f98349,Bihar,Bihar District 1,Agricultural,Notification,112,92,29,0,5,1,16,0.189,9.0,174
8003122e,Madhya Pradesh,Madhya Pradesh District 2,Agricultural,Objection,203,103,29,0,4,2,0,0.187,10.0,192
f4e26c02,Uttar Pradesh,Uttar Pradesh District 3,Industrial,Possession,278,18,17,0,2,34,0,0.173,6.0,138
1254b607,West Bengal,West Bengal District 4,Agricultural,Possession,274,14,30,0,3,5,0,0.258,10.0,111
3253b665,Bihar,Bihar District 1,Industrial,Compensation,271,91,34,0,4,27,16,0.238,12.0,254
ea441e45,Punjab,Punjab District 2,Agricultural,Compensation,360,180,24,0,5,32,78,0.28,7.0,308
8d693878,Tamil Nadu,Tamil Nadu District 3,Agricultural,Notification,34,14,35,0,9,33,0,0.337,11.0,111
9b99b32d,Bihar,Bihar District 4,Agricultural,Notification,60,40,25,0,3,5,12,0.266,8.0,246
274855ba,Tamil Nadu,Tamil Nadu District 1,Residential,Notification,34,14,28,0,4,8,0,0.386,9.0,187
7f7567c9,West Bengal,West Bengal District 2,Industrial,Notification,33,13,25,1,4,2,10,0.265,9.0,111
8c801e6e,Andhra Pradesh,Andhra Pradesh District 3,Agricultural,Compensation,275,95,10,0,1,6,4,0.06,3.0,181
82598181,West Bengal,West Bengal District 4,Commercial,Notification,70,50,10,0,1,32,0,0.062,3.0,192
57fc2809,Uttar Pradesh,Uttar Pradesh District 1,Agricultural,Compensation,242,62,30,0,4,14,0,0.182,10.0,111
005bcafe,Uttar Pradesh,Uttar Pradesh District 2,Residential,Compensation,280,100,24,0,1,7,22,0.07,8.0,165
cac84d55,Uttar Pradesh,Uttar Pradesh District 3,Commercial,Objection,147,47,27,1,5,3,12,0.351,9.0,181
b705fa73,Punjab,Punjab District 4,Commercial,Compensation,240,60,21,0,5,45,0,0.112,6.0,111
36d91541,Madhya Pradesh,Madhya Pradesh District 1,Agricultural,Compensation,220,40,29,0,4,29,0,0.238,10.0,181
92dafb6c,Uttar Pradesh,Uttar Pradesh District 2,Agricultural,Compensation,223,43,35,0,6,99,0,0.402,12.0,111
99ddb716,Andhra Pradesh,Andhra Pradesh District 3,Residential,Compensation,244,64,37,0,7,0,0,0.198,12.0,138
96c3a42a,Chhattisgarh,Chhattisgarh District 4,Agricultural,Notification,107,87,20,0,3,5,13,0.276,6.0,174
ecb85eea,Maharashtra,Maharashtra District 1,Industrial,Compensation,360,180,43,0,4,26,62,0.238,16.0,187
b5abd13c,Maharashtra,Maharashtra District 2,Industrial,Compensation,273,93,26,0,2,48,2,0.278,9.0,165
bdec7395,Punjab,Punjab District 3,Agricultural,Compensation,309,129,30,0,3,0,41,0.087,10.0,296
5a2b18e0,Madhya Pradesh,Madhya Pradesh District 4,Agricultural,Objection,264,164,14,1,5,3,29,0.366,4.0,138
49681907,Rajasthan,Rajasthan District 1,Agricultural,Notification,42,22,34,0,7,1,0,0.241,11.0,111
f1e14397,Punjab,Punjab District 2,Commercial,Compensation,300,120,30,0,6,110,20,0.451,10.0,197
b8c83449,Punjab,Punjab District 3,Agricultural,Objection,192,92,25,0,4,3,0,0.225,8.0,138
c0a5cadf,Madhya Pradesh,Madhya Pradesh District 4,Industrial,Objection,164,64,23,0,1,4,12,0.178,8.0,165
2ed1f611,Uttar Pradesh,Uttar Pradesh District 1,Residential,Notification,42,22,16,1,4,5,10,0.389,5.0,201
69459b65,Haryana,Haryana District 2,Commercial,Notification,47,27,19,1,7,1,13,0.319,5.0,192
98087a41,Chhattisgarh,Chhattisgarh District 3,Commercial,Notification,31,11,21,0,4,4,0,0.251,6.0,174
51812fab,West Bengal,West Bengal District 4,Industrial,Possession,276,16,24,1,6,1,10,0.281,8.0,111
4abc34d9,Uttar Pradesh,Uttar Pradesh District 1,Industrial,Objection,144,44,13,0,3,3,0,0.178,3.0,111
1d9496f0,Chhattisgarh,Chhattisgarh District 2,Commercial,Compensation,360,180,15,0,0,17,71,0.088,5.0,318
d23ff918,Andhra Pradesh,Andhra Pradesh District 3,Industrial,Compensation,318,138,35,0,5,76,47,0.268,12.0,138
0c906eb1,Karnataka,Karnataka District 4,Industrial,Compensation,236,56,19,0,4,15,0,0.17,6.0,201
89bb8b2a,Madhya Pradesh,Madhya Pradesh District 1,Industrial,Compensation,250,70,43,1,8,35,12,0.49,15.0,165
8e71d9cb,West Bengal,West Bengal District 2,Agricultural,Objection,132,32,19,0,3,4,0,0.23,6.0,165
4f4c5737,Chhattisgarh,Chhattisgarh District 3,Industrial,Possession,281,21,46,0,8,30,0,0.196,16.0,111
c20d49da,Punjab,Punjab District 4,Agricultural,Objection,136,36,22,0,3,3,0,0.193,7.0,187
861ba2e7,Uttar Pradesh,Uttar Pradesh District 1,Residential,Possession,290,30,40,0,6,2,5,0.211,14.0,214
ce62bc7d,Chhattisgarh,Chhattisgarh District 2,Industrial,Objection,275,175,21,0,2,4,26,0.184,7.0,267
3d523d01,Bihar,Bihar District 3,Industrial,Notification,54,34,26,0,4,4,0,0.248,8.0,111
4637104c,Tamil Nadu,Tamil Nadu District 4,Industrial,Possession,282,22,23,0,1,3,0,0.149,8.0,192
96be964a,West Bengal,West Bengal District 1,Industrial,Objection,258,158,34,0,4,3,15,0.236,12.0,154
c533edcd,Bihar,Bihar District 2,Residential,Objection,265,165,21,1,6,0,30,0.266,6.0,187
f964a867,Chhattisgarh,Chhattisgarh District 3,Residential,Objection,128,28,31,1,4,3,10,0.334,11.0,111
fce76f60,Bihar,Bihar District 4,Commercial,Objection,280,180,24,0,5,31,34,0.134,8.0,111
a728941b,Karnataka,Karnataka District 1,Agricultural,Objection,280,180,21,0,4,35,80,0.277,7.0,322
f5577675,Tamil Nadu,Tamil Nadu District 2,Commercial,Compensation,256,76,13,0,1,29,6,0.157,4.0,154
68d807c3,Uttar Pradesh,Uttar Pradesh District 3,Commercial,Notification,34,14,10,1,3,2,10,0.253,3.0,197
541bb1f5,Bihar,Bihar District 4,Residential,Notification,88,68,34,0,6,33,0,0.251,11.0,111
31622349,Punjab,Punjab District 1,Industrial,Compensation,267,87,20,0,2,43,13,0.244,7.0,154
33347ef2,Karnataka,Karnataka District 2,Industrial,Objection,174,74,24,1,4,34,30,0.35,8.0,192
b975805d,Punjab,Punjab District 3,Commercial,Possession,294,34,27,0,5,7,8,0.369,9.0,201
8fe9a242,Bihar,Bihar District 4,Agricultural,Notification,32,12,16,1,6,34,10,0.392,5.0,192
4919f879,West Bengal,West Bengal District 1,Industrial,Objection,234,134,18,0,3,7,0,0.364,5.0,138
6f3fc890,Bihar,Bihar District 2,Residential,Objection,280,180,11,1,5,2,80,0.306,3.0,328
d5b3413a,Maharashtra,Maharashtra District 3,Industrial,Possession,282,22,24,0,4,32,0,0.145,8.0,111
1c720f0f,Uttar Pradesh,Uttar Pradesh District 4,Commercial,Objection,280,180,10,0,1,2,80,0.12,3.0,321
97aea4bf,Karnataka,Karnataka District 1,Commercial,Objection,280,180,30,0,2,6,34,0.258,11.0,154
9c2070c8,West Bengal,West Bengal District 2,Agricultural,Notification,34,14,10,0,0,5,0,0.182,3.0,111
c10f1588,Karnataka,Karnataka District 3,Agricultural,Possession,280,20,25,0,4,5,0,0.314,8.0,154
846ba49a,Andhra Pradesh,Andhra Pradesh District 4,Industrial,Notification,134,114,16,0,4,5,31,0.297,4.0,138
97a88571,Chhattisgarh,Chhattisgarh District 1,Agricultural,Objection,152,52,21,0,5,33,5,0.225,6.0,214
33573782,Haryana,Haryana District 2,Industrial,Possession,280,20,37,0,4,4,0,0.244,13.0,197
789cb6a9,Rajasthan,Rajasthan District 3,Agricultural,Compensation,311,131,29,0,5,19,28,0.228,9.0,187
6cdfdb91,Karnataka,Karnataka District 4,Agricultural,Notification,36,16,17,0,4,3,0,0.246,5.0,165
330551b6,Karnataka,Karnataka District 1,Commercial,Objection,280,180,30,1,6,2,78,0.331,10.0,181
8c442411,Uttar Pradesh,Uttar Pradesh District 2,Agricultural,Notification,64,44,28,0,2,3,14,0.188,10.0,256
10243d24,Bihar,Bihar District 3,Agricultural,Notification,85,65,23,1,4,1,10,0.27,8.0,201
9a4805ca,Madhya Pradesh,Madhya Pradesh District 4,Agricultural,Possession,274,14,27,0,4,4,0,0.26,9.0,111
38b00294,Uttar Pradesh,Uttar Pradesh District 1,Commercial,Compensation,269,89,21,0,2,36,0,0.216,7.0,111
5f5c04e4,Maharashtra,Maharashtra District 2,Industrial,Notification,84,64,22,0,4,2,0,0.179,7.0,111
ff3050ee,Chhattisgarh,Chhattisgarh District 3,Industrial,Notification,64,44,11,0,1,0,0,0.044,3.0,111
fb7c77c2,Andhra Pradesh,Andhra Pradesh District 4,Agricultural,Objection,188,88,39,0,8,2,0,0.305,13.0,181
581f3c53,Maharashtra,Maharashtra District 1,Industrial,Notification,160,140,22,0,3,7,48,0.334,7.0,296
0d9471b7,Haryana,Haryana District 2,Residential,Notification,42,22,29,0,4,5,0,0.307,10.0,187
091dc380,Uttar Pradesh,Uttar Pradesh District 3,Residential,Compensation,241,61,14,0,0,15,0,0.069,5.0,201
3aa95d8b,Uttar Pradesh,Uttar Pradesh District 4,Agricultural,Notification,132,112,25,0,5,5,30,0.336,8.0,192
bd887df3,Chhattisgarh,Chhattisgarh District 1,Commercial,Possession,295,35,14,0,0,6,8,0.212,5.0,111
10d49561,Punjab,Punjab District 2,Agricultural,Objection,216,116,17,0,2,34,0,0.181,6.0,111
6ecf26ba,Haryana,Haryana District 3,Agricultural,Objection,123,23,20,0,5,3,0,0.254,5.0,111
5901ac8e,Tamil Nadu,Tamil Nadu District 4,Commercial,Possession,271,11,32,0,3,31,0,0.113,12.0,165
902436eb,West Bengal,West Bengal District 1,Agricultural,Notification,65,45,15,0,2,1,0,0.106,4.0,192
a9512eba,Andhra Pradesh,Andhra Pradesh District 2,Agricultural,Objection,165,65,29,1,9,31,24,0.371,9.0,250
d344696b,Andhra Pradesh,Andhra Pradesh District 3,Agricultural,Notification,54,34,24,0,2,1,0,0.071,8.0,111
076caa50,Chhattisgarh,Chhattisgarh District 4,Agricultural,Objection,210,110,31,0,7,36,0,0.386,10.0,111
303bc3d9,Madhya Pradesh,Madhya Pradesh District 1,Industrial,Notification,40,20,30,0,4,1,0,0.139,10.0,111
8e2ab8f5,West Bengal,West Bengal District 2,Industrial,Objection,241,141,33,0,6,2,4,0.251,11.0,201
1140e2a7,Punjab,Punjab District 3,Agricultural,Objection,254,154,15,0,4,2,12,0.179,4.0,197
55393a0d,Madhya Pradesh,Madhya Pradesh District 4,Industrial,Objection,195,95,9,0,2,6,34,0.272,2.0,174
07f4c152,Madhya Pradesh,Madhya Pradesh District 1,Residential,Objection,280,180,25,0,2,1,40,0.096,9.0,281
5868351d,West Bengal,West Bengal District 2,Agricultural,Compensation,360,180,23,0,3,33,62,0.246,7.0,154
edce3a56,Rajasthan,Rajasthan District 3,Industrial,Compensation,340,160,39,0,4,30,46,0.259,14.0,187
2c018121,Punjab,Punjab District 4,Agricultural,Compensation,317,137,23,0,4,41,46,0.29,7.0,201
9048a98f,Haryana,Haryana District 1,Industrial,Notification,40,20,16,0,4,6,0,0.34,4.0,192
6ccefbe1,Chhattisgarh,Chhattisgarh District 2,Agricultural,Objection,152,52,29,0,6,0,5,0.186,9.0,192
40d96587,Punjab,Punjab District 3,Agricultural,Objection,125,25,10,0,3,30,0,0.067,3.0,138
e57228f6,Andhra Pradesh,Andhra Pradesh District 4,Commercial,Objection,200,100,40,0,2,3,0,0.19,15.0,197
ba254b17,Madhya Pradesh,Madhya Pradesh District 1,Industrial,Possession,277,17,13,0,1,2,0,0.083,4.0,192
4bb8a5bd,Andhra Pradesh,Andhra Pradesh District 2,Industrial,Objection,131,31,19,0,2,3,0,0.184,6.0,111
d7fc8819,Bihar,Bihar District 3,Agricultural,Notification,55,35,39,0,5,2,8,0.222,14.0,226
384ba542,Punjab,Punjab District 4,Industrial,Compensation,248,68,7,1,3,65,10,0.255,2.0,181
7b416076,Chhattisgarh,Chhattisgarh District 1,Industrial,Compensation,346,166,35,0,4,32,50,0.266,12.0,181
46809760,Uttar Pradesh,Uttar Pradesh District 2,Agricultural,Notification,83,63,25,0,4,3,27,0.208,8.0,275
3f8f54d6,Uttar Pradesh,Uttar Pradesh District 3,Residential,Notification,39,19,12,0,3,7,0,0.335,3.0,111
21a4a043,Haryana,Haryana District 4,Agricultural,Objection,280,180,33,0,7,0,50,0.204,10.0,192
235ec3e7,Bihar,Bihar District 1,Agricultural,Objection,202,102,15,0,4,0,0,0.1,4.0,111
1b30cbf0,Maharashtra,Maharashtra District 2,Agricultural,Notification,200,180,13,0,1,0,80,0.03,4.0,316
f2670e12,Bihar,Bihar District 3,Agricultural,Compensation,291,111,21,0,1,24,29,0.127,7.0,262
096c40ca,Karnataka,Karnataka District 4,Residential,Compensation,238,58,19,0,4,63,0,0.155,6.0,111
35f21d7e,Andhra Pradesh,Andhra Pradesh District 1,Industrial,Compensation,251,71,23,0,4,13,2,0.157,7.0,201
788c4ee6,Chhattisgarh,Chhattisgarh District 2,Industrial,Possession,270,10,14,0,1,7,0,0.281,4.0,111
ca20173e,Bihar,Bihar District 3,Residential,Objection,131,31,36,0,5,33,0,0.198,13.0,138
5f181cd1,Tamil Nadu,Tamil Nadu District 4,Industrial,Notification,93,73,37,0,4,3,4,0.214,13.0,181
5a215e29,Haryana,Haryana District 1,Agricultural,Notification,81,61,21,0,2,5,26,0.241,7.0,278
63ee5b99,West Bengal,West Bengal District 2,Agricultural,Compensation,220,40,27,0,3,17,0,0.173,9.0,111
5936b000,Tamil Nadu,Tamil Nadu District 3,Agricultural,Compensation,266,86,45,0,6,10,12,0.202,16.0,197
93c69cb9,Madhya Pradesh,Madhya Pradesh District 4,Agricultural,Compensation,360,180,20,0,1,32,80,0.188,7.0,313
08b0d409,Tamil Nadu,Tamil Nadu District 1,Industrial,Notification,40,20,13,0,3,4,0,0.234,3.0,138
3cb461ea,Uttar Pradesh,Uttar Pradesh District 2,Residential,Compensation,322,142,28,0,2,0,50,0.069,10.0,285
98b72367,West Bengal,West Bengal District 3,Commercial,Objection,280,180,2,0,0,0,54,0.02,1.0,291
ddcd70f3,Karnataka,Karnataka District 4,Agricultural,Objection,280,180,32,0,4,3,72,0.213,11.0,201
1b3ebbd7,Madhya Pradesh,Madhya Pradesh District 1,Agricultural,Compensation,254,74,27,0,2,18,4,0.146,9.0,192
42cf43ee,Bihar,Bihar District 2,Agricultural,Compensation,287,107,30,1,5,29,22,0.369,10.0,187
90d5231c,Tamil Nadu,Tamil Nadu District 3,Industrial,Compensation,210,30,22,0,3,49,0,0.316,7.0,174
910b3945,Haryana,Haryana District 4,Industrial,Compensation,239,59,36,0,4,23,0,0.233,13.0,187
7fdff38e,Chhattisgarh,Chhattisgarh District 1,Industrial,Compensation,248,68,23,0,5,34,0,0.288,7.0,181
a39da637,Uttar Pradesh,Uttar Pradesh District 2,Commercial,Objection,151,51,13,0,2,3,4,0.163,4.0,205
5336b6b6,Karnataka,Karnataka District 3,Agricultural,Objection,216,116,25,0,3,5,0,0.266,8.0,111
fddebf99,Bihar,Bihar District 4,Agricultural,Notification,42,22,33,0,6,36,0,0.353,11.0,187
35d2e769,Haryana,Haryana District 1,Commercial,Compensation,360,180,31,0,4,87,68,0.288,11.0,181
c3b7605d,Tamil Nadu,Tamil Nadu District 2,Industrial,Possession,286,26,21,0,2,3,2,0.16,7.0,192
bbfe9335,Madhya Pradesh,Madhya Pradesh District 3,Agricultural,Objection,126,26,21,0,3,5,0,0.252,7.0,181
19706184,Madhya Pradesh,Madhya Pradesh District 4,Agricultural,Objection,219,119,22,0,4,31,0,0.133,7.0,111
9601fd5e,Punjab,Punjab District 1,Agricultural,Compensation,360,180,46,0,6,12,80,0.225,17.0,344
f8b8cd1b,Haryana,Haryana District 2,Agricultural,Compensation,245,65,23,0,1,2,0,0.044,8.0,181
b77aff1b,Rajasthan,Rajasthan District 3,Industrial,Objection,186,86,30,1,5,3,10,0.334,10.0,111
690f720d,Chhattisgarh,Chhattisgarh District 4,Agricultural,Possession,271,11,31,0,3,4,0,0.232,11.0,192
180265dd,Punjab,Punjab District 1,Residential,Objection,280,180,16,0,4,37,40,0.337,5.0,174
8f3f1a15,Madhya Pradesh,Madhya Pradesh District 2,Agricultural,Objection,216,116,10,0,1,0,0,0.032,3.0,154
86ce4843,Uttar Pradesh,Uttar Pradesh District 3,Commercial,Compensation,230,50,26,0,2,11,0,0.105,9.0,111
02186690,Andhra Pradesh,Andhra Pradesh District 4,Industrial,Compensation,277,97,37,0,4,0,4,0.1,13.0,192
960d4221,Chhattisgarh,Chhattisgarh District 1,Agricultural,Objection,117,17,26,0,3,5,0,0.28,9.0,187
b5c7a690,Andhra Pradesh,Andhra Pradesh District 2,Commercial,Objection,160,60,32,0,4,0,10,0.116,11.0,174
4cec623c,West Bengal,West Bengal District 3,Industrial,Compensation,334,154,28,0,4,61,42,0.38,9.0,197
4a13cec1,Rajasthan,Rajasthan District 4,Commercial,Notification,39,19,6,0,2,34,0,0.171,2.0,197
eb1e2ddc,Chhattisgarh,Chhattisgarh District 1,Residential,Possession,303,43,28,0,4,1,14,0.149,9.0,181
cc20d7fd,Madhya Pradesh,Madhya Pradesh District 2,Residential,Compensation,272,92,8,0,2,45,16,0.261,2.0,174
288f0bad,Rajasthan,Rajasthan District 3,Agricultural,Objection,280,180,5,0,0,3,80,0.126,2.0,352
8de4ec55,Chhattisgarh,Chhattisgarh District 4,Industrial,Possession,281,21,29,0,3,1,0,0.11,10.0,111
a6fc90d9,Karnataka,Karnataka District 1,Residential,Notification,77,57,32,0,2,4,0,0.205,12.0,111
87903285,West Bengal,West Bengal District 2,Industrial,Compensation,235,55,12,0,3,72,0,0.177,3.0,154
0b9e1e6a,Tamil Nadu,Tamil Nadu District 3,Agricultural,Notification,39,19,18,1,7,0,10,0.276,5.0,111
3267229b,Chhattisgarh,Chhattisgarh District 4,Agricultural,Compensation,222,42,32,0,3,17,0,0.175,11.0,201
c3d51549,Andhra Pradesh,Andhra Pradesh District 1,Commercial,Objection,252,152,20,0,3,7,11,0.344,6.0,246
ac611868,Uttar Pradesh,Uttar Pradesh District 2,Agricultural,Objection,280,180,23,1,5,5,44,0.444,7.0,187
d80912fe,Chhattisgarh,Chhattisgarh District 3,Agricultural,Possession,288,28,25,0,4,3,4,0.228,8.0,174
ddb03706,Rajasthan,Rajasthan District 4,Industrial,Notification,42,22,28,0,1,0,0,0.038,10.0,192
9faf2d54,Madhya Pradesh,Madhya Pradesh District 1,Commercial,Objection,273,173,16,0,5,34,26,0.268,4.0,111
d3e8607b,Punjab,Punjab District 2,Agricultural,Possession,271,11,12,0,1,4,0,0.179,4.0,192
134138bd,Karnataka,Karnataka District 3,Industrial,Objection,280,180,16,0,4,6,80,0.33,4.0,329
1a0f36ef,Tamil Nadu,Tamil Nadu District 4,Agricultural,Possession,271,11,20,0,3,1,0,0.101,6.0,192
f09be7a0,Uttar Pradesh,Uttar Pradesh District 1,Agricultural,Compensation,272,92,20,1,6,48,26,0.238,6.0,256
58ba8609,Tamil Nadu,Tamil Nadu District 2,Industrial,Notification,42,22,23,0,3,34,0,0.193,8.0,192
a0c2cc17,Bihar,Bihar District 3,Industrial,Notification,90,70,18,0,1,1,2,0.047,6.0,138
5c2099c4,West Bengal,West Bengal District 4,Agricultural,Compensation,224,44,31,1,5,40,10,0.43,11.0,174
8e8e2806,Bihar,Bihar District 1,Residential,Possession,281,21,29,0,4,4,0,0.243,10.0,187
f2ea284e,Madhya Pradesh,Madhya Pradesh District 2,Agricultural,Notification,81,61,31,0,5,37,0,0.38,10.0,165
c2eef308,Maharashtra,Maharashtra District 3,Industrial,Possession,285,25,16,0,0,5,2,0.197,5.0,154
803bad88,Haryana,Haryana District 4,Agricultural,Possession,278,18,30,0,5,7,0,0.42,10.0,138
2d0db2a0,Chhattisgarh,Chhattisgarh District 1,Industrial,Compensation,360,180,41,0,5,51,78,0.363,15.0,309
84111288,Uttar Pradesh,Uttar Pradesh District 2,Industrial,Possession,312,52,14,0,1,2,20,0.111,4.0,249
0409999d,Andhra Pradesh,Andhra Pradesh District 3,Commercial,Objection,151,51,39,0,5,32,4,0.187,14.0,205
ad2c0741,Maharashtra,Maharashtra District 4,Agricultural,Notification,200,180,27,0,1,3,80,0.155,10.0,312
02199e29,Rajasthan,Rajasthan District 1,Agricultural,Notification,39,19,26,0,4,8,0,0.412,8.0,111
f6fc99ae,West Bengal,West Bengal District 2,Agricultural,Compensation,289,109,25,0,5,60,28,0.179,8.0,264
c1888867,Uttar Pradesh,Uttar Pradesh District 3,Commercial,Notification,160,140,24,0,4,4,48,0.247,8.0,138
9f134639,Uttar Pradesh,Uttar Pradesh District 4,Commercial,Possession,281,21,6,0,1,2,0,0.112,2.0,111
bcc65b08,Chhattisgarh,Chhattisgarh District 1,Agricultural,Notification,50,30,34,0,5,4,5,0.278,11.0,197
b59bcedf,Uttar Pradesh,Uttar Pradesh District 2,Industrial,Possession,295,35,26,0,4,34,8,0.249,9.0,174
f74a8d04,Chhattisgarh,Chhattisgarh District 3,Agricultural,Compensation,358,178,30,0,4,31,58,0.26,10.0,154
da283e49,Madhya Pradesh,Madhya Pradesh District 4,Industrial,Notification,77,57,31,0,5,0,0,0.152,10.0,181
a1b8e57c,Maharashtra,Maharashtra District 1,Industrial,Objection,214,114,30,0,6,30,46,0.145,10.0,281
81e0a18e,West Bengal,West Bengal District 2,Industrial,Compensation,233,53,36,0,4,47,0,0.343,13.0,201
4d39e5e8,Rajasthan,Rajasthan District 3,Industrial,Objection,133,33,20,0,0,5,0,0.201,7.0,192
4ac4b0c4,Rajasthan,Rajasthan District 4,Commercial,Objection,143,43,7,0,3,33,0,0.157,2.0,181
e9b15bda,Rajasthan,Rajasthan District 1,Agricultural,Objection,168,68,18,0,4,39,15,0.417,5.0,247
d4f9f395,Uttar Pradesh,Uttar Pradesh District 2,Residential,Notification,161,141,28,0,5,5,49,0.306,9.0,154
408733c5,Uttar Pradesh,Uttar Pradesh District 3,Commercial,Compensation,276,96,42,1,6,22,14,0.363,16.0,201
800de239,Bihar,Bihar District 4,Commercial,Possession,279,19,10,0,1,6,0,0.261,3.0,192
1d1eb94e,Rajasthan,Rajasthan District 1,Industrial,Compensation,217,37,32,0,2,30,0,0.204,12.0,197
4ada2839,Rajasthan,Rajasthan District 2,Agricultural,Notification,46,26,34,0,5,2,2,0.204,11.0,192
a4570dcc,Madhya Pradesh,Madhya Pradesh District 3,Agricultural,Compensation,256,76,29,0,4,59,6,0.381,10.0,201
76a2051a,Rajasthan,Rajasthan District 4,Industrial,Compensation,244,64,31,0,5,18,0,0.235,10.0,111
b31cea2f,Andhra Pradesh,Andhra Pradesh District 1,Residential,Notification,60,40,30,0,3,30,12,0.055,11.0,187
4f8a92cf,Haryana,Haryana District 2,Industrial,Compensation,259,79,17,1,6,0,10,0.268,5.0,192
3327bf9b,West Bengal,West Bengal District 3,Residential,Compensation,314,134,46,0,6,24,44,0.281,17.0,187
8e288819,Madhya Pradesh,Madhya Pradesh District 4,Agricultural,Compensation,226,46,31,1,6,0,10,0.276,10.0,192
16d06109,Karnataka,Karnataka District 1,Commercial,Notification,44,24,23,0,1,3,0,0.145,8.0,192
308dc1f8,Andhra Pradesh,Andhra Pradesh District 2,Agricultural,Compensation,255,75,21,1,7,26,10,0.414,6.0,111
8d19af7f,Uttar Pradesh,Uttar Pradesh District 3,Agricultural,Possession,274,14,22,1,4,0,10,0.21,7.0,138
0ca28faf,Madhya Pradesh,Madhya Pradesh District 4,Agricultural,Objection,280,180,15,1,5,35,70,0.389,4.0,187
13615027,Rajasthan,Rajasthan District 1,Industrial,Compensation,304,124,35,0,4,25,38,0.236,12.0,111
ac9225da,Chhattisgarh,Chhattisgarh District 2,Industrial,Compensation,257,77,38,0,4,14,0,0.175,14.0,174
ccedd229,Maharashtra,Maharashtra District 3,Residential,Notification,69,49,19,0,3,5,18,0.299,6.0,255
63b102cb,Madhya Pradesh,Madhya Pradesh District 4,Industrial,Notification,54,34,18,0,4,6,0,0.364,5.0,111
535c1319,Madhya Pradesh,Madhya Pradesh District 1,Industrial,Objection,147,47,18,0,1,3,2,0.146,6.0,165
e06099c3,Bihar,Bihar District 2,Commercial,Possession,286,26,23,0,3,32,2,0.142,8.0,201
385afa3c,Uttar Pradesh,Uttar Pradesh District 3,Industrial,Possession,288,28,28,0,7,37,4,0.419,9.0,201
f1db1b9c,Haryana,Haryana District 4,Agricultural,Objection,280,180,21,0,3,5,32,0.275,7.0,138
7c27bc04,Punjab,Punjab District 1,Agricultural,Compensation,236,56,43,0,6,7,0,0.214,15.0,111
03383349,Uttar Pradesh,Uttar Pradesh District 2,Industrial,Objection,183,83,28,0,4,1,26,0.154,9.0,269
188f1078,Tamil Nadu,Tamil Nadu District 3,Industrial,Notification,131,111,45,0,7,5,29,0.365,16.0,264
3fe05731,Punjab,Punjab District 4,Agricultural,Compensation,254,74,22,0,3,17,4,0.165,7.0,208
c2159610,West Bengal,West Bengal District 1,Agricultural,Compensation,360,180,32,0,5,13,64,0.193,11.0,309
13c3a54f,Uttar Pradesh,Uttar Pradesh District 2,Agricultural,Compensation,238,58,28,0,2,48,0,0.288,10.0,165
49f98b08,Uttar Pradesh,Uttar Pradesh District 3,Industrial,Compensation,236,56,37,0,6,7,0,0.195,13.0,187
7149aec4,Chhattisgarh,Chhattisgarh District 4,Industrial,Objection,135,35,34,1,5,2,10,0.295,12.0,138
8ba789cc,West Bengal,West Bengal District 1,Agricultural,Compensation,360,180,25,0,4,63,80,0.164,8.0,324
207b8afe,Karnataka,Karnataka District 2,Agricultural,Compensation,360,180,25,1,6,29,78,0.399,8.0,302
a323a021,Chhattisgarh,Chhattisgarh District 3,Residential,Possession,295,35,41,0,7,35,8,0.344,14.0,192
6166b304,Karnataka,Karnataka District 4,Industrial,Compensation,218,38,22,0,3,33,0,0.243,7.0,192
86a8cb1c,Madhya Pradesh,Madhya Pradesh District 1,Agricultural,Objection,184,84,18,0,2,3,0,0.165,6.0,111
45cd794a,Haryana,Haryana District 2,Industrial,Notification,71,51,26,0,4,9,0,0.446,8.0,201
11c1ef0e,Karnataka,Karnataka District 3,Industrial,Compensation,243,63,33,0,1,21,0,0.137,12.0,154
01ae2c3d,Punjab,Punjab District 4,Residential,Notification,36,16,34,0,6,8,0,0.46,11.0,181
d7506508,Andhra Pradesh,Andhra Pradesh District 1,Agricultural,Compensation,360,180,19,0,2,29,74,0.199,6.0,315
eddb0166,West Bengal,West Bengal District 2,Industrial,Objection,149,49,23,0,4,32,2,0.151,7.0,192
14ce10ff,Maharashtra,Maharashtra District 3,Agricultural,Compensation,350,170,14,0,2,26,54,0.181,4.0,174
2148b091,Tamil Nadu,Tamil Nadu District 4,Agricultural,Compensation,255,75,14,0,1,14,5,0.092,4.0,174
ef4658d4,Maharashtra,Maharashtra District 1,Agricultural,Objection,192,92,21,0,3,4,0,0.233,7.0,165
e73861c6,Tamil Nadu,Tamil Nadu District 2,Residential,Notification,32,12,27,0,2,0,0,0.06,9.0,111
241ed852,Maharashtra,Maharashtra District 3,Agricultural,Possession,297,37,24,0,6,30,10,0.146,7.0,187
a07ba2d7,Madhya Pradesh,Madhya Pradesh District 4,Residential,Notification,153,133,1,0,0,3,44,0.119,1.0,192
ad7856d0,Karnataka,Karnataka District 1,Agricultural,Compensation,325,145,10,1,4,38,62,0.395,3.0,181
bd3fedce,Madhya Pradesh,Madhya Pradesh District 2,Agricultural,Notification,99,79,35,0,3,37,8,0.304,13.0,224
f55bebfa,Punjab,Punjab District 3,Commercial,Possession,285,25,15,0,2,1,2,0.099,4.0,165
08ce10ed,Punjab,Punjab District 4,Industrial,Possession,294,34,25,0,3,2,8,0.138,8.0,138
1b248ab0,Punjab,Punjab District 1,Agricultural,Notification,56,36,23,1,2,3,19,0.245,8.0,192
db87686e,Andhra Pradesh,Andhra Pradesh District 2,Agricultural,Notification,37,17,33,0,4,3,0,0.205,11.0,174
6e3c9347,Haryana,Haryana District 3,Industrial,Possession,283,23,12,0,1,34,0,0.146,4.0,138
dbc0f2ec,Tamil Nadu,Tamil Nadu District 4,Agricultural,Compensation,232,52,27,0,3,83,0,0.239,9.0,181
07a80184,Uttar Pradesh,Uttar Pradesh District 1,Commercial,Notification,40,20,25,0,4,2,0,0.18,8.0,111
f080d80e,Uttar Pradesh,Uttar Pradesh District 2,Agricultural,Notification,44,24,18,0,3,5,1,0.277,5.0,154
72d791ba,West Bengal,West Bengal District 3,Agricultural,Possession,289,29,46,1,9,6,14,0.555,16.0,197
1b25e524,Karnataka,Karnataka District 4,Agricultural,Objection,197,97,20,0,3,3,0,0.188,6.0,111
815c2fb0,Andhra Pradesh,Andhra Pradesh District 1,Industrial,Objection,140,40,17,0,4,33,0,0.209,5.0,174
7fc70fe8,Tamil Nadu,Tamil Nadu District 2,Industrial,Objection,184,84,33,0,5,4,26,0.276,11.0,138
dc56e5ce,Punjab,Punjab District 3,Industrial,Objection,143,43,6,0,0,0,0,0.02,2.0,165
22c7186d,Haryana,Haryana District 4,Residential,Objection,186,86,24,1,6,33,10,0.32,8.0,111
d3c4d4a9,Andhra Pradesh,Andhra Pradesh District 1,Industrial,Notification,70,50,17,0,4,2,0,0.204,5.0,111
2221ef81,Karnataka,Karnataka District 2,Industrial,Objection,180,80,27,0,7,2,24,0.272,8.0,187
bcf0547e,Maharashtra,Maharashtra District 3,Agricultural,Notification,112,92,15,1,6,2,26,0.311,4.0,197
49762d25,Maharashtra,Maharashtra District 4,Agricultural,Notification,41,21,12,0,3,34,0,0.191,3.0,181
2e70af74,Madhya Pradesh,Madhya Pradesh District 1,Agricultural,Possession,281,21,11,0,3,6,0,0.301,3.0,111
4bc94e78,Chhattisgarh,Chhattisgarh District 2,Industrial,Compensation,360,180,27,0,4,13,80,0.182,9.0,345
a6961286,Rajasthan,Rajasthan District 3,Residential,Notification,142,122,20,0,6,34,36,0.296,5.0,201
6f22ef3d,Chhattisgarh,Chhattisgarh District 4,Agricultural,Notification,142,122,30,0,4,7,36,0.37,10.0,192
a5b18661,Punjab,Punjab District 1,Industrial,Compensation,292,112,21,1,3,45,40,0.375,7.0,165
64e4d877,Karnataka,Karnataka District 2,Agricultural,Notification,42,22,34,1,6,0,10,0.278,12.0,111
2c047af7,Rajasthan,Rajasthan District 3,Agricultural,Notification,65,45,22,0,3,35,0,0.236,7.0,192
920d2da9,West Bengal,West Bengal District 4,Industrial,Objection,164,64,17,0,1,2,0,0.108,6.0,165
775e41f5,Bihar,Bihar District 1,Residential,Objection,280,180,21,0,3,7,80,0.349,7.0,352
e2e8e182,Chhattisgarh,Chhattisgarh District 2,Agricultural,Compensation,236,56,30,0,3,22,0,0.188,10.0,111
d5f324d9,Andhra Pradesh,Andhra Pradesh District 3,Agricultural,Objection,143,43,36,1,8,0,10,0.308,12.0,111
900c0668,Andhra Pradesh,Andhra Pradesh District 4,Agricultural,Objection,185,85,25,0,3,6,26,0.286,8.0,165
f5c7bb73,Bihar,Bihar District 1,Agricultural,Compensation,284,104,15,0,4,56,10,0.122,4.0,174
ac5d2a76,West Bengal,West Bengal District 2,Industrial,Compensation,220,40,38,0,7,13,0,0.266,13.0,111
2bcc02b5,Haryana,Haryana District 3,Industrial,Compensation,360,180,34,1,6,11,70,0.311,12.0,138
b411a09f,West Bengal,West Bengal District 4,Commercial,Notification,116,96,47,0,6,2,19,0.24,17.0,249
27225803,Madhya Pradesh,Madhya Pradesh District 1,Industrial,Notification,46,26,25,0,3,2,2,0.166,8.0,174
5bbedaa1,Uttar Pradesh,Uttar Pradesh District 2,Agricultural,Possession,282,22,24,0,3,6,0,0.299,8.0,111
e8fbadd9,Madhya Pradesh,Madhya Pradesh District 3,Agricultural,Objection,221,121,19,0,3,35,0,0.269,6.0,111
6deea18a,Bihar,Bihar District 4,Commercial,Objection,148,48,25,0,0,1,2,0.042,9.0,192
a60f0060,Tamil Nadu,Tamil Nadu District 1,Industrial,Compensation,360,180,23,1,5,57,80,0.266,8.0,309
b5815744,Uttar Pradesh,Uttar Pradesh District 2,Commercial,Notification,36,16,21,0,3,31,0,0.094,7.0,201
9ff35dd8,West Bengal,West Bengal District 3,Industrial,Notification,56,36,17,1,6,35,19,0.436,5.0,138
d6e793c1,West Bengal,West Bengal District 4,Residential,Objection,174,74,6,0,0,2,19,0.092,2.0,255
c5ef0e2a,Punjab,Punjab District 1,Agricultural,Compensation,262,82,25,0,5,45,10,0.109,8.0,181
cfb14877,Madhya Pradesh,Madhya Pradesh District 2,Residential,Notification,36,16,22,0,6,34,0,0.292,6.0,111
2daaa7c5,Punjab,Punjab District 3,Industrial,Objection,139,39,34,0,5,36,0,0.346,12.0,197
41538719,Chhattisgarh,Chhattisgarh District 4,Agricultural,Compensation,262,82,26,0,4,27,10,0.244,8.0,242
7f165322,Uttar Pradesh,Uttar Pradesh District 1,Agricultural,Notification,80,60,35,0,5,5,0,0.348,12.0,192
b2c24025,West Bengal,West Bengal District 2,Industrial,Compensation,281,101,15,1,3,0,18,0.188,5.0,181
ed427810,Karnataka,Karnataka District 3,Industrial,Objection,170,70,33,0,5,0,16,0.15,11.0,138
b7b999ec,Andhra Pradesh,Andhra Pradesh District 4,Agricultural,Notification,64,44,21,1,7,33,24,0.362,6.0,192
1f97644a,West Bengal,West Bengal District 1,Commercial,Notification,44,24,21,0,3,0,1,0.083,7.0,154
a2817684,Madhya Pradesh,Madhya Pradesh District 2,Commercial,Objection,176,76,17,0,4,1,0,0.165,5.0,111
78cf6d17,Chhattisgarh,Chhattisgarh District 3,Industrial,Objection,265,165,34,0,5,34,20,0.267,12.0,255
08955a18,Bihar,Bihar District 4,Industrial,Objection,141,41,17,0,4,34,0,0.249,5.0,197
29307dbb,Rajasthan,Rajasthan District 1,Commercial,Notification,46,26,21,0,3,1,2,0.123,7.0,192
4999b17f,Karnataka,Karnataka District 2,Agricultural,Compensation,298,118,35,0,4,31,34,0.262,12.0,165
4eccc303,Uttar Pradesh,Uttar Pradesh District 3,Industrial,Objection,276,176,48,0,8,2,27,0.276,17.0,260
b25bf0e6,Karnataka,Karnataka District 4,Industrial,Objection,280,180,30,0,5,1,80,0.198,10.0,138
b8c8a611,Madhya Pradesh,Madhya Pradesh District 1,Agricultural,Objection,171,71,35,0,7,6,18,0.414,11.0,165
7f25950c,Punjab,Punjab District 2,Commercial,Compensation,246,66,30,1,7,91,10,0.479,10.0,192
95356234,Tamil Nadu,Tamil Nadu District 3,Industrial,Notification,34,14,18,0,1,4,0,0.17,6.0,111
da16923c,Maharashtra,Maharashtra District 4,Industrial,Compensation,268,88,9,0,1,7,14,0.057,3.0,197
e064e188,Andhra Pradesh,Andhra Pradesh District 1,Industrial,Objection,134,34,19,1,4,4,10,0.378,6.0,192
ea764baf,Madhya Pradesh,Madhya Pradesh District 2,Commercial,Possession,320,60,36,0,5,4,25,0.285,13.0,271
9e5d88c4,Rajasthan,Rajasthan District 3,Agricultural,Notification,58,38,33,0,5,2,0,0.198,11.0,201
53db9cd1,Haryana,Haryana District 4,Agricultural,Notification,90,70,19,0,5,5,2,0.321,5.0,165
7a960597,Haryana,Haryana District 1,Industrial,Notification,30,10,25,0,5,2,0,0.22,8.0,111
3e21b6be,Madhya Pradesh,Madhya Pradesh District 2,Industrial,Objection,153,53,20,1,4,1,16,0.233,7.0,154
837e16bb,West Bengal,West Bengal District 3,Industrial,Compensation,263,83,12,0,2,37,10,0.223,3.0,236
21429d6b,Madhya Pradesh,Madhya Pradesh District 4,Agricultural,Compensation,302,122,17,0,1,38,21,0.197,6.0,253
15d95278,Rajasthan,Rajasthan District 1,Industrial,Possession,324,64,42,0,7,4,28,0.343,14.0,275
79f8d3eb,Uttar Pradesh,Uttar Pradesh District 2,Agricultural,Notification,52,32,15,0,4,4,6,0.257,4.0,220
28f36acb,West Bengal,West Bengal District 3,Agricultural,Possession,274,14,36,1,7,7,10,0.549,13.0,192
8cc3d12d,Bihar,Bihar District 4,Residential,Objection,138,38,38,0,3,0,0,0.079,14.0,165
2ca302ee,Punjab,Punjab District 1,Industrial,Possession,278,18,25,0,4,1,0,0.15,8.0,187
10d28ed1,Tamil Nadu,Tamil Nadu District 2,Industrial,Objection,161,61,40,0,3,0,0,0.109,15.0,192
ca4a7ddc,Andhra Pradesh,Andhra Pradesh District 3,Industrial,Objection,138,38,32,0,4,4,0,0.251,11.0,192
87ca0f3c,Chhattisgarh,Chhattisgarh District 4,Industrial,Objection,152,52,25,0,4,2,4,0.184,8.0,208
ecb39e75,Andhra Pradesh,Andhra Pradesh District 1,Agricultural,Compensation,235,55,7,0,1,15,0,0.112,2.0,111
026a67d6,Andhra Pradesh,Andhra Pradesh District 2,Commercial,Objection,280,180,22,0,5,2,46,0.212,6.0,187
a548f648,Chhattisgarh,Chhattisgarh District 3,Agricultural,Notification,66,46,26,0,4,3,16,0.221,8.0,165
e10da0d8,Tamil Nadu,Tamil Nadu District 4,Industrial,Compensation,220,40,33,0,6,20,0,0.262,11.0,197
eb4d91f8,Rajasthan,Rajasthan District 1,Agricultural,Notification,39,19,24,0,1,4,0,0.17,8.0,181
4d5651b4,Punjab,Punjab District 2,Industrial,Possession,268,8,35,0,3,5,0,0.256,13.0,181
28fb7e12,Tamil Nadu,Tamil Nadu District 3,Residential,Notification,44,24,38,0,6,35,1,0.327,13.0,154
ee0773ff,Punjab,Punjab District 4,Agricultural,Compensation,360,180,24,0,1,48,61,0.263,8.0,187
f7244337,Chhattisgarh,Chhattisgarh District 1,Residential,Possession,286,26,25,0,3,3,2,0.201,8.0,165
5a02430a,Punjab,Punjab District 2,Industrial,Compensation,238,58,25,1,5,69,10,0.308,9.0,187
10e2a770,Maharashtra,Maharashtra District 3,Agricultural,Possession,280,20,24,0,4,0,0,0.106,8.0,174
6e9b5223,Madhya Pradesh,Madhya Pradesh District 4,Agricultural,Notification,36,16,37,0,7,6,0,0.412,12.0,111
45b84bb5,Haryana,Haryana District 1,Agricultural,Compensation,272,92,19,0,2,45,2,0.035,6.0,187
bf4cc5cc,Madhya Pradesh,Madhya Pradesh District 2,Agricultural,Compensation,340,160,33,0,6,31,47,0.315,11.0,174
3e78daf6,Andhra Pradesh,Andhra Pradesh District 3,Agricultural,Notification,64,44,26,0,3,2,14,0.161,9.0,192
690b83ee,Punjab,Punjab District 4,Agricultural,Objection,164,64,25,0,4,5,12,0.299,8.0,174
846159c5,Karnataka,Karnataka District 1,Agricultural,Notification,50,30,34,0,2,7,5,0.304,13.0,201
d90558ce,Bihar,Bihar District 2,Agricultural,Notification,39,19,41,0,7,36,0,0.383,14.0,154
748ebd20,Karnataka,Karnataka District 3,Industrial,Possession,279,19,19,0,3,33,0,0.183,6.0,165
ed6f56be,Madhya Pradesh,Madhya Pradesh District 4,Industrial,Objection,155,55,21,0,5,33,6,0.223,6.0,214
663b62b4,Rajasthan,Rajasthan District 1,Agricultural,Compensation,272,92,24,0,2,78,2,0.191,8.0,174
c0f4aeea,Karnataka,Karnataka District 2,Agricultural,Objection,280,180,26,0,3,5,80,0.27,9.0,352
af9e4d32,Madhya Pradesh,Madhya Pradesh District 3,Commercial,Notification,200,180,14,0,0,3,80,0.122,5.0,311
28a49ab5,Bihar,Bihar District 4,Industrial,Compensation,334,154,13,0,2,33,58,0.211,4.0,290
e9eac26a,Karnataka,Karnataka District 1,Commercial,Compensation,335,155,38,0,7,46,44,0.418,13.0,165
516a9c24,Rajasthan,Rajasthan District 2,Agricultural,Notification,43,23,34,1,9,34,10,0.478,11.0,138
e0be2f2c,Chhattisgarh,Chhattisgarh District 3,Agricultural,Compensation,340,160,42,0,6,64,62,0.226,15.0,295
bb397e4b,Maharashtra,Maharashtra District 4,Residential,Objection,145,45,34,0,4,0,0,0.11,12.0,192
ea97f033,Bihar,Bihar District 1,Agricultural,Compensation,270,90,36,0,5,20,15,0.222,13.0,256
6e1f38fe,Punjab,Punjab District 2,Agricultural,Objection,280,180,23,0,3,0,38,0.096,7.0,192
b5db79ad,West Bengal,West Bengal District 3,Industrial,Compensation,256,76,29,1,7,53,16,0.298,10.0,187
027bc849,Uttar Pradesh,Uttar Pradesh District 4,Industrial,Compensation,231,51,5,1,2,28,10,0.281,2.0,111
44df948d,West Bengal,West Bengal District 1,Agricultural,Compensation,335,155,15,0,2,12,44,0.122,4.0,281
fec624b6,Karnataka,Karnataka District 2,Residential,Compensation,237,57,12,0,2,41,0,0.237,3.0,165
d3dea18b,Bihar,Bihar District 3,Industrial,Notification,60,40,25,0,5,31,0,0.146,8.0,187
8164556c,Rajasthan,Rajasthan District 4,Agricultural,Compensation,326,146,28,0,5,43,38,0.332,9.0,201
8039d919,Rajasthan,Rajasthan District 1,Industrial,Notification,107,87,31,0,2,5,13,0.257,11.0,237
2b00089d,Maharashtra,Maharashtra District 2,Commercial,Possession,298,38,16,0,3,32,10,0.108,5.0,197
bfef68cd,Rajasthan,Rajasthan District 3,Agricultural,Objection,182,82,45,0,7,3,24,0.308,16.0,181
999af0ca,Punjab,Punjab District 4,Industrial,Notification,90,70,26,0,5,2,2,0.203,8.0,201
d13f6ab9,Punjab,Punjab District 1,Industrial,Compensation,308,128,17,0,2,56,40,0.071,6.0,192
fbfac9a3,Tamil Nadu,Tamil Nadu District 2,Agricultural,Objection,160,60,23,0,5,7,0,0.379,7.0,138
82e0ff85,Haryana,Haryana District 3,Residential,Objection,204,104,21,0,3,4,40,0.216,7.0,287
7b18bab1,Punjab,Punjab District 4,Agricultural,Compensation,244,64,26,1,3,7,10,0.203,9.0,111
b98bfc4f,Madhya Pradesh,Madhya Pradesh District 1,Industrial,Compensation,277,97,26,0,4,66,4,0.179,9.0,201
d4e6fccf,Haryana,Haryana District 2,Residential,Compensation,255,75,25,1,5,22,15,0.33,8.0,192
9b77b3cb,Madhya Pradesh,Madhya Pradesh District 3,Agricultural,Compensation,262,82,18,0,1,8,10,0.065,6.0,165
0d1ca490,Punjab,Punjab District 4,Industrial,Notification,52,32,28,0,4,30,6,0.07,10.0,154
acd410c2,Karnataka,Karnataka District 1,Industrial,Possession,279,19,34,0,5,5,0,0.318,11.0,111
0d2facb5,Haryana,Haryana District 2,Agricultural,Compensation,245,65,19,0,3,51,0,0.308,6.0,111
b1a184c9,Bihar,Bihar District 3,Industrial,Objection,126,26,21,0,3,3,0,0.182,7.0,138
e17f4e02,Haryana,Haryana District 4,Agricultural,Objection,145,45,19,0,1,4,0,0.167,6.0,165
cdeee7e8,Karnataka,Karnataka District 1,Agricultural,Compensation,239,59,18,0,0,33,0,0.154,6.0,111
68f27e06,Rajasthan,Rajasthan District 2,Industrial,Notification,60,40,24,0,3,1,12,0.11,8.0,201
78b41f3d,Maharashtra,Maharashtra District 3,Agricultural,Compensation,360,180,19,0,1,33,80,0.191,6.0,362
1479ce83,Punjab,Punjab District 4,Residential,Compensation,237,57,19,0,2,40,0,0.253,6.0,197
69514c44,Haryana,Haryana District 1,Residential,Possession,291,31,19,0,1,4,6,0.186,6.0,217
a9babc97,Karnataka,Karnataka District 2,Commercial,Compensation,229,49,28,0,5,14,0,0.196,9.0,111
22e9475e,Bihar,Bihar District 3,Agricultural,Compensation,244,64,26,1,5,19,10,0.328,9.0,111
aa7f6042,Rajasthan,Rajasthan District 4,Agricultural,Objection,212,112,13,1,4,3,10,0.314,4.0,111
1d97e7ea,West Bengal,West Bengal District 1,Industrial,Objection,280,180,18,0,2,2,38,0.116,6.0,181
64917944,Rajasthan,Rajasthan District 2,Agricultural,Notification,74,54,23,1,6,7,10,0.514,7.0,111
d448f8ee,Haryana,Haryana District 3,Industrial,Possession,286,26,14,0,0,4,2,0.139,5.0,165
1bb5df7d,Tamil Nadu,Tamil Nadu District 4,Industrial,Objection,182,82,19,0,2,9,25,0.399,6.0,265
5ee8f0d8,Bihar,Bihar District 1,Agricultural,Possession,296,36,16,0,3,6,9,0.285,5.0,232
b9d807c9,Rajasthan,Rajasthan District 2,Agricultural,Objection,280,180,11,1,5,7,80,0.487,3.0,328
6b71bdc4,Punjab,Punjab District 3,Residential,Objection,176,76,32,0,6,34,0,0.29,11.0,111
07d19bcf,Maharashtra,Maharashtra District 4,Agricultural,Notification,61,41,28,0,4,1,12,0.126,9.0,240
d4dcd86b,Haryana,Haryana District 1,Agricultural,Objection,144,44,27,0,2,2,0,0.137,9.0,187
d24c84be,Bihar,Bihar District 2,Agricultural,Compensation,290,110,33,0,5,74,14,0.238,11.0,174
d6993fac,Haryana,Haryana District 3,Agricultural,Notification,30,10,34,0,5,2,0,0.232,11.0,201
c17d03b6,Uttar Pradesh,Uttar Pradesh District 4,Agricultural,Objection,126,26,32,0,6,7,0,0.425,10.0,201
3e365d77,West Bengal,West Bengal District 1,Commercial,Notification,200,180,21,0,3,3,80,0.181,7.0,327
c08b2b9e,Karnataka,Karnataka District 2,Industrial,Compensation,266,86,22,1,5,35,22,0.397,7.0,228
bd0f0884,Tamil Nadu,Tamil Nadu District 3,Industrial,Notification,77,57,34,0,3,0,0,0.084,12.0,197
a8953a40,West Bengal,West Bengal District 4,Agricultural,Notification,63,43,7,0,0,5,0,0.199,2.0,111
c398133e,Rajasthan,Rajasthan District 1,Industrial,Notification,46,26,33,0,7,2,2,0.264,10.0,111
1a4ff3a8,Punjab,Punjab District 2,Residential,Notification,32,12,17,0,4,32,0,0.14,5.0,111
bb565be3,Tamil Nadu,Tamil Nadu District 3,Industrial,Compensation,359,179,17,0,3,78,74,0.201,5.0,307
6c798320,Bihar,Bihar District 4,Agricultural,Compensation,250,70,16,0,3,38,2,0.257,5.0,181
dfc9f0c7,Rajasthan,Rajasthan District 1,Agricultural,Compensation,326,146,43,0,8,80,37,0.37,15.0,282
33765551,West Bengal,West Bengal District 2,Agricultural,Compensation,250,70,18,0,3,45,2,0.297,5.0,165
687bcf8d,Madhya Pradesh,Madhya Pradesh District 3,Agricultural,Notification,42,22,19,0,2,4,0,0.219,6.0,111
96b5ecc8,Maharashtra,Maharashtra District 4,Agricultural,Compensation,336,156,32,1,6,35,54,0.414,11.0,294
5b94f4c0,Uttar Pradesh,Uttar Pradesh District 1,Agricultural,Possession,270,10,18,0,3,6,0,0.318,5.0,201
77024097,Madhya Pradesh,Madhya Pradesh District 2,Agricultural,Compensation,251,71,16,1,6,0,10,0.256,4.0,197
b8a2d3d3,Chhattisgarh,Chhattisgarh District 3,Commercial,Compensation,253,73,15,0,2,101,0,0.298,5.0,111
d6b73091,Uttar Pradesh,Uttar Pradesh District 4,Agricultural,Compensation,272,92,23,0,6,15,2,0.23,6.0,111
f02b4c3a,Chhattisgarh,Chhattisgarh District 1,Residential,Notification,64,44,34,0,5,34,0,0.279,12.0,174
82a9b455,Bihar,Bihar District 2,Residential,Notification,55,35,39,0,8,4,8,0.357,13.0,228
f6970d7f,Uttar Pradesh,Uttar Pradesh District 3,Agricultural,Possession,284,24,10,0,2,38,1,0.321,3.0,154
461ca275,Punjab,Punjab District 4,Residential,Objection,280,180,22,0,2,2,36,0.123,7.0,192
9cc821f3,Bihar,Bihar District 1,Industrial,Compensation,253,73,19,0,5,80,0,0.262,6.0,192
78d9395f,Uttar Pradesh,Uttar Pradesh District 2,Agricultural,Possession,275,15,30,0,3,6,0,0.315,10.0,192
fc11c4fb,West Bengal,West Bengal District 3,Agricultural,Notification,38,18,36,0,5,0,0,0.131,13.0,201
bcc4c5cb,Tamil Nadu,Tamil Nadu District 4,Agricultural,Notification,96,76,3,0,1,2,6,0.08,1.0,187
612945ab,Madhya Pradesh,Madhya Pradesh District 1,Industrial,Possession,299,39,20,1,5,4,21,0.369,6.0,111
90027c42,Chhattisgarh,Chhattisgarh District 2,Industrial,Compensation,214,34,34,0,5,47,0,0.361,11.0,187
2e8ae036,Madhya Pradesh,Madhya Pradesh District 3,Industrial,Objection,228,128,34,0,4,2,0,0.204,12.0,165
8d7000de,Haryana,Haryana District 4,Agricultural,Objection,164,64,30,0,5,3,12,0.264,10.0,192
7e2d2f6a,Uttar Pradesh,Uttar Pradesh District 1,Agricultural,Compensation,296,116,12,0,1,13,18,0.076,4.0,174
f4c80a65,Haryana,Haryana District 2,Agricultural,Notification,44,24,32,0,5,3,1,0.258,11.0,111
fe0dafe8,Maharashtra,Maharashtra District 3,Industrial,Notification,92,72,26,0,3,3,3,0.179,9.0,181
39eeb66f,Chhattisgarh,Chhattisgarh District 4,Industrial,Compensation,248,68,32,0,5,7,0,0.16,11.0,165
690cfe0b,Bihar,Bihar District 1,Agricultural,Objection,194,94,23,0,2,2,33,0.153,8.0,111
53e352b0,Karnataka,Karnataka District 2,Agricultural,Objection,192,92,27,1,5,4,10,0.39,9.0,197
4320460e,Bihar,Bihar District 3,Agricultural,Objection,161,61,17,0,2,5,10,0.235,5.0,187
f76525d1,Haryana,Haryana District 4,Industrial,Objection,114,14,29,0,6,39,0,0.458,9.0,111
1f17b97d,Karnataka,Karnataka District 1,Industrial,Notification,100,80,15,0,1,1,8,0.091,5.0,192
f3edde6c,Andhra Pradesh,Andhra Pradesh District 2,Agricultural,Compensation,208,28,22,0,1,21,0,0.127,8.0,111
a03439f0,West Bengal,West Bengal District 3,Commercial,Notification,88,68,14,0,2,0,0,0.06,4.0,111
97f60bf6,Chhattisgarh,Chhattisgarh District 4,Agricultural,Objection,174,74,7,0,1,6,19,0.257,2.0,187
42f2da84,West Bengal,West Bengal District 1,Industrial,Notification,36,16,19,0,4,2,0,0.175,6.0,111
d07f6d1d,Chhattisgarh,Chhattisgarh District 2,Agricultural,Notification,40,20,17,0,3,1,0,0.131,5.0,111
24e22aeb,West Bengal,West Bengal District 3,Commercial,Compensation,232,52,2,0,1,110,0,0.313,1.0,154
8c95a26c,Haryana,Haryana District 4,Industrial,Compensation,242,62,36,0,3,38,0,0.27,13.0,201
31989cee,Bihar,Bihar District 1,Agricultural,Compensation,268,88,27,0,3,81,14,0.227,9.0,138
bf2b5521,Karnataka,Karnataka District 2,Agricultural,Compensation,232,52,41,0,8,11,0,0.277,14.0,154
d6abe82d,Maharashtra,Maharashtra District 3,Industrial,Objection,170,70,21,0,2,3,17,0.173,7.0,263
6b6ed8ec,Maharashtra,Maharashtra District 4,Industrial,Notification,35,15,23,0,2,6,0,0.275,8.0,111
957816b9,Tamil Nadu,Tamil Nadu District 1,Agricultural,Objection,150,50,25,1,8,3,14,0.449,7.0,201
41870080,Rajasthan,Rajasthan District 2,Agricultural,Notification,78,58,18,1,2,5,10,0.318,6.0,197
4aef09fa,Haryana,Haryana District 3,Industrial,Objection,206,106,23,0,2,3,0,0.171,8.0,111
dcbff461,Bihar,Bihar District 4,Agricultural,Objection,121,21,33,0,4,2,0,0.163,11.0,181
a0bd82ee,Uttar Pradesh,Uttar Pradesh District 1,Agricultural,Notification,81,61,19,0,3,32,0,0.136,6.0,192
96ea99e6,Rajasthan,Rajasthan District 2,Residential,Possession,281,21,49,1,9,4,10,0.481,18.0,165
554c57b4,Tamil Nadu,Tamil Nadu District 3,Industrial,Notification,32,12,16,0,2,5,0,0.213,5.0,165
31ec2143,Punjab,Punjab District 4,Agricultural,Compensation,244,64,41,0,6,48,0,0.386,14.0,181
867623a2,Madhya Pradesh,Madhya Pradesh District 1,Commercial,Notification,46,26,23,0,4,2,2,0.16,7.0,187
fa49736d,Chhattisgarh,Chhattisgarh District 2,Industrial,Notification,166,146,35,1,5,3,62,0.365,13.0,192
b72c8298,Uttar Pradesh,Uttar Pradesh District 3,Residential,Objection,152,52,28,0,7,2,4,0.261,8.0,174
1acfe5d6,Karnataka,Karnataka District 4,Industrial,Objection,136,36,23,0,2,36,0,0.262,8.0,165
e32c500e,Uttar Pradesh,Uttar Pradesh District 1,Residential,Objection,240,140,31,0,2,6,4,0.266,11.0,111
f4a2b1a9,Haryana,Haryana District 2,Agricultural,Notification,59,39,24,0,3,5,0,0.265,8.0,181
5a1b2d83,Bihar,Bihar District 3,Industrial,Notification,47,27,18,0,3,31,3,0.092,6.0,201
89a70981,Andhra Pradesh,Andhra Pradesh District 4,Residential,Notification,37,17,20,0,3,5,0,0.241,6.0,192
eee3799c,Rajasthan,Rajasthan District 1,Industrial,Compensation,353,173,34,0,5,46,56,0.357,11.0,174
314ccaf2,Maharashtra,Maharashtra District 2,Agricultural,Objection,188,88,20,0,1,3,0,0.148,7.0,174
1503ccb1,Andhra Pradesh,Andhra Pradesh District 3,Industrial,Notification,77,57,34,0,5,4,0,0.304,11.0,187
72a3b51a,Uttar Pradesh,Uttar Pradesh District 4,Residential,Compensation,212,32,13,0,2,0,0,0.059,4.0,138
48c1f866,Karnataka,Karnataka District 1,Agricultural,Objection,179,79,7,0,2,5,0,0.216,2.0,174
1e7d600a,Chhattisgarh,Chhattisgarh District 2,Agricultural,Objection,135,35,40,0,6,4,0,0.312,14.0,111
c1bd0c82,Andhra Pradesh,Andhra Pradesh District 3,Industrial,Objection,123,23,21,0,3,5,0,0.264,7.0,192
81bcb351,Madhya Pradesh,Madhya Pradesh District 4,Commercial,Compensation,297,117,28,0,4,30,18,0.239,9.0,260
194d0417,Haryana,Haryana District 1,Industrial,Possession,277,17,38,0,4,2,0,0.194,14.0,192
0d3a1089,Uttar Pradesh,Uttar Pradesh District 2,Agricultural,Notification,124,104,39,0,5,6,24,0.384,14.0,262
82dd10c6,Madhya Pradesh,Madhya Pradesh District 3,Agricultural,Objection,270,170,45,0,5,5,24,0.319,17.0,201
0c247a97,West Bengal,West Bengal District 4,Industrial,Compensation,283,103,23,0,3,39,8,0.279,7.0,111
782c6723,Uttar Pradesh,Uttar Pradesh District 1,Agricultural,Objection,150,50,23,0,2,3,4,0.161,8.0,154
8e2023a7,West Bengal,West Bengal District 2,Residential,Possession,282,22,27,0,2,7,0,0.314,9.0,138
c8f73e89,Rajasthan,Rajasthan District 3,Commercial,Objection,207,107,21,0,2,5,0,0.238,7.0,192
b546c32f,Haryana,Haryana District 4,Agricultural,Notification,71,51,18,0,5,35,0,0.312,5.0,192
1d91dc50,Madhya Pradesh,Madhya Pradesh District 1,Agricultural,Objection,126,26,18,0,2,4,0,0.19,6.0,174
807d09a4,Rajasthan,Rajasthan District 2,Residential,Compensation,332,152,18,1,3,37,51,0.347,6.0,181
6efe22f4,Rajasthan,Rajasthan District 3,Commercial,Notification,74,54,10,1,3,4,10,0.322,3.0,111
536f0d69,Bihar,Bihar District 4,Agricultural,Possession,300,40,13,0,1,1,12,0.06,4.0,154
9bc1bee3,Chhattisgarh,Chhattisgarh District 1,Industrial,Notification,35,15,34,0,5,0,0,0.144,11.0,111
973d9a90,West Bengal,West Bengal District 2,Agricultural,Objection,218,118,29,0,6,4,0,0.331,9.0,174
f24d02d6,Rajasthan,Rajasthan District 3,Industrial,Compensation,220,40,23,0,2,30,0,0.202,8.0,111
b16e1058,Haryana,Haryana District 4,Industrial,Compensation,248,68,24,0,2,13,0,0.128,8.0,111
5fa6be1f,Maharashtra,Maharashtra District 1,Industrial,Possession,288,28,30,1,7,2,14,0.38,10.0,111
8d4b5ddc,Tamil Nadu,Tamil Nadu District 2,Agricultural,Compensation,266,86,10,0,2,17,0,0.146,3.0,197
f22b34fa,Maharashtra,Maharashtra District 3,Agricultural,Compensation,244,64,19,0,1,20,0,0.131,6.0,201
a427e82a,Rajasthan,Rajasthan District 4,Agricultural,Compensation,265,85,34,0,5,89,0,0.318,12.0,197
6fe82838,Tamil Nadu,Tamil Nadu District 1,Agricultural,Notification,75,55,17,1,5,34,10,0.333,5.0,165
78a5832a,Tamil Nadu,Tamil Nadu District 2,Industrial,Notification,67,47,26,1,6,0,10,0.271,8.0,138
aa46f2cc,Chhattisgarh,Chhattisgarh District 3,Agricultural,Objection,171,71,23,0,6,33,18,0.233,7.0,192
a2d0d91e,Maharashtra,Maharashtra District 4,Agricultural,Objection,116,16,27,0,2,4,0,0.223,9.0,181
522a23e0,Andhra Pradesh,Andhra Pradesh District 1,Agricultural,Compensation,256,76,39,0,5,77,0,0.265,14.0,138
0f60f689,Punjab,Punjab District 2,Industrial,Notification,88,68,18,0,2,34,0,0.165,6.0,192
67280beb,Madhya Pradesh,Madhya Pradesh District 3,Agricultural,Compensation,316,136,15,1,5,15,56,0.291,4.0,300
41c516db,Andhra Pradesh,Andhra Pradesh District 4,Industrial,Objection,149,49,35,0,3,33,2,0.183,13.0,154
7e09aadf,Maharashtra,Maharashtra District 1,Industrial,Objection,206,106,24,1,8,35,10,0.471,7.0,154
197ca3aa,Uttar Pradesh,Uttar Pradesh District 2,Agricultural,Possession,273,13,41,0,5,5,0,0.302,15.0,201
0db014c1,Haryana,Haryana District 3,Agricultural,Objection,199,99,10,1,2,6,10,0.384,3.0,111
637fe349,Punjab,Punjab District 4,Residential,Compensation,359,179,32,0,2,6,60,0.09,12.0,174
1643e827,Rajasthan,Rajasthan District 1,Agricultural,Possession,275,15,19,0,2,2,0,0.125,6.0,138
48955eb1,Haryana,Haryana District 2,Industrial,Objection,234,134,21,0,4,0,0,0.129,6.0,154
d27afd7a,Punjab,Punjab District 3,Industrial,Notification,144,124,33,0,5,5,38,0.328,11.0,197
86f881c3,Maharashtra,Maharashtra District 4,Residential,Notification,43,23,35,1,5,2,10,0.314,13.0,111
cb24df6a,Andhra Pradesh,Andhra Pradesh District 1,Agricultural,Objection,123,23,28,0,5,0,0,0.133,9.0,165
56d25d29,Bihar,Bihar District 2,Industrial,Notification,162,142,18,1,6,4,60,0.438,5.0,181
85d52c82,Uttar Pradesh,Uttar Pradesh District 3,Agricultural,Objection,170,70,22,1,4,1,10,0.229,7.0,165
c329d272,Madhya Pradesh,Madhya Pradesh District 4,Industrial,Compensation,290,110,40,0,8,0,13,0.222,13.0,250
be569719,Bihar,Bihar District 1,Industrial,Possession,286,26,29,0,5,3,2,0.259,9.0,181
7f34baee,Maharashtra,Maharashtra District 2,Agricultural,Notification,48,28,17,1,6,5,14,0.463,5.0,201
0db53160,Chhattisgarh,Chhattisgarh District 3,Agricultural,Objection,203,103,14,0,2,3,0,0.179,4.0,197
706bdb5b,Tamil Nadu,Tamil Nadu District 4,Industrial,Objection,122,22,29,0,5,30,0,0.119,10.0,201
4f69599d,Uttar Pradesh,Uttar Pradesh District 1,Industrial,Compensation,321,141,23,0,1,31,34,0.174,8.0,278
b6ac8e0e,Karnataka,Karnataka District 2,Industrial,Notification,42,22,14,0,3,2,0,0.164,4.0,174
0bc4a674,Uttar Pradesh,Uttar Pradesh District 3,Industrial,Notification,139,119,26,1,5,2,44,0.331,9.0,197
9fe74bde,Uttar Pradesh,Uttar Pradesh District 4,Industrial,Notification,69,49,22,0,4,3,0,0.238,7.0,192
9e330b6d,Karnataka,Karnataka District 1,Industrial,Possession,281,21,25,0,4,6,0,0.327,8.0,174
66e5a1f8,Punjab,Punjab District 2,Commercial,Compensation,301,121,10,0,1,27,20,0.155,3.0,256
4dce1e7a,Andhra Pradesh,Andhra Pradesh District 3,Agricultural,Compensation,313,133,21,0,4,13,44,0.177,6.0,192
bdda23e6,Chhattisgarh,Chhattisgarh District 4,Agricultural,Possession,321,61,52,0,7,7,26,0.471,19.0,274
edd51d69,Chhattisgarh,Chhattisgarh District 1,Industrial,Notification,65,45,22,1,5,4,25,0.369,7.0,181
4a1d2bdb,Tamil Nadu,Tamil Nadu District 2,Industrial,Possession,278,18,22,0,2,4,0,0.192,7.0,197
365ea6d9,Bihar,Bihar District 3,Agricultural,Compensation,248,68,26,1,4,35,10,0.367,9.0,111
b51c9b6a,Uttar Pradesh,Uttar Pradesh District 4,Commercial,Objection,125,25,29,0,5,3,0,0.242,9.0,111
0d229577,Andhra Pradesh,Andhra Pradesh District 1,Residential,Objection,145,45,27,0,4,3,0,0.243,9.0,111
6c5dbbf4,Punjab,Punjab District 2,Commercial,Compensation,313,133,35,0,3,26,28,0.212,13.0,261
d5133ba5,Punjab,Punjab District 3,Agricultural,Objection,280,180,24,0,2,0,50,0.042,8.0,187
e4490442,Chhattisgarh,Chhattisgarh District 4,Residential,Compensation,360,180,27,0,3,45,80,0.303,9.0,321
975d84f2,Maharashtra,Maharashtra District 1,Commercial,Possession,293,33,29,0,5,0,7,0.155,9.0,181
5ccfc97f,Andhra Pradesh,Andhra Pradesh District 2,Industrial,Objection,280,180,16,0,2,4,56,0.193,5.0,154
db509ecf,Uttar Pradesh,Uttar Pradesh District 3,Industrial,Objection,248,148,21,0,4,7,9,0.39,6.0,192
ef4eeddc,Haryana,Haryana District 4,Industrial,Notification,91,71,11,0,0,4,2,0.147,4.0,187
9301083b,Punjab,Punjab District 1,Agricultural,Notification,187,167,26,1,6,34,76,0.397,9.0,312
0acc2e73,Haryana,Haryana District 2,Agricultural,Notification,66,46,18,0,2,2,0,0.143,6.0,187
8118bdee,Bihar,Bihar District 3,Commercial,Objection,160,60,14,0,1,3,0,0.156,4.0,154
b8a04537,Karnataka,Karnataka District 4,Agricultural,Notification,54,34,28,0,4,3,8,0.206,9.0,192
3d3343be,Madhya Pradesh,Madhya Pradesh District 1,Industrial,Compensation,349,169,20,0,3,54,68,0.322,6.0,300
802af2c7,Rajasthan,Rajasthan District 2,Agricultural,Compensation,278,98,10,0,1,36,20,0.2,3.0,251
abd2eae0,Chhattisgarh,Chhattisgarh District 3,Agricultural,Compensation,281,101,14,0,1,36,22,0.196,4.0,201
d0739d71,West Bengal,West Bengal District 4,Industrial,Objection,280,180,13,0,3,3,58,0.191,3.0,300
03d20598,Uttar Pradesh,Uttar Pradesh District 1,Agricultural,Compensation,336,156,6,0,2,74,44,0.172,2.0,297
2a8207f2,Bihar,Bihar District 2,Industrial,Objection,150,50,23,1,5,2,14,0.306,7.0,138
0d62cd93,Haryana,Haryana District 3,Commercial,Possession,276,16,26,0,4,4,0,0.273,8.0,111
925bf8e1,Rajasthan,Rajasthan District 4,Industrial,Possession,275,15,26,0,1,0,0,0.02,9.0,111
e0cdcb6e,Maharashtra,Maharashtra District 1,Agricultural,Possession,276,16,14,1,4,2,10,0.289,4.0,138
3fce309c,Rajasthan,Rajasthan District 2,Agricultural,Notification,36,16,40,0,7,6,0,0.425,14.0,111
a353ded1,Madhya Pradesh,Madhya Pradesh District 3,Agricultural,Compensation,268,88,18,0,2,44,14,0.264,6.0,181
1e8836d5,West Bengal,West Bengal District 4,Industrial,Notification,60,40,34,0,6,35,12,0.347,11.0,187
74c00c15,Bihar,Bihar District 1,Agricultural,Compensation,240,60,31,1,5,34,10,0.396,11.0,111
0b0e10e7,Karnataka,Karnataka District 2,Agricultural,Objection,149,49,15,0,4,40,2,0.436,4.0,165
8f4a5840,Bihar,Bihar District 3,Industrial,Compensation,360,180,17,0,3,28,80,0.213,5.0,305
52d69be5,Tamil Nadu,Tamil Nadu District 4,Agricultural,Notification,96,76,32,0,6,4,6,0.33,10.0,197
b1770d49,Madhya Pradesh,Madhya Pradesh District 1,Agricultural,Notification,78,58,39,0,6,3,0,0.282,13.0,181
d37d825c,Andhra Pradesh,Andhra Pradesh District 2,Industrial,Possession,273,13,16,0,3,36,0,0.249,5.0,165
e332b4c7,Bihar,Bihar District 3,Residential,Compensation,224,44,34,0,6,48,0,0.402,11.0,181
9e4d7f7d,Andhra Pradesh,Andhra Pradesh District 4,Agricultural,Notification,103,83,21,1,7,2,20,0.365,6.0,192
5d18f37a,Uttar Pradesh,Uttar Pradesh District 1,Agricultural,Compensation,250,70,18,1,3,44,12,0.379,6.0,165
5ff49f07,Andhra Pradesh,Andhra Pradesh District 2,Agricultural,Compensation,224,44,24,0,5,85,0,0.288,8.0,111
cce0eb5e,Tamil Nadu,Tamil Nadu District 3,Industrial,Compensation,220,40,29,0,4,18,0,0.191,10.0,192
b4ee21f3,Punjab,Punjab District 4,Industrial,Notification,72,52,24,0,5,3,0,0.242,7.0,111
379e473b,Tamil Nadu,Tamil Nadu District 1,Residential,Compensation,344,164,38,0,6,41,49,0.363,13.0,154
4c4351c8,Haryana,Haryana District 2,Industrial,Possession,287,27,32,0,5,34,3,0.244,11.0,181
325e97af,Haryana,Haryana District 3,Industrial,Compensation,260,80,18,0,4,28,0,0.256,5.0,187
ffb8c21b,Maharashtra,Maharashtra District 4,Agricultural,Compensation,308,128,23,0,0,19,40,0.089,8.0,174
ae769953,Chhattisgarh,Chhattisgarh District 1,Agricultural,Objection,150,50,35,0,4,1,3,0.158,12.0,174
50129f69,Chhattisgarh,Chhattisgarh District 2,Agricultural,Possession,295,35,18,0,2,36,8,0.254,6.0,214
c18730f3,Maharashtra,Maharashtra District 3,Industrial,Compensation,285,105,26,0,5,19,10,0.244,8.0,138
a09ed8d2,Haryana,Haryana District 4,Agricultural,Possession,288,28,36,0,3,2,4,0.182,13.0,187
d72f2b98,Andhra Pradesh,Andhra Pradesh District 1,Agricultural,Compensation,229,49,21,0,3,61,0,0.12,7.0,201
ae40ddbf,Chhattisgarh,Chhattisgarh District 2,Agricultural,Objection,154,54,25,0,2,3,6,0.146,9.0,187
14bcf716,Maharashtra,Maharashtra District 3,Industrial,Objection,280,180,19,0,1,4,80,0.189,6.0,320
1ca6c5e8,Madhya Pradesh,Madhya Pradesh District 4,Agricultural,Notification,31,11,15,0,1,2,0,0.103,5.0,154
4a5a5e49,Punjab,Punjab District 1,Agricultural,Possession,296,36,23,0,3,34,9,0.227,8.0,232
73e3535e,Maharashtra,Maharashtra District 2,Industrial,Objection,213,113,23,0,1,3,0,0.164,8.0,111
9c453d1a,Uttar Pradesh,Uttar Pradesh District 3,Residential,Notification,64,44,23,0,4,4,0,0.255,7.0,154
c3a0f0db,Andhra Pradesh,Andhra Pradesh District 4,Agricultural,Objection,254,154,26,0,7,34,13,0.32,7.0,249
66e77163,Haryana,Haryana District 1,Industrial,Notification,48,28,54,0,7,2,4,0.275,20.0,192
262e9a4e,Punjab,Punjab District 2,Agricultural,Notification,45,25,7,0,3,35,2,0.221,2.0,154
0ce71c6f,Andhra Pradesh,Andhra Pradesh District 3,Agricultural,Compensation,332,152,16,0,1,10,42,0.062,5.0,292
48e034c6,Rajasthan,Rajasthan District 4,Agricultural,Compensation,360,180,12,0,1,24,80,0.127,4.0,312
9f242a63,Chhattisgarh,Chhattisgarh District 1,Industrial,Objection,268,168,30,0,4,7,22,0.367,10.0,181
e11fa8b7,Bihar,Bihar District 2,Agricultural,Objection,163,63,24,1,6,2,22,0.317,8.0,111
692d7793,Haryana,Haryana District 3,Agricultural,Notification,54,34,25,0,4,35,8,0.274,8.0,192
06937b6f,Punjab,Punjab District 4,Agricultural,Notification,78,58,20,0,2,0,24,0.042,7.0,264
61406122,Tamil Nadu,Tamil Nadu District 1,Industrial,Objection,164,64,28,0,4,3,0,0.207,9.0,111
126b851a,Madhya Pradesh,Madhya Pradesh District 2,Agricultural,Objection,159,59,23,0,3,33,10,0.176,8.0,154
b53e4a7a,Maharashtra,Maharashtra District 3,Agricultural,Possession,287,27,16,1,6,2,13,0.323,4.0,187
7f6306f6,West Bengal,West Bengal District 4,Agricultural,Compensation,280,100,19,0,1,6,22,0.062,6.0,197
6c080219,Haryana,Haryana District 1,Agricultural,Notification,40,20,27,0,4,3,0,0.239,9.0,111
27533b2d,Chhattisgarh,Chhattisgarh District 2,Industrial,Objection,280,180,31,0,5,30,75,0.127,10.0,311
1c2a4465,Punjab,Punjab District 3,Agricultural,Compensation,360,180,12,0,2,0,80,0.05,3.0,321
c34e771c,Maharashtra,Maharashtra District 4,Commercial,Objection,266,166,31,0,3,2,21,0.172,11.0,154
e1befa3d,Uttar Pradesh,Uttar Pradesh District 1,Industrial,Possession,278,18,19,0,1,2,0,0.1,6.0,174
7fecac96,Haryana,Haryana District 2,Agricultural,Objection,280,180,25,0,6,5,50,0.346,7.0,181
ff39e317,Tamil Nadu,Tamil Nadu District 3,Agricultural,Notification,89,69,19,1,3,1,41,0.215,6.0,278
5448e9d6,West Bengal,West Bengal District 4,Industrial,Objection,138,38,25,0,3,2,0,0.154,8.0,174
b76fe93b,Maharashtra,Maharashtra District 1,Agricultural,Possession,280,20,30,0,2,3,0,0.166,11.0,174
c4168fd8,Madhya Pradesh,Madhya Pradesh District 2,Residential,Objection,156,56,36,0,4,4,8,0.259,13.0,187
897f17c1,West Bengal,West Bengal District 3,Residential,Notification,60,40,28,0,1,4,0,0.171,10.0,174
e687d986,Chhattisgarh,Chhattisgarh District 4,Commercial,Objection,280,180,16,0,1,30,80,0.027,5.0,324
dd6268cd,Rajasthan,Rajasthan District 1,Agricultural,Possession,283,23,12,1,4,4,10,0.336,3.0,111
1a9551c6,Rajasthan,Rajasthan District 2,Industrial,Notification,59,39,35,0,5,4,0,0.283,12.0,187
231d7af4,Madhya Pradesh,Madhya Pradesh District 3,Agricultural,Possession,286,26,17,0,2,31,2,0.064,6.0,201
9daa40c9,Bihar,Bihar District 4,Agricultural,Possession,274,14,26,0,3,0,0,0.083,9.0,174
dc496364,Madhya Pradesh,Madhya Pradesh District 1,Commercial,Possession,299,39,30,0,3,1,11,0.135,10.0,174
d88401da,Maharashtra,Maharashtra District 2,Agricultural,Objection,280,180,41,0,5,5,51,0.327,15.0,201
c95775db,Maharashtra,Maharashtra District 3,Agricultural,Objection,161,61,23,0,3,32,10,0.143,8.0,197
9a68bc4a,Uttar Pradesh,Uttar Pradesh District 4,Agricultural,Notification,45,25,28,1,7,30,12,0.25,9.0,192
a972541f,Bihar,Bihar District 1,Agricultural,Notification,76,56,33,0,4,4,0,0.263,11.0,111
4b50cdb3,Karnataka,Karnataka District 2,Agricultural,Objection,240,140,16,0,1,33,3,0.141,5.0,201
6ed5c5f7,West Bengal,West Bengal District 3,Agricultural,Objection,165,65,29,0,6,30,0,0.142,9.0,111
ebce1112,Haryana,Haryana District 4,Agricultural,Objection,210,110,18,0,0,7,0,0.251,6.0,111
5378ddb8,Uttar Pradesh,Uttar Pradesh District 1,Industrial,Notification,72,52,25,1,7,1,10,0.323,8.0,192
a591c635,Chhattisgarh,Chhattisgarh District 2,Agricultural,Objection,120,20,19,0,2,30,0,0.036,6.0,174
8308ce72,Punjab,Punjab District 3,Agricultural,Objection,123,23,9,1,4,3,10,0.307,2.0,111
a988cc4b,Chhattisgarh,Chhattisgarh District 4,Residential,Compensation,242,62,11,0,2,0,0,0.044,3.0,201
0c18c995,Andhra Pradesh,Andhra Pradesh District 1,Agricultural,Notification,58,38,48,1,6,3,10,0.365,18.0,165
c98b7162,Madhya Pradesh,Madhya Pradesh District 2,Industrial,Compensation,287,107,24,0,4,58,12,0.371,8.0,181
17d5258d,Haryana,Haryana District 3,Agricultural,Notification,97,77,33,0,3,6,6,0.302,12.0,187
ef322003,Punjab,Punjab District 4,Industrial,Notification,35,15,15,0,0,3,0,0.107,5.0,111
33383206,Tamil Nadu,Tamil Nadu District 1,Agricultural,Objection,152,52,36,0,4,2,5,0.197,13.0,197
dfe9a8fb,Punjab,Punjab District 2,Commercial,Notification,92,72,35,0,5,30,3,0.123,12.0,154
d22b2d3c,Uttar Pradesh,Uttar Pradesh District 3,Residential,Possession,281,21,26,0,3,0,0,0.106,9.0,174
17aea268,Bihar,Bihar District 4,Residential,Objection,162,62,23,1,2,4,22,0.297,8.0,197
b70cf5cd,Rajasthan,Rajasthan District 1,Industrial,Objection,280,180,22,0,3,0,80,0.086,7.0,311
4c912154,Chhattisgarh,Chhattisgarh District 2,Industrial,Objection,135,35,21,0,3,3,0,0.18,7.0,111
e73914cc,Tamil Nadu,Tamil Nadu District 3,Commercial,Possession,279,19,30,0,5,35,0,0.312,10.0,111
6f02f500,Karnataka,Karnataka District 4,Commercial,Notification,91,71,26,0,4,4,2,0.265,8.0,197
49fbeeb5,Maharashtra,Maharashtra District 1,Agricultural,Notification,200,180,32,1,4,3,80,0.311,12.0,316
4ce9f52a,Haryana,Haryana District 2,Industrial,Compensation,249,69,35,0,5,70,0,0.234,12.0,187
020ae3f0,Karnataka,Karnataka District 3,Agricultural,Compensation,225,45,28,0,3,0,0,0.071,10.0,138
43567884,Bihar,Bihar District 4,Commercial,Possession,270,10,21,0,4,2,0,0.195,6.0,138
64d54d55,Tamil Nadu,Tamil Nadu District 1,Industrial,Notification,44,24,16,0,4,34,1,0.223,5.0,138
285d3c33,Rajasthan,Rajasthan District 2,Agricultural,Possession,277,17,24,0,1,2,0,0.13,8.0,165
d1e04b9e,Karnataka,Karnataka District 3,Agricultural,Notification,48,28,27,0,5,2,0,0.201,9.0,111
77c1e69b,Maharashtra,Maharashtra District 4,Agricultural,Notification,65,45,29,0,4,37,15,0.336,10.0,242
1f9756e1,Madhya Pradesh,Madhya Pradesh District 1,Industrial,Objection,161,61,23,0,2,6,10,0.306,8.0,192
f7de0ece,Maharashtra,Maharashtra District 2,Residential,Notification,44,24,14,1,2,3,11,0.263,5.0,174
82262d1b,West Bengal,West Bengal District 3,Agricultural,Compensation,356,176,21,0,3,19,57,0.168,7.0,201
7d8bb546,Madhya Pradesh,Madhya Pradesh District 4,Residential,Objection,145,45,27,0,3,6,0,0.323,9.0,154
dcb5331a,Karnataka,Karnataka District 1,Residential,Objection,152,52,20,0,0,5,5,0.208,7.0,208
a61369ae,Maharashtra,Maharashtra District 2,Agricultural,Compensation,302,122,31,0,4,40,36,0.307,10.0,197
e95c6fc0,Andhra Pradesh,Andhra Pradesh District 3,Industrial,Objection,278,178,39,0,3,4,29,0.228,14.0,165
f2d9f195,Rajasthan,Rajasthan District 4,Agricultural,Notification,63,43,28,0,5,4,0,0.273,9.0,192
5bf84a3c,West Bengal,West Bengal District 1,Industrial,Objection,132,32,45,0,6,1,0,0.186,16.0,181
f26387ce,Tamil Nadu,Tamil Nadu District 2,Industrial,Objection,246,146,18,0,3,7,7,0.338,5.0,138
7ba256b9,West Bengal,West Bengal District 3,Industrial,Notification,40,20,12,0,1,4,0,0.169,4.0,111
6a2d2110,Tamil Nadu,Tamil Nadu District 4,Agricultural,Compensation,230,50,22,0,2,5,0,0.08,7.0,111
aee7beca,Andhra Pradesh,Andhra Pradesh District 1,Agricultural,Notification,39,19,23,1,8,4,10,0.469,6.0,187
14ec2c4d,Karnataka,Karnataka District 2,Agricultural,Objection,168,68,14,0,2,0,16,0.065,4.0,192
215e95cb,Andhra Pradesh,Andhra Pradesh District 3,Industrial,Notification,85,65,41,0,6,3,0,0.269,14.0,174
da0b1e60,Karnataka,Karnataka District 4,Agricultural,Notification,36,16,42,0,4,2,0,0.18,16.0,111
b59a7447,Andhra Pradesh,Andhra Pradesh District 1,Agricultural,Compensation,243,63,40,0,4,37,0,0.299,14.0,111
b33757ee,West Bengal,West Bengal District 2,Industrial,Notification,51,31,30,0,3,1,6,0.119,10.0,174
cf26fa88,West Bengal,West Bengal District 3,Commercial,Objection,218,118,15,0,3,1,0,0.108,4.0,165
d3da00db,Tamil Nadu,Tamil Nadu District 4,Agricultural,Compensation,236,56,20,1,7,78,10,0.409,6.0,138
d044b51f,Karnataka,Karnataka District 1,Agricultural,Compensation,239,59,38,0,4,41,0,0.302,14.0,154
2291455b,Chhattisgarh,Chhattisgarh District 2,Residential,Possession,294,34,28,0,3,6,8,0.305,10.0,138
ea2b2471,Chhattisgarh,Chhattisgarh District 3,Agricultural,Compensation,327,147,26,0,3,0,53,0.083,9.0,197
d74e85fb,Maharashtra,Maharashtra District 4,Agricultural,Objection,280,180,18,0,3,2,75,0.176,5.0,165
f0214b20,Punjab,Punjab District 1,Agricultural,Compensation,232,52,22,1,5,14,10,0.307,7.0,192
a87f3ad9,Karnataka,Karnataka District 2,Agricultural,Compensation,238,58,20,0,3,8,0,0.108,6.0,111
1a0f38ff,Uttar Pradesh,Uttar Pradesh District 3,Agricultural,Objection,133,33,46,0,6,5,0,0.342,17.0,111
ddd8dd74,Andhra Pradesh,Andhra Pradesh District 4,Residential,Notification,64,44,37,0,6,5,0,0.367,13.0,192
bc20c7d6,Haryana,Haryana District 1,Agricultural,Notification,126,106,27,0,5,2,26,0.194,9.0,181
7f8dc271,Bihar,Bihar District 2,Industrial,Objection,176,76,10,0,1,1,20,0.064,3.0,260
86d05a53,Madhya Pradesh,Madhya Pradesh District 3,Agricultural,Compensation,310,130,21,0,3,8,42,0.123,7.0,201
282b24df,Bihar,Bihar District 4,Industrial,Notification,50,30,38,0,5,4,5,0.277,13.0,192
d40e32db,Punjab,Punjab District 1,Agricultural,Notification,45,25,19,0,1,4,2,0.194,6.0,154
c1c04041,Andhra Pradesh,Andhra Pradesh District 2,Agricultural,Objection,205,105,28,0,3,3,40,0.208,9.0,286
748f0fb3,Chhattisgarh,Chhattisgarh District 3,Commercial,Objection,218,118,34,0,4,35,0,0.25,12.0,181
0c27f182,Andhra Pradesh,Andhra Pradesh District 4,Residential,Possession,287,27,30,0,3,4,3,0.238,10.0,197
74094bb1,Madhya Pradesh,Madhya Pradesh District 1,Agricultural,Compensation,310,130,16,0,1,15,27,0.087,5.0,197
b1ad6008,Rajasthan,Rajasthan District 2,Agricultural,Compensation,264,84,29,0,4,15,11,0.175,10.0,181
7beb23dc,Tamil Nadu,Tamil Nadu District 3,Commercial,Possession,310,50,23,1,3,6,28,0.412,8.0,111
a6faa8d4,Rajasthan,Rajasthan District 4,Agricultural,Compensation,245,65,37,0,4,19,0,0.19,13.0,111
ce91da8c,Bihar,Bihar District 1,Industrial,Objection,280,180,25,0,3,1,80,0.133,8.0,349
acf72916,Rajasthan,Rajasthan District 2,Agricultural,Notification,41,21,25,1,6,4,10,0.411,8.0,138
b4353a7d,Chhattisgarh,Chhattisgarh District 3,Agricultural,Compensation,226,46,23,0,3,34,0,0.252,7.0,111
1f69578f,Madhya Pradesh,Madhya Pradesh District 4,Commercial,Compensation,268,88,21,0,4,44,0,0.316,6.0,138
e195d957,Chhattisgarh,Chhattisgarh District 1,Residential,Notification,89,69,31,0,6,1,1,0.209,10.0,111
a432f7d7,Karnataka,Karnataka District 2,Agricultural,Objection,121,21,34,1,6,1,10,0.281,12.0,138
2ccd0113,Haryana,Haryana District 3,Agricultural,Notification,67,47,27,0,5,1,0,0.178,9.0,111
e1f03f30,West Bengal,West Bengal District 4,Agricultural,Objection,147,47,38,0,4,2,2,0.199,14.0,154
ed772ac4,Karnataka,Karnataka District 1,Agricultural,Compensation,248,68,27,0,5,20,0,0.223,9.0,138
2487e9a7,Uttar Pradesh,Uttar Pradesh District 2,Agricultural,Objection,280,180,30,0,5,4,80,0.312,10.0,351
bc52a20a,Punjab,Punjab District 3,Residential,Compensation,229,49,39,0,6,67,0,0.489,13.0,111
0f61b83d,Maharashtra,Maharashtra District 4,Agricultural,Possession,270,10,18,0,2,2,0,0.147,6.0,187
caa9f82a,West Bengal,West Bengal District 1,Agricultural,Objection,280,180,7,0,0,1,30,0.066,2.0,165
14d02b8e,Chhattisgarh,Chhattisgarh District 2,Agricultural,Notification,46,26,19,0,1,1,2,0.054,6.0,192
8657289f,Uttar Pradesh,Uttar Pradesh District 3,Industrial,Notification,172,152,18,0,2,1,56,0.092,6.0,298
cc194a19,Andhra Pradesh,Andhra Pradesh District 4,Agricultural,Notification,30,8,18,0,3,2,0,0.164,5.0,111
0fa1d498,Bihar,Bihar District 1,Industrial,Objection,279,179,30,0,3,5,30,0.265,10.0,197
ea69a68a,Uttar Pradesh,Uttar Pradesh District 2,Agricultural,Objection,239,139,35,0,6,30,2,0.163,12.0,187
1ec5f4dd,West Bengal,West Bengal District 3,Industrial,Objection,182,82,38,0,7,34,0,0.325,13.0,138
47b7688b,Chhattisgarh,Chhattisgarh District 4,Agricultural,Compensation,360,180,42,0,5,50,72,0.369,15.0,311
a9cff060,Rajasthan,Rajasthan District 1,Industrial,Compensation,292,112,22,0,4,64,15,0.179,7.0,111
02164687,Karnataka,Karnataka District 2,Industrial,Compensation,260,80,27,0,3,21,8,0.19,9.0,154
399c666f,Bihar,Bihar District 3,Agricultural,Compensation,332,152,31,0,4,34,56,0.28,10.0,307
14bef49f,Punjab,Punjab District 4,Industrial,Objection,116,16,28,0,4,0,0,0.099,9.0,111
de129abf,Bihar,Bihar District 1,Agricultural,Notification,200,180,24,1,9,32,80,0.381,7.0,338
ad9eb966,Haryana,Haryana District 2,Industrial,Possession,283,23,19,1,6,5,10,0.437,6.0,174
47f3cce2,West Bengal,West Bengal District 3,Agricultural,Notification,48,28,31,0,3,4,4,0.223,11.0,201
dead4bac,Haryana,Haryana District 4,Commercial,Objection,124,24,21,0,2,0,0,0.048,7.0,111
ef9dc18c,Madhya Pradesh,Madhya Pradesh District 1,Agricultural,Objection,234,134,37,0,5,3,59,0.257,13.0,306
ac953ce3,Chhattisgarh,Chhattisgarh District 2,Industrial,Compensation,228,48,26,0,3,39,0,0.27,9.0,154
8a387446,West Bengal,West Bengal District 3,Industrial,Compensation,235,55,32,0,2,0,0,0.064,12.0,111
f841f11e,Karnataka,Karnataka District 4,Agricultural,Objection,131,31,23,0,4,0,0,0.098,7.0,111
569625d7,Chhattisgarh,Chhattisgarh District 1,Industrial,Compensation,314,134,47,0,4,36,30,0.282,18.0,192
38bf8001,Chhattisgarh,Chhattisgarh District 2,Industrial,Compensation,269,89,18,0,0,12,0,0.056,6.0,197
d9b332d4,Bihar,Bihar District 3,Agricultural,Objection,175,75,23,0,4,6,20,0.337,7.0,264
eaf0ce83,Chhattisgarh,Chhattisgarh District 4,Agricultural,Compensation,267,87,26,0,3,0,13,0.088,9.0,174
69f08cda,Rajasthan,Rajasthan District 1,Industrial,Objection,191,91,26,0,6,35,30,0.351,8.0,181
9e9c50e6,Karnataka,Karnataka District 2,Industrial,Compensation,221,41,33,0,4,64,0,0.161,12.0,201
b2bef47a,Rajasthan,Rajasthan District 3,Agricultural,Notification,45,25,28,1,9,36,12,0.518,9.0,165
0ef7990f,Punjab,Punjab District 4,Industrial,Objection,280,180,34,0,2,5,80,0.231,13.0,337
92fcc969,Madhya Pradesh,Madhya Pradesh District 1,Agricultural,Notification,108,88,28,0,3,3,14,0.191,10.0,253
a05575c8,Rajasthan,Rajasthan District 2,Industrial,Possession,281,21,22,0,2,10,0,0.439,7.0,111
a8a589d5,Punjab,Punjab District 3,Industrial,Possession,285,25,21,0,4,33,2,0.177,7.0,192
56932043,West Bengal,West Bengal District 4,Commercial,Compensation,290,110,22,0,3,50,13,0.08,7.0,181
d2754cf6,Tamil Nadu,Tamil Nadu District 1,Agricultural,Objection,193,93,24,0,4,34,0,0.204,8.0,197
479373f6,Punjab,Punjab District 2,Industrial,Objection,152,52,21,0,4,33,5,0.204,7.0,197
0856c646,Chhattisgarh,Chhattisgarh District 3,Agricultural,Compensation,218,38,44,0,4,35,0,0.282,16.0,111
4f96c411,Andhra Pradesh,Andhra Pradesh District 4,Agricultural,Objection,280,180,20,0,4,33,80,0.202,6.0,336
fd8cf4c1,Bihar,Bihar District 1,Agricultural,Notification,56,36,25,0,4,31,9,0.101,8.0,187
9da3c354,Uttar Pradesh,Uttar Pradesh District 2,Agricultural,Possession,278,18,5,0,0,1,0,0.02,2.0,111
aafedea6,Karnataka,Karnataka District 3,Commercial,Compensation,261,81,14,0,3,34,0,0.253,4.0,181
8b1d4e8a,Haryana,Haryana District 4,Agricultural,Compensation,280,100,15,0,3,1,6,0.077,4.0,111
c17edbb6,Chhattisgarh,Chhattisgarh District 1,Industrial,Objection,209,109,32,0,6,4,0,0.316,10.0,138
4c3b6e5e,West Bengal,West Bengal District 2,Agricultural,Notification,35,15,18,0,5,1,0,0.168,5.0,111
dec49019,Maharashtra,Maharashtra District 3,Agricultural,Possession,306,46,17,0,3,4,16,0.25,5.0,165
2976a507,Punjab,Punjab District 4,Industrial,Notification,34,14,9,0,2,3,0,0.183,2.0,197
dc9fe639,Bihar,Bihar District 1,Agricultural,Possession,276,16,29,0,4,2,0,0.169,10.0,154
ee5300e7,Andhra Pradesh,Andhra Pradesh District 2,Agricultural,Possession,274,14,22,0,6,4,0,0.297,6.0,197
3e3b0132,Rajasthan,Rajasthan District 3,Industrial,Objection,201,101,19,0,1,2,0,0.106,6.0,181
2011c5a8,Madhya Pradesh,Madhya Pradesh District 4,Industrial,Objection,280,180,21,1,5,2,80,0.308,7.0,359
8a6ad08c,Punjab,Punjab District 1,Residential,Compensation,274,94,43,0,6,47,2,0.397,15.0,192
6f7ebf00,Madhya Pradesh,Madhya Pradesh District 2,Industrial,Notification,46,26,24,0,4,1,2,0.155,8.0,174
41b199f6,Uttar Pradesh,Uttar Pradesh District 3,Industrial,Objection,195,95,29,0,4,30,0,0.074,10.0,165
7f33755c,West Bengal,West Bengal District 4,Agricultural,Possession,288,28,21,0,4,33,4,0.202,7.0,154
dcefac21,Haryana,Haryana District 1,Agricultural,Objection,260,160,31,0,2,4,17,0.213,11.0,197
ec9bf338,Madhya Pradesh,Madhya Pradesh District 2,Agricultural,Possession,287,27,37,0,2,1,3,0.116,14.0,181
2482aa89,Maharashtra,Maharashtra District 3,Commercial,Notification,122,102,19,0,2,2,23,0.147,6.0,267
82abdd22,Punjab,Punjab District 4,Agricultural,Possession,282,22,22,0,3,5,0,0.291,7.0,111
b12be365,Uttar Pradesh,Uttar Pradesh District 1,Industrial,Objection,206,106,33,1,6,3,10,0.37,11.0,201
4373b87f,Bihar,Bihar District 2,Agricultural,Compensation,257,77,17,0,3,51,0,0.08,5.0,111
a1836223,Madhya Pradesh,Madhya Pradesh District 3,Agricultural,Notification,73,53,27,0,6,2,0,0.238,8.0,154
f3c0a5c2,Tamil Nadu,Tamil Nadu District 4,Agricultural,Objection,127,27,39,0,5,3,0,0.261,14.0,197
6ce32a2b,Madhya Pradesh,Madhya Pradesh District 1,Commercial,Objection,280,180,20,0,3,2,36,0.16,6.0,192
ae0b5f40,Bihar,Bihar District 2,Industrial,Compensation,281,101,21,0,3,3,8,0.1,7.0,165
30d6b0cc,Madhya Pradesh,Madhya Pradesh District 3,Residential,Notification,126,106,23,0,3,36,26,0.305,8.0,259
cd89913d,Haryana,Haryana District 4,Commercial,Possession,279,19,38,0,5,7,0,0.382,13.0,111
d5420ea0,Uttar Pradesh,Uttar Pradesh District 1,Agricultural,Possession,334,74,25,0,2,0,34,0.06,9.0,290
5ce25ae7,Karnataka,Karnataka District 2,Industrial,Notification,40,20,42,0,7,32,0,0.238,15.0,192
6c6a2db3,Maharashtra,Maharashtra District 3,Commercial,Objection,190,90,16,0,2,4,30,0.193,5.0,281
9b41ed2c,West Bengal,West Bengal District 4,Industrial,Objection,168,68,18,0,0,5,16,0.197,6.0,111
f2f7ecfa,Punjab,Punjab District 1,Industrial,Notification,49,29,34,0,5,4,0,0.291,11.0,154
58046107,Uttar Pradesh,Uttar Pradesh District 2,Agricultural,Compensation,279,99,31,0,4,39,21,0.307,10.0,187
00f19745,Bihar,Bihar District 3,Industrial,Notification,46,26,5,1,3,4,12,0.327,1.0,197
6f64ae79,Bihar,Bihar District 4,Industrial,Compensation,360,180,19,0,3,118,80,0.405,6.0,315
d5d22e46,Andhra Pradesh,Andhra Pradesh District 1,Industrial,Notification,79,59,18,0,0,7,24,0.271,6.0,272
ed693fea,Karnataka,Karnataka District 2,Agricultural,Possession,282,22,17,0,2,4,0,0.198,5.0,154
b99109c1,Haryana,Haryana District 3,Industrial,Compensation,230,50,12,0,1,28,0,0.15,4.0,111
546d2118,Chhattisgarh,Chhattisgarh District 4,Commercial,Compensation,248,68,25,0,3,0,0,0.076,8.0,174
a2b20d96,Chhattisgarh,Chhattisgarh District 1,Industrial,Notification,46,26,24,0,2,8,2,0.364,8.0,174
9db84cbb,Andhra Pradesh,Andhra Pradesh District 2,Commercial,Notification,108,88,14,0,1,1,14,0.081,4.0,181
100a1644,Karnataka,Karnataka District 3,Agricultural,Notification,40,20,19,0,2,3,0,0.173,6.0,111
017469f9,Uttar Pradesh,Uttar Pradesh District 4,Agricultural,Notification,116,96,14,0,2,1,19,0.112,4.0,154
535c9a8f,Rajasthan,Rajasthan District 1,Industrial,Notification,41,21,23,0,6,3,0,0.255,6.0,174
1f171006,Andhra Pradesh,Andhra Pradesh District 2,Agricultural,Notification,99,79,24,1,6,4,18,0.423,8.0,197
6d9b9d90,Punjab,Punjab District 3,Industrial,Compensation,218,38,26,0,4,13,0,0.179,8.0,111
975a857b,Bihar,Bihar District 4,Industrial,Objection,156,56,25,0,3,3,7,0.191,8.0,222
2201da4b,Bihar,Bihar District 1,Industrial,Possession,315,55,14,1,5,0,32,0.246,4.0,266
2ea0f972,Rajasthan,Rajasthan District 2,Commercial,Possession,291,31,25,0,5,1,6,0.188,8.0,197
5223c737,Punjab,Punjab District 3,Industrial,Objection,135,35,22,0,4,2,0,0.186,7.0,138
0fedfa4e,Chhattisgarh,Chhattisgarh District 4,Agricultural,Objection,280,180,18,0,3,1,38,0.142,5.0,192
ef4daca7,Haryana,Haryana District 1,Agricultural,Compensation,276,96,9,0,2,47,4,0.277,2.0,192
63e289f5,Karnataka,Karnataka District 2,Commercial,Notification,37,17,25,0,3,6,0,0.288,8.0,197
7ec0b1ac,Chhattisgarh,Chhattisgarh District 3,Agricultural,Compensation,244,64,13,1,4,54,10,0.451,4.0,187
78d44363,Rajasthan,Rajasthan District 4,Agricultural,Notification,80,60,35,0,4,0,0,0.131,12.0,174
f4ec076a,Madhya Pradesh,Madhya Pradesh District 1,Agricultural,Objection,182,82,4,0,1,2,0,0.089,1.0,192
8542af56,Uttar Pradesh,Uttar Pradesh District 2,Industrial,Compensation,285,105,10,0,0,35,10,0.163,3.0,192
dd5a4eb1,Punjab,Punjab District 3,Agricultural,Notification,200,180,12,1,4,4,80,0.333,3.0,318
9045ea4b,Punjab,Punjab District 4,Agricultural,Notification,102,82,34,1,8,34,20,0.442,11.0,230
cfdb86e7,Punjab,Punjab District 1,Industrial,Notification,50,30,23,0,6,31,5,0.165,7.0,111
b7feeab7,Rajasthan,Rajasthan District 2,Industrial,Compensation,265,85,26,1,7,77,10,0.421,8.0,111
391b7baa,West Bengal,West Bengal District 3,Industrial,Notification,38,18,28,0,4,35,0,0.25,10.0,201
5ba4f144,Uttar Pradesh,Uttar Pradesh District 4,Industrial,Compensation,304,124,27,0,2,32,38,0.209,9.0,201
c6ebd597,Madhya Pradesh,Madhya Pradesh District 1,Agricultural,Notification,88,68,45,1,8,7,10,0.587,16.0,111
d679180c,Chhattisgarh,Chhattisgarh District 2,Industrial,Notification,36,16,32,0,6,1,0,0.207,10.0,192
3b4f4fa6,Haryana,Haryana District 3,Industrial,Possession,278,18,5,0,0,1,0,0.044,2.0,201
b6ca8887,Haryana,Haryana District 4,Residential,Notification,62,42,10,0,1,4,0,0.178,3.0,187
d5e5c8d3,Bihar,Bihar District 1,Industrial,Compensation,282,102,15,0,3,0,8,0.072,4.0,187
1f6e82dc,West Bengal,West Bengal District 2,Industrial,Notification,95,75,19,0,2,1,5,0.11,6.0,208
56519772,Rajasthan,Rajasthan District 3,Agricultural,Compensation,275,95,17,0,2,3,18,0.068,5.0,138
c541f088,Maharashtra,Maharashtra District 4,Agricultural,Possession,276,16,13,0,1,11,0,0.433,4.0,111
041ff428,Chhattisgarh,Chhattisgarh District 1,Industrial,Objection,137,37,27,0,3,5,0,0.274,9.0,201
e03ff22a,Rajasthan,Rajasthan District 2,Industrial,Notification,51,31,25,0,3,2,6,0.144,8.0,201
48eba66e,West Bengal,West Bengal District 3,Residential,Compensation,305,125,25,0,4,49,38,0.333,8.0,187
f0c868cf,Uttar Pradesh,Uttar Pradesh District 4,Agricultural,Compensation,215,35,37,0,7,33,0,0.348,12.0,154
08f4781a,Maharashtra,Maharashtra District 1,Commercial,Compensation,208,28,27,0,3,61,0,0.136,9.0,197
670003d9,Chhattisgarh,Chhattisgarh District 2,Agricultural,Objection,128,28,14,0,2,5,0,0.244,4.0,174
80d3fc74,Andhra Pradesh,Andhra Pradesh District 3,Residential,Objection,146,46,31,0,6,2,1,0.217,10.0,111
ae6b3e06,Bihar,Bihar District 4,Agricultural,Objection,242,142,13,1,4,1,14,0.227,4.0,154
516776fe,Punjab,Punjab District 1,Agricultural,Possession,283,23,37,1,7,3,10,0.401,13.0,138
a257160e,Tamil Nadu,Tamil Nadu District 2,Residential,Compensation,322,142,18,0,2,22,34,0.158,6.0,154
93c184c0,Maharashtra,Maharashtra District 3,Industrial,Objection,251,151,19,0,3,33,10,0.193,6.0,111
dba3709e,Bihar,Bihar District 4,Industrial,Notification,67,47,10,0,1,4,16,0.19,3.0,174
83b50c2d,Rajasthan,Rajasthan District 1,Industrial,Notification,48,28,25,0,3,5,4,0.272,8.0,201
5b1e8726,Uttar Pradesh,Uttar Pradesh District 2,Industrial,Objection,224,124,11,0,4,37,0,0.325,3.0,111
fee161e7,Maharashtra,Maharashtra District 3,Agricultural,Objection,203,103,8,0,1,4,38,0.152,2.0,277
8b25fe11,Rajasthan,Rajasthan District 4,Agricultural,Notification,66,46,16,0,3,1,0,0.101,5.0,201
4338c224,Haryana,Haryana District 1,Agricultural,Possession,286,26,28,0,4,5,2,0.3,9.0,192
3738b63f,Rajasthan,Rajasthan District 2,Agricultural,Objection,167,67,31,0,3,7,14,0.353,11.0,240
4f01c6b2,West Bengal,West Bengal District 3,Agricultural,Possession,274,14,29,1,7,34,10,0.418,10.0,111
5767d1fb,Uttar Pradesh,Uttar Pradesh District 4,Industrial,Notification,91,71,36,0,6,2,2,0.232,12.0,201
a2819ef3,Andhra Pradesh,Andhra Pradesh District 1,Commercial,Notification,30,10,31,0,2,7,0,0.306,11.0,197
ef71074b,Punjab,Punjab District 2,Industrial,Compensation,280,100,28,1,7,23,32,0.39,9.0,181
c13a071e,Andhra Pradesh,Andhra Pradesh District 3,Agricultural,Compensation,279,99,15,0,3,45,21,0.277,4.0,165
fa1bf3be,Karnataka,Karnataka District 4,Industrial,Notification,70,50,44,0,4,4,0,0.266,16.0,111
15500ba4,Rajasthan,Rajasthan District 1,Industrial,Objection,188,88,24,0,3,4,0,0.23,8.0,201
a6999556,Karnataka,Karnataka District 2,Agricultural,Notification,54,34,18,0,0,4,8,0.166,6.0,165
ecaf34c9,Haryana,Haryana District 3,Agricultural,Objection,201,101,13,0,3,36,0,0.297,4.0,201
6a0d5357,Haryana,Haryana District 4,Agricultural,Objection,245,145,17,0,1,6,6,0.244,6.0,192
411d981f,Karnataka,Karnataka District 1,Industrial,Compensation,280,100,15,0,3,37,7,0.244,4.0,201
279930b4,Punjab,Punjab District 2,Agricultural,Compensation,296,116,27,0,3,7,18,0.128,9.0,258
1cc77e46,Tamil Nadu,Tamil Nadu District 3,Residential,Objection,138,38,26,0,4,4,0,0.279,8.0,192
5e931cea,Uttar Pradesh,Uttar Pradesh District 4,Agricultural,Compensation,233,53,17,0,4,45,0,0.088,5.0,187
6cf7cdc5,Karnataka,Karnataka District 1,Industrial,Compensation,256,76,26,0,4,31,0,0.263,8.0,111
28d3f41a,Uttar Pradesh,Uttar Pradesh District 2,Agricultural,Possession,273,13,29,0,5,36,0,0.348,10.0,111
7b120a51,Chhattisgarh,Chhattisgarh District 3,Commercial,Notification,48,28,24,0,4,7,4,0.357,8.0,181
554ec5e0,Andhra Pradesh,Andhra Pradesh District 4,Agricultural,Notification,113,93,18,0,2,1,17,0.083,6.0,165
31a670cd,West Bengal,West Bengal District 1,Industrial,Notification,57,37,18,0,0,4,10,0.159,6.0,181
97151047,Haryana,Haryana District 2,Commercial,Possession,300,40,31,1,7,2,22,0.394,10.0,187
3e880665,Karnataka,Karnataka District 3,Industrial,Compensation,230,50,23,0,1,7,0,0.061,8.0,174
70af3f54,Maharashtra,Maharashtra District 4,Residential,Objection,145,45,36,0,7,1,0,0.216,12.0,181
40d7dd48,Uttar Pradesh,Uttar Pradesh District 1,Commercial,Compensation,244,64,10,0,0,37,0,0.172,3.0,111
6a32d7ad,Bihar,Bihar District 2,Agricultural,Objection,161,61,22,0,3,6,10,0.299,7.0,138
3c3505a9,Rajasthan,Rajasthan District 3,Agricultural,Objection,120,20,23,0,2,3,0,0.158,8.0,111
091373e1,Rajasthan,Rajasthan District 4,Residential,Notification,141,121,18,0,2,32,36,0.103,6.0,181
ff85b986,West Bengal,West Bengal District 1,Residential,Compensation,229,49,20,0,5,66,0,0.202,6.0,111
c089227d,Punjab,Punjab District 2,Residential,Possession,307,47,26,0,3,0,16,0.09,9.0,181
862d8d84,Bihar,Bihar District 3,Industrial,Objection,132,32,10,1,2,4,10,0.298,3.0,181
0164a82c,Madhya Pradesh,Madhya Pradesh District 4,Agricultural,Objection,126,26,24,0,0,4,0,0.164,9.0,138
fda29eae,Haryana,Haryana District 1,Commercial,Notification,48,28,37,0,8,0,4,0.226,12.0,197
fea10e96,Andhra Pradesh,Andhra Pradesh District 2,Industrial,Notification,66,46,24,0,4,7,0,0.348,8.0,138
db0ecd44,Punjab,Punjab District 3,Agricultural,Notification,45,25,17,0,2,7,2,0.325,5.0,174
d6e262a1,Haryana,Haryana District 4,Industrial,Compensation,288,108,26,0,5,51,12,0.148,8.0,165
8dae26ed,Rajasthan,Rajasthan District 1,Agricultural,Objection,259,159,29,0,4,3,16,0.223,10.0,154
6a1b9696,Maharashtra,Maharashtra District 2,Residential,Compensation,267,87,15,0,1,44,13,0.245,5.0,232
62854df0,Chhattisgarh,Chhattisgarh District 3,Agricultural,Objection,280,180,30,0,4,3,35,0.209,10.0,174
ad9bad5c,Madhya Pradesh,Madhya Pradesh District 4,Commercial,Possession,304,44,26,0,2,9,14,0.383,9.0,246
9518010e,Andhra Pradesh,Andhra Pradesh District 1,Industrial,Compensation,214,34,28,1,4,13,10,0.282,10.0,154
17ddb5cc,Karnataka,Karnataka District 2,Industrial,Compensation,243,63,18,0,2,29,0,0.196,6.0,154
ee33c9d8,Punjab,Punjab District 3,Agricultural,Notification,46,26,36,0,6,4,2,0.291,12.0,181
0fcdcccd,Haryana,Haryana District 4,Agricultural,Objection,144,44,34,0,5,2,0,0.228,11.0,197
e706ddba,Tamil Nadu,Tamil Nadu District 1,Industrial,Objection,158,58,32,0,1,3,8,0.156,12.0,228
275f9bf5,West Bengal,West Bengal District 2,Agricultural,Notification,69,49,15,1,6,5,10,0.427,4.0,111
3b21f0ae,Tamil Nadu,Tamil Nadu District 3,Residential,Notification,40,20,37,0,6,0,0,0.166,13.0,111
b5d6f091,Karnataka,Karnataka District 4,Agricultural,Notification,42,22,41,0,5,1,0,0.169,15.0,165
82241b93,West Bengal,West Bengal District 1,Industrial,Compensation,360,180,45,0,9,47,80,0.472,15.0,316
b5bc9785,Bihar,Bihar District 2,Agricultural,Notification,36,16,4,0,1,6,0,0.228,1.0,111
615c506b,Rajasthan,Rajasthan District 3,Industrial,Possession,276,16,6,0,0,5,0,0.195,2.0,138
334fca2f,West Bengal,West Bengal District 4,Agricultural,Objection,141,41,24,0,4,31,0,0.11,8.0,111
756815b4,Karnataka,Karnataka District 1,Agricultural,Notification,42,22,23,0,4,0,0,0.111,7.0,181
fef06335,Haryana,Haryana District 2,Agricultural,Compensation,214,34,16,0,3,21,0,0.17,5.0,154
b9117e4b,Punjab,Punjab District 3,Residential,Compensation,229,49,23,1,5,74,10,0.347,8.0,138
44d857f3,Andhra Pradesh,Andhra Pradesh District 4,Agricultural,Compensation,360,180,36,1,10,38,80,0.546,11.0,313
08c2dc28,Andhra Pradesh,Andhra Pradesh District 1,Agricultural,Notification,38,18,14,1,4,2,10,0.288,4.0,111
f1dc0e0f,Maharashtra,Maharashtra District 2,Industrial,Notification,97,77,35,1,6,3,16,0.388,12.0,197
194a8b87,Tamil Nadu,Tamil Nadu District 3,Agricultural,Compensation,360,180,24,0,4,29,80,0.234,8.0,305
67ec4c9e,Andhra Pradesh,Andhra Pradesh District 4,Commercial,Notification,46,26,24,0,5,0,2,0.135,7.0,187
9e9b919e,Chhattisgarh,Chhattisgarh District 1,Industrial,Notification,40,20,18,1,5,2,10,0.311,5.0,111
445ec717,Karnataka,Karnataka District 2,Agricultural,Compensation,236,56,27,0,3,31,0,0.238,9.0,138
251934c7,Tamil Nadu,Tamil Nadu District 3,Residential,Compensation,256,76,25,0,4,19,0,0.201,8.0,111
03d927d6,Chhattisgarh,Chhattisgarh District 4,Agricultural,Possession,288,28,30,0,3,2,4,0.163,10.0,192
02ef5fe5,Chhattisgarh,Chhattisgarh District 1,Agricultural,Notification,72,52,25,0,4,0,0,0.118,8.0,111
f0a233ec,Andhra Pradesh,Andhra Pradesh District 2,Industrial,Compensation,298,118,23,0,4,23,34,0.233,7.0,181
61806e3d,Haryana,Haryana District 3,Agricultural,Objection,206,106,23,0,2,34,0,0.187,8.0,111
caec63aa,Haryana,Haryana District 4,Agricultural,Notification,170,150,15,1,6,30,65,0.223,4.0,298
d0d78e2c,Karnataka,Karnataka District 1,Industrial,Notification,30,10,35,0,5,3,0,0.261,12.0,111
f1e348cd,Haryana,Haryana District 2,Commercial,Objection,280,180,5,0,0,5,80,0.181,2.0,201
055a003a,Tamil Nadu,Tamil Nadu District 3,Industrial,Objection,128,28,32,1,5,33,10,0.338,12.0,111
7e9ace49,Chhattisgarh,Chhattisgarh District 4,Commercial,Possession,272,12,22,0,4,0,0,0.124,7.0,111
dc9fcd5d,Andhra Pradesh,Andhra Pradesh District 1,Industrial,Possession,280,20,28,0,5,3,0,0.236,9.0,111
73358864,Haryana,Haryana District 2,Residential,Compensation,245,65,32,0,3,33,0,0.249,11.0,181
257d8c77,Punjab,Punjab District 3,Industrial,Compensation,346,166,25,0,3,34,66,0.24,8.0,299
6bba8e44,Bihar,Bihar District 4,Industrial,Notification,155,135,27,0,6,6,45,0.396,8.0,282
36d00a1b,Uttar Pradesh,Uttar Pradesh District 1,Industrial,Notification,40,20,22,0,2,5,0,0.248,7.0,174
9d4af396,Tamil Nadu,Tamil Nadu District 2,Residential,Objection,191,91,26,0,4,3,0,0.248,8.0,187
35f60dc5,Haryana,Haryana District 3,Industrial,Objection,155,55,17,1,4,3,16,0.298,5.0,192
afc0e627,Rajasthan,Rajasthan District 4,Agricultural,Objection,280,180,38,0,3,7,68,0.332,14.0,197
c125ad11,Rajasthan,Rajasthan District 1,Agricultural,Compensation,260,80,14,0,0,46,0,0.214,5.0,192
42cf9989,Madhya Pradesh,Madhya Pradesh District 2,Residential,Objection,174,74,15,0,2,6,19,0.284,4.0,250
7654330c,Uttar Pradesh,Uttar Pradesh District 3,Residential,Compensation,292,112,37,0,5,20,30,0.225,13.0,271
33429ac0,Rajasthan,Rajasthan District 4,Industrial,Possession,305,45,12,0,1,2,15,0.088,4.0,197
c2a7be6d,Bihar,Bihar District 1,Agricultural,Notification,146,126,15,0,5,33,39,0.218,4.0,201
f49feff4,Andhra Pradesh,Andhra Pradesh District 2,Commercial,Objection,210,110,36,1,7,6,10,0.485,13.0,201
50f90a4b,West Bengal,West Bengal District 3,Agricultural,Objection,280,180,23,0,3,8,80,0.398,7.0,328
ccc39002,Madhya Pradesh,Madhya Pradesh District 4,Commercial,Compensation,293,113,17,0,2,79,30,0.175,6.0,154
73699dfa,Karnataka,Karnataka District 1,Residential,Objection,123,23,16,0,2,4,0,0.193,5.0,181
cbb739cd,Chhattisgarh,Chhattisgarh District 2,Industrial,Objection,170,70,31,0,4,6,16,0.357,10.0,249
6444fdeb,Haryana,Haryana District 3,Industrial,Notification,43,23,20,0,5,5,0,0.323,5.0,138
15a8600b,Punjab,Punjab District 4,Industrial,Notification,200,180,25,0,4,5,80,0.292,8.0,320
6fe48b1f,Tamil Nadu,Tamil Nadu District 1,Industrial,Objection,137,37,22,0,5,3,0,0.264,6.0,111
421c12eb,Bihar,Bihar District 2,Industrial,Notification,41,21,20,0,3,0,0,0.073,6.0,154
1fae0abb,Tamil Nadu,Tamil Nadu District 3,Residential,Compensation,230,50,6,0,0,24,0,0.114,2.0,192
fd3ccbf5,Rajasthan,Rajasthan District 4,Industrial,Possession,278,18,22,0,3,3,0,0.192,7.0,165
001f047f,Andhra Pradesh,Andhra Pradesh District 1,Agricultural,Possession,318,58,10,0,1,2,24,0.101,3.0,265
c60e8e2a,West Bengal,West Bengal District 2,Agricultural,Possession,322,62,11,0,3,3,26,0.178,3.0,263
47fea479,Haryana,Haryana District 3,Agricultural,Compensation,207,27,30,0,4,13,0,0.177,10.0,154
f36a7a3e,Maharashtra,Maharashtra District 4,Agricultural,Objection,132,32,36,0,5,4,0,0.269,13.0,187
2bd7fd2f,Chhattisgarh,Chhattisgarh District 1,Industrial,Possession,277,17,12,0,2,0,0,0.046,3.0,201
9a24d310,Tamil Nadu,Tamil Nadu District 2,Industrial,Compensation,302,122,36,0,5,30,36,0.267,13.0,111
09737689,Maharashtra,Maharashtra District 3,Industrial,Notification,40,20,27,0,4,4,0,0.272,9.0,111
5076849e,Punjab,Punjab District 4,Industrial,Objection,212,112,18,0,2,5,0,0.239,6.0,111
023bd7be,Bihar,Bihar District 1,Agricultural,Notification,142,122,37,0,8,31,36,0.236,12.0,187
1f5b02c3,Punjab,Punjab District 2,Residential,Compensation,266,86,20,1,2,9,10,0.199,7.0,181
5769cb29,Madhya Pradesh,Madhya Pradesh District 3,Agricultural,Notification,90,70,31,0,3,32,2,0.128,11.0,192
99c39cf2,Andhra Pradesh,Andhra Pradesh District 4,Industrial,Compensation,242,62,24,0,1,49,0,0.27,8.0,187
0096c816,Chhattisgarh,Chhattisgarh District 1,Agricultural,Possession,270,10,14,0,3,0,0,0.099,4.0,111
ad58454e,Rajasthan,Rajasthan District 2,Residential,Objection,145,45,32,0,5,1,0,0.179,11.0,111
15d54e74,Uttar Pradesh,Uttar Pradesh District 3,Agricultural,Objection,203,103,32,0,2,5,0,0.258,12.0,174
5e91ac8f,Karnataka,Karnataka District 4,Industrial,Notification,36,16,29,0,5,1,0,0.181,9.0,111
17b1aafb,Haryana,Haryana District 1,Commercial,Compensation,217,37,42,0,6,99,0,0.385,15.0,111
ad40defe,West Bengal,West Bengal District 2,Agricultural,Objection,280,180,33,0,6,4,49,0.316,11.0,165
26f0e0fa,Andhra Pradesh,Andhra Pradesh District 3,Industrial,Compensation,264,84,32,0,7,15,11,0.26,10.0,154
c536a396,Karnataka,Karnataka District 4,Agricultural,Compensation,290,110,42,0,6,51,28,0.171,15.0,192
ced8e665,Haryana,Haryana District 1,Industrial,Notification,200,180,16,0,2,3,80,0.156,5.0,321
c7e053fd,West Bengal,West Bengal District 2,Industrial,Compensation,218,38,10,0,0,8,0,0.036,3.0,197
f520823a,Rajasthan,Rajasthan District 3,Agricultural,Objection,266,166,20,1,5,2,30,0.287,6.0,181
cd41e162,West Bengal,West Bengal District 4,Commercial,Compensation,241,61,5,0,0,39,0,0.179,2.0,111
f6102da2,Tamil Nadu,Tamil Nadu District 1,Industrial,Notification,40,20,19,0,1,4,0,0.181,6.0,111
c02c651b,Karnataka,Karnataka District 2,Agricultural,Compensation,280,100,29,1,7,37,16,0.459,9.0,181
5ad27f6d,West Bengal,West Bengal District 3,Commercial,Compensation,227,47,41,0,5,55,0,0.387,15.0,111
fe6e4d5b,Haryana,Haryana District 4,Residential,Possession,285,25,39,0,4,3,2,0.237,14.0,154
3ef2fa3e,Punjab,Punjab District 1,Residential,Compensation,298,118,34,0,2,34,34,0.207,13.0,197
2d720e02,Haryana,Haryana District 2,Industrial,Objection,136,36,20,0,5,36,0,0.341,6.0,154
2f1611e4,Rajasthan,Rajasthan District 3,Agricultural,Notification,40,20,24,1,6,2,10,0.341,8.0,165
3de973fb,Punjab,Punjab District 4,Industrial,Objection,202,102,11,0,1,0,38,0.052,3.0,294
f23f3b15,Madhya Pradesh,Madhya Pradesh District 1,Industrial,Possession,287,27,21,0,4,35,3,0.273,7.0,187
fb8c6cb9,West Bengal,West Bengal District 2,Industrial,Possession,280,20,40,0,6,5,0,0.332,14.0,187
4f036fe8,Bihar,Bihar District 3,Agricultural,Compensation,262,82,23,0,3,17,0,0.172,7.0,111
3795085e,Tamil Nadu,Tamil Nadu District 4,Agricultural,Objection,165,65,18,0,2,4,14,0.209,6.0,239
f6012a17,Uttar Pradesh,Uttar Pradesh District 1,Industrial,Objection,146,46,23,0,0,0,1,0.02,8.0,154
849c17b8,Maharashtra,Maharashtra District 2,Industrial,Compensation,236,56,23,0,6,44,0,0.366,6.0,165
5047d056,Karnataka,Karnataka District 3,Agricultural,Objection,280,180,28,0,4,4,58,0.243,9.0,174
bc2ab3fb,Chhattisgarh,Chhattisgarh District 4,Agricultural,Possession,274,14,24,0,4,34,0,0.209,8.0,192
3d211cd5,Rajasthan,Rajasthan District 1,Agricultural,Objection,167,67,23,0,3,7,14,0.35,7.0,192
973b6e36,Haryana,Haryana District 2,Agricultural,Compensation,241,61,12,1,5,63,10,0.519,3.0,187
1bfdd262,Bihar,Bihar District 3,Agricultural,Compensation,229,49,28,0,4,26,0,0.221,9.0,197
36ef4ae7,Rajasthan,Rajasthan District 4,Agricultural,Notification,193,173,29,0,6,5,70,0.349,9.0,298
b518603e,Chhattisgarh,Chhattisgarh District 1,Industrial,Notification,94,74,19,0,1,6,4,0.253,6.0,205
f39c5db6,Madhya Pradesh,Madhya Pradesh District 2,Agricultural,Objection,137,37,19,0,1,34,0,0.14,7.0,111
018154e3,Rajasthan,Rajasthan District 3,Industrial,Compensation,245,65,35,0,4,9,0,0.16,12.0,111
6e39d82e,Bihar,Bihar District 4,Industrial,Compensation,236,56,16,0,2,60,0,0.319,5.0,165
4ce193ce,Rajasthan,Rajasthan District 1,Agricultural,Compensation,261,81,23,0,5,48,9,0.111,7.0,187
fa29cc52,Rajasthan,Rajasthan District 2,Residential,Objection,280,180,24,0,4,1,39,0.153,8.0,197
5e1e053b,Maharashtra,Maharashtra District 3,Industrial,Compensation,246,66,29,0,3,26,0,0.195,10.0,111
99cc0aa3,Haryana,Haryana District 4,Agricultural,Objection,180,80,23,0,2,6,0,0.27,8.0,165
0ba9b530,Rajasthan,Rajasthan District 1,Commercial,Possession,272,12,21,0,4,3,0,0.238,6.0,165
ba804d15,Haryana,Haryana District 2,Industrial,Compensation,244,64,14,0,0,24,0,0.109,5.0,154
00ad5a6a,West Bengal,West Bengal District 3,Industrial,Notification,30,10,19,0,3,34,0,0.204,6.0,111
aa4173c9,Maharashtra,Maharashtra District 4,Agricultural,Objection,170,70,34,0,5,4,17,0.297,11.0,138
31042c3f,Tamil Nadu,Tamil Nadu District 1,Industrial,Compensation,214,34,20,0,3,45,0,0.284,6.0,201
7770d961,Uttar Pradesh,Uttar Pradesh District 2,Agricultural,Notification,99,79,30,0,4,1,8,0.16,10.0,230
3220b86e,West Bengal,West Bengal District 3,Agricultural,Compensation,266,86,26,0,4,42,12,0.31,8.0,154
95f6f1a2,Bihar,Bihar District 4,Agricultural,Objection,222,122,27,0,5,1,0,0.17,9.0,174
adca68ce,Andhra Pradesh,Andhra Pradesh District 1,Agricultural,Notification,154,134,17,0,2,1,44,0.107,5.0,165
eb13cff7,Karnataka,Karnataka District 2,Residential,Notification,46,26,33,0,6,0,2,0.184,11.0,165
29a05b52,Rajasthan,Rajasthan District 3,Industrial,Notification,56,36,17,0,1,3,9,0.135,6.0,192
348850ef,Punjab,Punjab District 4,Agricultural,Compensation,262,82,18,0,2,23,0,0.169,6.0,197
7c88415f,Chhattisgarh,Chhattisgarh District 1,Agricultural,Compensation,242,62,36,0,4,21,0,0.197,13.0,192
3e18c7c0,West Bengal,West Bengal District 2,Commercial,Compensation,290,110,26,0,3,27,28,0.209,9.0,271
57225ede,Punjab,Punjab District 3,Industrial,Possession,265,5,27,0,5,30,0,0.125,9.0,111
4f91c73e,Chhattisgarh,Chhattisgarh District 4,Agricultural,Notification,58,38,23,1,6,4,10,0.392,7.0,181
b551c77c,Andhra Pradesh,Andhra Pradesh District 1,Industrial,Objection,186,86,21,0,5,30,0,0.114,6.0,192
8b64d227,Chhattisgarh,Chhattisgarh District 2,Agricultural,Objection,118,18,15,1,6,0,10,0.262,4.0,154
a1931ab7,Punjab,Punjab District 3,Residential,Compensation,250,70,36,0,4,23,0,0.231,13.0,111
325d7f21,Madhya Pradesh,Madhya Pradesh District 4,Agricultural,Notification,66,46,12,0,2,1,0,0.07,3.0,111
845241bc,Uttar Pradesh,Uttar Pradesh District 1,Residential,Compensation,319,139,38,1,10,69,42,0.464,13.0,165
d7c2e70a,Haryana,Haryana District 2,Agricultural,Possession,272,12,23,0,2,1,0,0.098,8.0,187
57d6e63d,Madhya Pradesh,Madhya Pradesh District 3,Agricultural,Notification,102,82,40,1,6,5,20,0.461,14.0,181
843d49bc,Rajasthan,Rajasthan District 4,Agricultural,Notification,70,50,39,0,4,3,0,0.209,14.0,111
51847552,Punjab,Punjab District 1,Commercial,Notification,130,110,13,0,2,1,28,0.097,4.0,265
df603c4f,Chhattisgarh,Chhattisgarh District 2,Industrial,Objection,193,93,23,1,5,1,10,0.276,7.0,154
5aaab92d,Andhra Pradesh,Andhra Pradesh District 3,Industrial,Possession,280,20,23,0,3,4,0,0.241,7.0,197
48fd99e5,Maharashtra,Maharashtra District 4,Residential,Notification,32,12,22,0,3,0,0,0.09,7.0,181
a7564645,Madhya Pradesh,Madhya Pradesh District 1,Agricultural,Notification,54,34,30,1,5,2,10,0.312,10.0,138
67ff29fc,Uttar Pradesh,Uttar Pradesh District 2,Industrial,Objection,280,180,32,0,3,6,70,0.305,11.0,197
97add30a,Bihar,Bihar District 3,Industrial,Notification,46,26,17,0,2,0,2,0.05,5.0,181
7f568cbb,West Bengal,West Bengal District 4,Agricultural,Compensation,198,18,17,0,4,45,0,0.085,5.0,197
a2f99c15,West Bengal,West Bengal District 1,Industrial,Objection,172,72,26,0,5,31,18,0.142,8.0,111
e6bc7e52,West Bengal,West Bengal District 2,Industrial,Objection,117,17,29,1,7,3,10,0.41,9.0,111
95c50c4c,Uttar Pradesh,Uttar Pradesh District 3,Residential,Compensation,214,34,21,0,3,20,0,0.174,7.0,201
290c1d1b,Bihar,Bihar District 4,Agricultural,Objection,126,26,29,1,6,33,10,0.347,10.0,111
9703179b,Madhya Pradesh,Madhya Pradesh District 1,Residential,Notification,34,14,24,1,6,35,10,0.408,8.0,201
32973713,Haryana,Haryana District 2,Industrial,Possession,283,23,15,0,4,5,0,0.283,4.0,111
0bbf8a00,West Bengal,West Bengal District 3,Industrial,Notification,54,34,18,0,2,0,8,0.057,6.0,165
8bcee4a0,Rajasthan,Rajasthan District 4,Agricultural,Notification,80,60,21,0,4,1,0,0.152,6.0,197
0644da08,Madhya Pradesh,Madhya Pradesh District 1,Industrial,Notification,58,38,18,0,4,35,0,0.267,5.0,187
f0a13f06,Rajasthan,Rajasthan District 2,Industrial,Compensation,216,36,28,0,5,1,0,0.134,9.0,187
420daa3f,Maharashtra,Maharashtra District 3,Agricultural,Possession,302,42,26,0,3,7,13,0.349,9.0,181
ce0dfebe,Haryana,Haryana District 4,Industrial,Objection,146,46,15,0,2,33,1,0.142,5.0,192
8a236dbd,Bihar,Bihar District 1,Residential,Notification,36,16,24,0,4,3,0,0.215,8.0,187
9d4c5ef3,Uttar Pradesh,Uttar Pradesh District 2,Agricultural,Compensation,360,180,23,0,2,24,64,0.173,8.0,313
4feba534,Punjab,Punjab District 3,Agricultural,Compensation,262,82,15,0,4,0,10,0.104,4.0,154
cdd05062,Maharashtra,Maharashtra District 4,Industrial,Compensation,244,64,19,0,5,41,0,0.32,5.0,174
3590d38e,Tamil Nadu,Tamil Nadu District 1,Commercial,Objection,162,62,28,0,4,3,11,0.216,9.0,181
9bf8aeed,Punjab,Punjab District 2,Agricultural,Objection,192,92,28,0,3,30,31,0.07,10.0,187
e75bb32b,Punjab,Punjab District 3,Agricultural,Notification,39,19,6,0,2,35,0,0.221,2.0,111
35ef047a,Uttar Pradesh,Uttar Pradesh District 4,Agricultural,Notification,42,22,23,0,2,5,0,0.26,8.0,111
45b47a91,Tamil Nadu,Tamil Nadu District 1,Agricultural,Objection,211,111,26,0,5,5,0,0.32,8.0,154
039b5158,Punjab,Punjab District 2,Agricultural,Possession,280,20,24,1,4,35,10,0.365,8.0,111
57cd1f8a,Karnataka,Karnataka District 3,Commercial,Objection,139,39,22,0,4,31,0,0.142,7.0,201
33fbba00,Punjab,Punjab District 4,Industrial,Compensation,279,99,10,0,1,10,6,0.08,3.0,111
1c5a8ade,Maharashtra,Maharashtra District 1,Industrial,Objection,280,180,17,0,3,2,80,0.157,5.0,344
862a5641,Haryana,Haryana District 2,Industrial,Notification,37,17,17,0,2,4,0,0.215,5.0,111
843fa621,Haryana,Haryana District 3,Agricultural,Notification,92,72,24,0,5,32,3,0.198,8.0,181
ff799d1e,Punjab,Punjab District 4,Agricultural,Notification,71,51,22,0,4,3,0,0.228,7.0,111
50ab2596,Haryana,Haryana District 1,Agricultural,Notification,99,79,29,0,6,0,8,0.168,9.0,138
16220329,Haryana,Haryana District 2,Agricultural,Notification,74,54,30,0,4,35,21,0.256,10.0,265
75509a15,Chhattisgarh,Chhattisgarh District 3,Agricultural,Notification,45,25,33,1,7,3,12,0.399,11.0,201
bef1f0e0,Punjab,Punjab District 4,Industrial,Compensation,241,61,35,0,2,43,0,0.258,13.0,192
8ee90895,West Bengal,West Bengal District 1,Commercial,Compensation,262,82,25,0,3,22,10,0.18,8.0,228
54f9b182,Rajasthan,Rajasthan District 2,Agricultural,Compensation,350,170,18,0,2,40,54,0.246,6.0,192
5a02ff70,Uttar Pradesh,Uttar Pradesh District 3,Agricultural,Objection,211,111,16,1,6,5,54,0.434,4.0,290
06140a32,Madhya Pradesh,Madhya Pradesh District 4,Industrial,Objection,270,170,46,0,7,31,24,0.219,17.0,187
d963ba76,Maharashtra,Maharashtra District 1,Agricultural,Compensation,285,105,32,1,7,30,20,0.417,11.0,165
1ae280c7,Uttar Pradesh,Uttar Pradesh District 2,Residential,Possession,294,34,25,0,4,5,8,0.277,8.0,181
5ea8c392,Rajasthan,Rajasthan District 3,Agricultural,Possession,282,22,18,1,4,4,10,0.354,6.0,111
4e10b676,Chhattisgarh,Chhattisgarh District 4,Residential,Objection,218,118,18,0,1,34,0,0.155,6.0,197
40f24593,Karnataka,Karnataka District 1,Agricultural,Possession,306,46,18,0,3,34,16,0.206,6.0,181
30d24b79,Andhra Pradesh,Andhra Pradesh District 2,Agricultural,Compensation,262,82,25,0,6,108,10,0.436,8.0,174
fdb25e90,Rajasthan,Rajasthan District 3,Agricultural,Possession,273,13,30,0,4,2,0,0.179,10.0,154
cd4d842f,Madhya Pradesh,Madhya Pradesh District 4,Industrial,Compensation,331,151,24,0,5,62,56,0.42,7.0,303
6032d5c4,Chhattisgarh,Chhattisgarh District 1,Industrial,Possession,277,17,27,0,2,3,0,0.184,9.0,181
151b5cf3,Uttar Pradesh,Uttar Pradesh District 2,Industrial,Compensation,256,76,14,0,0,57,0,0.264,5.0,138
5d105e8b,Punjab,Punjab District 3,Agricultural,Notification,78,58,35,1,4,0,10,0.208,13.0,111
9cae4716,Uttar Pradesh,Uttar Pradesh District 4,Commercial,Notification,143,123,30,1,6,2,47,0.318,10.0,290
3e2d60ec,Karnataka,Karnataka District 1,Industrial,Objection,118,18,40,0,5,3,0,0.222,14.0,154
c959512e,Rajasthan,Rajasthan District 2,Industrial,Objection,225,125,13,1,5,5,10,0.406,3.0,192
a5cee6cc,Chhattisgarh,Chhattisgarh District 3,Residential,Compensation,338,158,25,0,4,38,45,0.287,8.0,187
30c9a966,Rajasthan,Rajasthan District 4,Industrial,Objection,187,87,29,0,3,7,0,0.347,10.0,165
d1c1378c,Rajasthan,Rajasthan District 1,Agricultural,Objection,131,31,23,0,2,3,0,0.162,8.0,138
87e9b26b,Madhya Pradesh,Madhya Pradesh District 2,Agricultural,Possession,276,16,11,0,1,5,0,0.218,3.0,111
836b7ccc,Madhya Pradesh,Madhya Pradesh District 3,Industrial,Compensation,238,58,27,0,1,24,0,0.145,10.0,154
aee9fd4f,Chhattisgarh,Chhattisgarh District 4,Agricultural,Compensation,208,28,43,0,8,0,0,0.212,15.0,187
1506090a,Rajasthan,Rajasthan District 1,Agricultural,Possession,273,13,28,0,0,4,0,0.143,11.0,174
4763a1d9,Punjab,Punjab District 2,Agricultural,Notification,114,94,10,1,2,2,28,0.242,3.0,261
ec032f76,Uttar Pradesh,Uttar Pradesh District 3,Agricultural,Objection,202,102,36,0,3,4,0,0.256,13.0,138
56fe233e,West Bengal,West Bengal District 4,Industrial,Notification,51,31,27,0,7,36,0,0.396,8.0,187
14be733f,Chhattisgarh,Chhattisgarh District 1,Industrial,Possession,275,15,21,0,2,6,0,0.27,7.0,181
cefdad31,Karnataka,Karnataka District 2,Residential,Compensation,272,92,24,0,6,15,1,0.235,7.0,154
8232007b,Haryana,Haryana District 3,Agricultural,Compensation,332,152,25,0,3,1,42,0.08,8.0,201
4141e20e,Rajasthan,Rajasthan District 4,Industrial,Compensation,215,35,30,0,3,0,0,0.086,10.0,111
101ad7b4,Bihar,Bihar District 1,Commercial,Notification,124,104,16,0,3,32,24,0.101,5.0,181
63e89cb1,Madhya Pradesh,Madhya Pradesh District 2,Agricultural,Compensation,274,94,13,0,2,18,3,0.142,4.0,154
898ca436,Bihar,Bihar District 3,Agricultural,Notification,53,33,32,0,5,30,7,0.103,11.0,138
412328bb,Punjab,Punjab District 4,Industrial,Compensation,296,116,20,0,4,50,17,0.096,6.0,254
5160ad8c,Madhya Pradesh,Madhya Pradesh District 1,Agricultural,Notification,93,73,31,1,7,33,44,0.382,10.0,286
fc7f3d2e,Punjab,Punjab District 2,Agricultural,Compensation,272,92,21,0,3,26,16,0.203,7.0,197
62818b0b,Haryana,Haryana District 3,Agricultural,Compensation,226,46,31,1,8,21,10,0.404,10.0,111
f95f2680,West Bengal,West Bengal District 4,Residential,Compensation,285,105,22,0,5,63,25,0.201,7.0,138
ccc21cdd,Punjab,Punjab District 1,Industrial,Notification,96,76,17,1,4,6,16,0.427,5.0,211
328b5297,West Bengal,West Bengal District 2,Agricultural,Objection,137,37,30,0,5,0,0,0.148,10.0,197
71bfe94b,Uttar Pradesh,Uttar Pradesh District 3,Industrial,Notification,72,52,25,0,3,4,0,0.23,8.0,192
cbe4ccb3,Bihar,Bihar District 4,Agricultural,Objection,280,180,29,0,5,0,66,0.14,9.0,315
0bdf0e62,Karnataka,Karnataka District 1,Industrial,Notification,99,79,33,0,5,34,8,0.25,11.0,226
1146d553,Karnataka,Karnataka District 2,Industrial,Notification,48,28,11,0,2,0,0,0.053,3.0,154
18cd10e4,Punjab,Punjab District 3,Agricultural,Objection,280,180,31,0,6,3,34,0.258,10.0,288
91087ad0,Haryana,Haryana District 4,Agricultural,Objection,280,180,23,0,3,5,72,0.295,7.0,154
2b3a3bf9,Tamil Nadu,Tamil Nadu District 1,Agricultural,Compensation,226,46,26,0,2,0,0,0.058,9.0,111
5385fbdb,Rajasthan,Rajasthan District 2,Agricultural,Notification,50,30,20,0,4,4,5,0.271,6.0,138
dfc27a7e,Bihar,Bihar District 3,Agricultural,Compensation,267,87,26,0,3,54,13,0.095,9.0,154
3db68576,Haryana,Haryana District 4,Industrial,Notification,32,12,29,0,5,34,0,0.239,10.0,187
63712d31,Bihar,Bihar District 1,Agricultural,Notification,53,33,32,0,2,3,7,0.195,12.0,224
8cf687ad,Punjab,Punjab District 2,Agricultural,Notification,69,49,22,1,5,6,28,0.446,7.0,138
c088cffd,Chhattisgarh,Chhattisgarh District 3,Agricultural,Notification,99,79,28,0,4,3,8,0.199,9.0,197
784db09f,West Bengal,West Bengal District 4,Industrial,Possession,286,26,22,0,4,35,2,0.268,7.0,174
6f427a90,Rajasthan,Rajasthan District 1,Commercial,Possession,275,15,19,0,5,0,0,0.132,5.0,174
2a5a5fee,Maharashtra,Maharashtra District 2,Agricultural,Objection,120,20,27,0,4,34,0,0.226,9.0,187
861cd9ed,Madhya Pradesh,Madhya Pradesh District 3,Agricultural,Compensation,255,75,15,0,2,95,5,0.269,5.0,165
8f038379,Bihar,Bihar District 4,Agricultural,Possession,289,29,20,1,5,5,14,0.398,6.0,174
bbc4bb31,Tamil Nadu,Tamil Nadu District 1,Agricultural,Objection,176,76,32,0,4,0,21,0.1,11.0,251
f81ae9ac,Uttar Pradesh,Uttar Pradesh District 2,Agricultural,Notification,91,71,23,1,5,30,42,0.212,8.0,280
46db8f57,Punjab,Punjab District 3,Agricultural,Notification,40,20,23,1,6,3,10,0.37,7.0,111
54dc86b1,Maharashtra,Maharashtra District 4,Industrial,Objection,139,39,17,0,3,4,0,0.238,5.0,187
7413fad8,Bihar,Bihar District 1,Agricultural,Notification,152,132,38,0,5,7,43,0.398,13.0,290
5db85bd7,Madhya Pradesh,Madhya Pradesh District 2,Agricultural,Objection,161,61,35,0,6,5,0,0.337,12.0,111
9005d695,Rajasthan,Rajasthan District 3,Residential,Objection,152,52,18,0,3,0,4,0.102,5.0,201
57cc272b,Haryana,Haryana District 4,Agricultural,Notification,68,48,17,0,2,0,17,0.056,5.0,174
dc774eb6,Tamil Nadu,Tamil Nadu District 1,Agricultural,Compensation,286,106,24,0,2,0,11,0.068,8.0,111
7d051ba6,Punjab,Punjab District 2,Industrial,Possession,270,10,10,0,2,32,0,0.111,3.0,111
99fa277e,Uttar Pradesh,Uttar Pradesh District 3,Agricultural,Notification,108,88,22,0,3,33,14,0.177,7.0,181
46f8474e,Tamil Nadu,Tamil Nadu District 4,Industrial,Notification,35,15,19,1,5,32,10,0.282,6.0,111
a6d6ad0b,Maharashtra,Maharashtra District 1,Residential,Objection,280,180,27,0,3,1,45,0.148,9.0,165
876451dd,Karnataka,Karnataka District 2,Residential,Compensation,255,75,18,0,3,35,0,0.255,5.0,174
8c8cd201,Andhra Pradesh,Andhra Pradesh District 3,Commercial,Compensation,244,64,11,1,5,0,10,0.221,3.0,192
2451207e,Maharashtra,Maharashtra District 4,Residential,Compensation,308,128,20,0,4,80,25,0.236,6.0,271
d1267ed5,Andhra Pradesh,Andhra Pradesh District 1,Agricultural,Objection,280,180,20,0,1,6,69,0.253,7.0,165
f0ab4363,Andhra Pradesh,Andhra Pradesh District 2,Agricultural,Objection,137,37,33,0,4,4,0,0.256,11.0,165
9c57fd1c,Haryana,Haryana District 3,Commercial,Compensation,237,57,28,0,4,44,0,0.302,9.0,154
aa37d028,Karnataka,Karnataka District 4,Agricultural,Notification,46,26,28,0,5,0,2,0.133,9.0,174
55516717,Karnataka,Karnataka District 1,Agricultural,Compensation,242,62,34,1,6,42,10,0.452,12.0,111
4013aba5,Tamil Nadu,Tamil Nadu District 2,Industrial,Objection,204,104,27,0,2,1,0,0.117,9.0,111
52fa345d,Punjab,Punjab District 3,Agricultural,Compensation,237,57,31,0,2,9,0,0.103,11.0,165
f1a3e3e7,Uttar Pradesh,Uttar Pradesh District 4,Industrial,Notification,44,24,23,0,4,4,0,0.257,7.0,201
721d2b64,Rajasthan,Rajasthan District 1,Commercial,Objection,135,35,30,1,5,1,10,0.266,10.0,165
cdd1eba7,Haryana,Haryana District 2,Industrial,Notification,36,16,22,0,5,0,0,0.153,6.0,111
624a2dc3,Maharashtra,Maharashtra District 3,Industrial,Objection,134,34,18,1,6,4,10,0.428,5.0,111
13c1f6ed,Maharashtra,Maharashtra District 4,Industrial,Objection,238,138,31,1,8,2,12,0.391,10.0,174
f8a67384,Maharashtra,Maharashtra District 1,Industrial,Objection,280,180,11,0,2,3,31,0.167,3.0,271
838ca408,Punjab,Punjab District 2,Industrial,Objection,152,52,31,0,3,37,0,0.323,11.0,201
86eb6a9d,Andhra Pradesh,Andhra Pradesh District 3,Residential,Objection,139,39,25,0,4,1,0,0.141,8.0,165
2c010f62,Chhattisgarh,Chhattisgarh District 4,Agricultural,Compensation,218,38,53,0,8,31,0,0.365,20.0,111
ddf8f6ee,Punjab,Punjab District 1,Industrial,Possession,288,28,35,0,4,2,4,0.2,12.0,111
14b1e764,Haryana,Haryana District 2,Industrial,Notification,62,42,18,0,1,0,13,0.035,6.0,111
b6d48cef,Uttar Pradesh,Uttar Pradesh District 3,Industrial,Compensation,295,115,9,0,2,47,32,0.275,2.0,181
71f80402,Andhra Pradesh,Andhra Pradesh District 4,Industrial,Notification,79,59,29,0,5,4,0,0.278,9.0,181
5361be62,West Bengal,West Bengal District 1,Commercial,Possession,271,11,23,0,2,2,0,0.117,8.0,154
01ca2113,Haryana,Haryana District 2,Industrial,Compensation,250,70,34,0,5,15,2,0.214,11.0,111
94c7035b,Madhya Pradesh,Madhya Pradesh District 3,Agricultural,Compensation,360,180,20,0,3,42,60,0.268,6.0,138
bf7233ff,Punjab,Punjab District 4,Commercial,Compensation,284,104,24,0,5,78,24,0.254,8.0,165
eb8f55ae,Maharashtra,Maharashtra District 1,Industrial,Possession,274,14,12,0,2,2,0,0.112,3.0,187
6931e9f7,Maharashtra,Maharashtra District 2,Commercial,Compensation,235,55,21,0,5,100,0,0.367,6.0,111
1419859a,Karnataka,Karnataka District 3,Agricultural,Compensation,231,51,33,1,7,37,10,0.458,11.0,111
70166a6e,Haryana,Haryana District 4,Agricultural,Compensation,346,166,23,0,4,30,66,0.237,7.0,312
8f586e6d,Punjab,Punjab District 1,Residential,Compensation,250,70,33,0,5,14,0,0.203,11.0,187
094485da,Bihar,Bihar District 2,Commercial,Notification,48,28,24,0,1,3,4,0.145,8.0,187
2a36bb3e,Bihar,Bihar District 3,Industrial,Objection,280,180,17,1,6,33,80,0.362,5.0,354
75fe8e1e,Maharashtra,Maharashtra District 4,Commercial,Objection,167,67,24,1,4,4,24,0.364,8.0,181
c82d45ac,Chhattisgarh,Chhattisgarh District 1,Residential,Compensation,269,89,41,1,8,56,24,0.336,15.0,192
b194a21d,Karnataka,Karnataka District 2,Agricultural,Objection,208,108,23,0,2,5,0,0.261,8.0,165
35be4dd0,Haryana,Haryana District 3,Agricultural,Objection,171,71,18,0,5,31,18,0.166,5.0,111
c45354f0,Rajasthan,Rajasthan District 4,Residential,Objection,186,86,34,0,5,34,28,0.268,12.0,270
e0b4237d,Karnataka,Karnataka District 1,Industrial,Compensation,248,68,45,1,8,63,10,0.361,17.0,111
297ed879,Bihar,Bihar District 2,Agricultural,Compensation,306,126,27,0,1,24,39,0.136,10.0,201
b83e790c,Tamil Nadu,Tamil Nadu District 3,Commercial,Possession,320,60,31,1,7,2,35,0.364,10.0,272
a6d002d1,Andhra Pradesh,Andhra Pradesh District 4,Agricultural,Notification,141,121,10,0,0,4,36,0.139,3.0,291
bc7dad13,Chhattisgarh,Chhattisgarh District 1,Agricultural,Compensation,245,65,39,0,5,15,0,0.215,14.0,181
74805a60,Rajasthan,Rajasthan District 2,Commercial,Objection,175,75,24,0,4,4,0,0.258,8.0,111
a1314a90,Andhra Pradesh,Andhra Pradesh District 3,Industrial,Possession,275,15,46,1,9,4,10,0.487,16.0,174
04e2f0d1,Punjab,Punjab District 4,Industrial,Possession,274,14,15,0,2,0,0,0.068,4.0,187
cb9eef7e,Madhya Pradesh,Madhya Pradesh District 1,Industrial,Objection,280,180,6,0,1,0,48,0.037,2.0,282
83a25b2e,West Bengal,West Bengal District 2,Industrial,Compensation,332,152,17,0,2,47,42,0.27,5.0,201
bf8cbf46,West Bengal,West Bengal District 3,Agricultural,Possession,270,10,24,0,3,5,0,0.266,8.0,174
ca10f9d8,Maharashtra,Maharashtra District 4,Industrial,Objection,144,44,22,0,5,38,0,0.435,7.0,201
6186124e,Rajasthan,Rajasthan District 1,Residential,Notification,78,58,33,0,3,1,0,0.101,12.0,197
27b7ec0e,Madhya Pradesh,Madhya Pradesh District 2,Agricultural,Notification,200,180,20,0,2,0,75,0.045,7.0,318
3aae1710,Maharashtra,Maharashtra District 3,Agricultural,Compensation,230,50,36,0,5,35,0,0.293,13.0,192
a17ab2d3,Haryana,Haryana District 4,Industrial,Compensation,234,54,21,0,6,73,0,0.276,6.0,165
3d868265,Andhra Pradesh,Andhra Pradesh District 1,Commercial,Notification,68,48,8,0,1,5,0,0.189,2.0,187
f888ef96,Rajasthan,Rajasthan District 2,Agricultural,Notification,106,86,52,0,7,1,12,0.229,20.0,181
25adff46,Maharashtra,Maharashtra District 3,Agricultural,Notification,200,180,26,1,6,0,80,0.268,8.0,331
c0a570b4,Madhya Pradesh,Madhya Pradesh District 4,Industrial,Compensation,265,85,30,0,3,41,0,0.276,10.0,111
5fe944ab,Bihar,Bihar District 1,Agricultural,Objection,145,45,36,0,4,6,0,0.333,13.0,181
089ff0b0,Rajasthan,Rajasthan District 2,Agricultural,Compensation,224,44,31,0,3,42,0,0.29,11.0,197
e09f81e8,Andhra Pradesh,Andhra Pradesh District 3,Agricultural,Compensation,269,89,27,0,3,0,14,0.094,9.0,197
85a4083b,Tamil Nadu,Tamil Nadu District 4,Industrial,Objection,200,100,8,0,1,2,0,0.099,2.0,174
24f5ac8d,Chhattisgarh,Chhattisgarh District 1,Residential,Possession,312,52,23,0,2,0,20,0.07,8.0,253
fd5d6f2f,Tamil Nadu,Tamil Nadu District 2,Industrial,Compensation,221,41,50,0,5,19,0,0.218,19.0,111
87986cba,West Bengal,West Bengal District 3,Agricultural,Objection,189,89,31,0,4,4,0,0.256,10.0,138
ae27ceeb,West Bengal,West Bengal District 4,Industrial,Notification,34,14,40,0,5,31,0,0.146,14.0,181
8cbac5c1,Punjab,Punjab District 1,Agricultural,Compensation,226,46,37,0,7,95,0,0.398,13.0,111
fe94ff28,Madhya Pradesh,Madhya Pradesh District 2,Industrial,Objection,280,180,19,1,3,1,80,0.228,6.0,343
084484dd,Uttar Pradesh,Uttar Pradesh District 3,Industrial,Possession,273,13,20,0,3,4,0,0.227,6.0,111
1891a679,Bihar,Bihar District 4,Industrial,Notification,48,28,8,0,2,6,4,0.278,2.0,111
fc8f32a8,Tamil Nadu,Tamil Nadu District 1,Industrial,Notification,64,44,33,0,1,5,0,0.223,12.0,111
48123996,Andhra Pradesh,Andhra Pradesh District 2,Agricultural,Possession,279,19,19,0,3,2,0,0.158,6.0,192
ce30528a,Andhra Pradesh,Andhra Pradesh District 3,Industrial,Notification,58,38,34,1,6,1,20,0.312,12.0,187
5c07f2d9,Punjab,Punjab District 4,Agricultural,Notification,76,56,36,0,6,4,22,0.293,12.0,262
7877ab2b,Madhya Pradesh,Madhya Pradesh District 1,Industrial,Objection,210,110,19,0,4,4,0,0.237,6.0,138
ecd05659,Bihar,Bihar District 2,Industrial,Notification,59,39,15,0,2,3,0,0.182,4.0,187
978cac22,Haryana,Haryana District 3,Industrial,Objection,185,85,1,0,0,3,0,0.1,1.0,111
a38138a2,Haryana,Haryana District 4,Commercial,Objection,112,12,31,0,2,3,0,0.186,11.0,181
9ff84e98,Rajasthan,Rajasthan District 1,Commercial,Objection,241,141,20,0,4,2,4,0.185,6.0,201
142e47a6,Andhra Pradesh,Andhra Pradesh District 2,Industrial,Objection,239,139,21,1,4,30,12,0.179,7.0,192
0fc5b56b,Madhya Pradesh,Madhya Pradesh District 3,Agricultural,Compensation,235,55,16,0,4,51,0,0.344,4.0,154
7288640f,Chhattisgarh,Chhattisgarh District 4,Agricultural,Compensation,300,120,16,0,2,9,35,0.082,5.0,280
1b91e17a,Karnataka,Karnataka District 1,Agricultural,Possession,291,31,34,0,3,4,6,0.222,12.0,201
e0b87be2,Maharashtra,Maharashtra District 2,Industrial,Objection,117,17,20,0,5,0,0,0.14,5.0,138
e80554cf,Chhattisgarh,Chhattisgarh District 3,Industrial,Notification,153,133,21,0,4,3,44,0.208,6.0,138
6c4778c9,Tamil Nadu,Tamil Nadu District 4,Industrial,Possession,267,7,25,0,2,6,0,0.282,9.0,165
a43878c7,Karnataka,Karnataka District 1,Agricultural,Notification,30,9,25,0,3,1,0,0.13,8.0,197
775f80ae,Tamil Nadu,Tamil Nadu District 2,Agricultural,Possession,271,11,7,0,3,34,0,0.181,2.0,201
64f63406,Bihar,Bihar District 3,Industrial,Notification,170,150,27,0,4,6,55,0.342,9.0,289
4ca29b32,Chhattisgarh,Chhattisgarh District 4,Industrial,Possession,267,7,45,1,7,2,10,0.362,17.0,181
2e29bc64,Karnataka,Karnataka District 1,Industrial,Possession,276,16,25,1,6,2,10,0.337,8.0,154
acf0ff55,West Bengal,West Bengal District 2,Agricultural,Compensation,260,80,33,0,5,31,8,0.279,11.0,181
5b56996f,Rajasthan,Rajasthan District 3,Agricultural,Notification,42,22,25,0,2,2,0,0.125,9.0,138
eaf146c9,Karnataka,Karnataka District 4,Agricultural,Objection,232,132,21,0,4,1,0,0.136,6.0,111
8f525d03,Tamil Nadu,Tamil Nadu District 1,Agricultural,Possession,288,28,39,0,7,4,4,0.336,13.0,192
9561ae19,Andhra Pradesh,Andhra Pradesh District 2,Residential,Possession,286,26,19,0,5,2,2,0.213,5.0,187
55e43ddd,Uttar Pradesh,Uttar Pradesh District 3,Industrial,Possession,291,31,26,0,4,37,6,0.338,9.0,154
caf010a1,Punjab,Punjab District 4,Industrial,Compensation,254,74,28,0,4,11,4,0.149,9.0,192
1421dbf4,Karnataka,Karnataka District 1,Agricultural,Objection,204,104,19,0,2,8,40,0.38,6.0,291
6eeafa0a,Uttar Pradesh,Uttar Pradesh District 2,Residential,Compensation,271,91,20,0,4,91,16,0.287,6.0,239
d8a66594,Bihar,Bihar District 3,Residential,Possession,280,20,37,0,2,4,0,0.219,14.0,181
4a85f855,Chhattisgarh,Chhattisgarh District 4,Agricultural,Compensation,262,82,25,0,3,44,0,0.282,8.0,154
f0988e47,Uttar Pradesh,Uttar Pradesh District 1,Agricultural,Notification,38,18,20,0,4,2,0,0.162,6.0,111
e83b6e7a,Karnataka,Karnataka District 2,Industrial,Notification,36,16,11,0,0,3,0,0.136,4.0,174
da2120b6,Chhattisgarh,Chhattisgarh District 3,Agricultural,Possession,269,9,26,0,3,4,0,0.246,9.0,111
21973fb5,Tamil Nadu,Tamil Nadu District 4,Agricultural,Objection,280,180,25,0,5,31,59,0.152,8.0,174
b49a3280,Haryana,Haryana District 1,Agricultural,Notification,90,70,43,1,7,35,12,0.437,16.0,165
49f78290,Madhya Pradesh,Madhya Pradesh District 2,Agricultural,Objection,280,180,15,0,2,30,34,0.039,5.0,154
fc9ce4bf,Haryana,Haryana District 3,Agricultural,Notification,92,72,22,0,2,4,3,0.222,7.0,138
c993841b,Chhattisgarh,Chhattisgarh District 4,Agricultural,Objection,188,88,15,1,3,6,10,0.401,5.0,165
c31c4079,Chhattisgarh,Chhattisgarh District 1,Industrial,Compensation,353,173,24,0,4,15,56,0.169,8.0,201
3be45fa5,Bihar,Bihar District 2,Commercial,Possession,269,9,11,0,3,4,0,0.21,3.0,111
9e469a3d,Haryana,Haryana District 3,Industrial,Possession,268,8,26,0,2,5,0,0.225,9.0,111
b269e612,Haryana,Haryana District 4,Industrial,Objection,280,180,24,0,4,0,70,0.121,8.0,201
3c9e90dc,Bihar,Bihar District 1,Industrial,Objection,144,44,22,0,2,6,0,0.283,7.0,138
799e5341,Andhra Pradesh,Andhra Pradesh District 2,Agricultural,Notification,61,41,26,1,7,32,10,0.346,8.0,111
8dbb7537,West Bengal,West Bengal District 3,Industrial,Objection,162,62,13,0,3,33,0,0.171,4.0,187
b9742562,Rajasthan,Rajasthan District 4,Agricultural,Objection,268,168,30,0,3,2,22,0.161,10.0,255
cc23ed76,Madhya Pradesh,Madhya Pradesh District 1,Industrial,Possession,278,18,14,0,0,2,0,0.081,5.0,201
a6f0a24c,Karnataka,Karnataka District 2,Industrial,Objection,280,180,7,0,2,4,80,0.18,2.0,325
b5500599,Tamil Nadu,Tamil Nadu District 3,Industrial,Possession,288,28,27,0,4,35,4,0.276,9.0,154
77092549,Haryana,Haryana District 4,Agricultural,Objection,200,100,18,0,2,6,0,0.275,6.0,165
1b71c7cc,Tamil Nadu,Tamil Nadu District 1,Industrial,Objection,147,47,43,0,4,6,2,0.356,16.0,111
1c5081ed,Andhra Pradesh,Andhra Pradesh District 2,Industrial,Objection,150,50,41,0,5,0,4,0.133,15.0,111
313cd2c3,Maharashtra,Maharashtra District 3,Agricultural,Objection,239,139,15,1,3,1,12,0.224,5.0,111
3a862eb0,Uttar Pradesh,Uttar Pradesh District 4,Agricultural,Objection,158,58,7,0,0,2,8,0.086,2.0,222
77c9a262,Punjab,Punjab District 1,Industrial,Compensation,360,180,14,0,0,27,80,0.124,5.0,351
f5590b10,Haryana,Haryana District 2,Agricultural,Notification,50,30,36,1,9,6,15,0.569,12.0,181
98af47db,Karnataka,Karnataka District 3,Industrial,Objection,270,170,25,0,3,3,24,0.202,8.0,187
995b8086,Madhya Pradesh,Madhya Pradesh District 4,Industrial,Notification,48,28,37,0,4,3,4,0.199,13.0,197
ce0a0201,Andhra Pradesh,Andhra Pradesh District 1,Commercial,Objection,130,30,20,0,4,2,0,0.184,6.0,138
ced8eb2d,Punjab,Punjab District 2,Agricultural,Possession,278,18,24,1,5,6,10,0.448,8.0,111
eb7622c8,West Bengal,West Bengal District 3,Commercial,Notification,53,33,22,0,3,31,7,0.098,7.0,187
3f2189ad,Tamil Nadu,Tamil Nadu District 4,Agricultural,Possession,288,28,31,0,4,5,4,0.305,10.0,201
3bea18a3,Uttar Pradesh,Uttar Pradesh District 1,Commercial,Compensation,249,69,26,0,3,7,1,0.12,9.0,138
3a233828,Andhra Pradesh,Andhra Pradesh District 2,Industrial,Compensation,360,180,36,0,4,63,66,0.178,13.0,301
fec1ee00,Uttar Pradesh,Uttar Pradesh District 3,Agricultural,Possession,279,19,11,1,3,5,10,0.374,3.0,111
39868cda,Chhattisgarh,Chhattisgarh District 4,Agricultural,Notification,139,119,46,0,8,0,34,0.234,16.0,289
f58f5ca2,Madhya Pradesh,Madhya Pradesh District 1,Residential,Possession,272,12,21,0,5,0,0,0.147,6.0,111
339d4e05,Andhra Pradesh,Andhra Pradesh District 2,Industrial,Objection,131,31,27,1,6,4,10,0.429,9.0,138
f5063a04,Haryana,Haryana District 3,Agricultural,Notification,45,25,18,0,3,4,2,0.228,5.0,138
a823d475,Haryana,Haryana District 4,Industrial,Possession,279,19,45,0,7,7,0,0.469,16.0,165
74a38344,Rajasthan,Rajasthan District 1,Agricultural,Compensation,318,138,10,0,0,35,32,0.161,3.0,165
6fa456ff,Chhattisgarh,Chhattisgarh District 2,Agricultural,Compensation,250,70,31,0,4,7,2,0.152,10.0,197
9184edf3,Maharashtra,Maharashtra District 3,Industrial,Compensation,239,59,40,0,7,36,0,0.358,14.0,201
224bbbbf,Punjab,Punjab District 4,Agricultural,Compensation,318,138,33,0,5,0,32,0.138,11.0,269
7425e0a7,Karnataka,Karnataka District 1,Agricultural,Compensation,255,75,23,0,0,0,5,0.02,8.0,165
73fb2fc2,Haryana,Haryana District 2,Agricultural,Notification,58,38,17,0,1,4,0,0.166,6.0,138
98d8fed5,Haryana,Haryana District 3,Agricultural,Notification,30,10,22,0,2,5,0,0.227,7.0,111
099e2c20,Haryana,Haryana District 4,Agricultural,Notification,85,65,28,0,4,2,0,0.165,9.0,201
82a5ccac,Rajasthan,Rajasthan District 1,Agricultural,Compensation,316,136,35,0,4,7,30,0.156,12.0,181
878557ec,Tamil Nadu,Tamil Nadu District 2,Agricultural,Notification,62,42,26,0,5,37,0,0.36,8.0,181
d3183957,Uttar Pradesh,Uttar Pradesh District 3,Industrial,Compensation,322,142,27,1,4,20,45,0.305,9.0,174
7d2fbcaa,Chhattisgarh,Chhattisgarh District 4,Industrial,Compensation,257,77,17,0,2,26,0,0.174,5.0,201
a8d9d1c0,West Bengal,West Bengal District 1,Industrial,Possession,291,31,21,0,3,6,6,0.284,7.0,111
25d2c9f7,Haryana,Haryana District 2,Industrial,Possession,281,21,35,0,4,1,0,0.159,12.0,174
300e5b09,Uttar Pradesh,Uttar Pradesh District 3,Commercial,Notification,102,82,22,0,4,34,10,0.22,7.0,224
ea28e591,Rajasthan,Rajasthan District 4,Residential,Notification,96,76,25,0,6,34,6,0.274,8.0,174
af24fcd7,Andhra Pradesh,Andhra Pradesh District 1,Industrial,Notification,189,169,38,1,7,36,78,0.494,14.0,308
7c99ea30,Karnataka,Karnataka District 2,Agricultural,Objection,204,104,10,0,1,7,0,0.288,3.0,201
edf6519d,Uttar Pradesh,Uttar Pradesh District 3,Agricultural,Objection,158,58,40,0,8,4,9,0.366,13.0,187
3495c8ec,Karnataka,Karnataka District 4,Agricultural,Notification,88,68,11,0,0,5,0,0.203,4.0,165
a2cc15c3,Bihar,Bihar District 1,Agricultural,Objection,254,154,22,0,2,3,13,0.165,7.0,138
905e6e78,Punjab,Punjab District 2,Agricultural,Notification,124,104,14,0,2,2,24,0.118,4.0,181
f15bd9e4,Punjab,Punjab District 3,Agricultural,Notification,102,82,24,0,3,30,10,0.043,8.0,111
a5f9e2de,West Bengal,West Bengal District 4,Industrial,Compensation,292,112,25,1,7,78,24,0.409,8.0,250
c5d3d97d,Maharashtra,Maharashtra District 1,Commercial,Objection,170,70,20,1,5,0,10,0.223,6.0,111
c9657929,Madhya Pradesh,Madhya Pradesh District 2,Industrial,Objection,138,38,28,0,3,9,0,0.415,10.0,165
ea67518b,Punjab,Punjab District 3,Industrial,Objection,280,180,21,0,2,5,80,0.239,7.0,192
05992163,Bihar,Bihar District 4,Commercial,Notification,58,38,19,1,4,6,10,0.434,6.0,165
8149127a,Haryana,Haryana District 1,Agricultural,Objection,280,180,35,0,4,7,80,0.389,12.0,363
9ead80c0,Punjab,Punjab District 2,Agricultural,Compensation,284,104,23,0,2,32,24,0.215,8.0,275
c9abced2,Madhya Pradesh,Madhya Pradesh District 3,Agricultural,Objection,246,146,18,0,3,3,8,0.195,5.0,211
8f56e649,Bihar,Bihar District 4,Agricultural,Compensation,360,180,38,1,8,52,80,0.322,13.0,315
1beb4f37,Rajasthan,Rajasthan District 1,Industrial,Compensation,260,80,23,1,6,52,18,0.277,7.0,165
bb47ed00,Maharashtra,Maharashtra District 2,Agricultural,Notification,83,63,37,0,3,4,0,0.235,14.0,192
10ef5cd2,Tamil Nadu,Tamil Nadu District 3,Industrial,Objection,131,31,14,0,1,0,0,0.034,4.0,138
5d5a95fd,Haryana,Haryana District 4,Agricultural,Objection,150,50,29,0,5,35,3,0.276,10.0,181
f458e9ea,Maharashtra,Maharashtra District 1,Agricultural,Notification,48,28,36,1,5,3,14,0.372,13.0,165
bb1f7935,Uttar Pradesh,Uttar Pradesh District 2,Industrial,Compensation,209,29,38,0,5,47,0,0.358,13.0,187
ca6dbddb,Andhra Pradesh,Andhra Pradesh District 3,Agricultural,Objection,280,180,28,1,7,4,80,0.447,9.0,337
61b53883,Bihar,Bihar District 4,Agricultural,Possession,276,16,23,0,5,0,0,0.134,7.0,154
f3d6d0de,Uttar Pradesh,Uttar Pradesh District 1,Industrial,Objection,280,180,19,0,3,4,80,0.26,6.0,320
abbf676e,Uttar Pradesh,Uttar Pradesh District 2,Agricultural,Objection,184,84,18,0,3,0,26,0.093,5.0,174
83db09f4,Punjab,Punjab District 3,Agricultural,Compensation,244,64,35,0,5,20,0,0.243,12.0,154
1fb81aa9,Maharashtra,Maharashtra District 4,Industrial,Notification,84,64,37,1,7,3,10,0.407,13.0,201
f1b7769a,Punjab,Punjab District 1,Industrial,Compensation,214,34,27,0,3,28,0,0.227,9.0,181
d0abf38a,West Bengal,West Bengal District 2,Industrial,Notification,64,44,35,0,3,5,14,0.268,13.0,111
01ed31f4,Haryana,Haryana District 3,Agricultural,Notification,78,58,24,0,4,3,0,0.204,8.0,111
7adcdfa8,Haryana,Haryana District 4,Industrial,Compensation,258,78,21,0,4,12,0,0.174,6.0,174
7304ff7b,West Bengal,West Bengal District 1,Industrial,Notification,139,119,7,1,3,4,44,0.325,2.0,269
a667885a,Madhya Pradesh,Madhya Pradesh District 2,Residential,Compensation,308,128,17,0,1,48,26,0.239,6.0,165
6574ba2a,Madhya Pradesh,Madhya Pradesh District 3,Industrial,Notification,58,38,21,0,1,3,0,0.144,7.0,192
596fdf79,Rajasthan,Rajasthan District 4,Industrial,Compensation,284,104,30,0,6,36,10,0.341,9.0,201
881c2913,Andhra Pradesh,Andhra Pradesh District 1,Agricultural,Objection,134,34,41,0,6,5,0,0.34,14.0,181
d2556db0,Chhattisgarh,Chhattisgarh District 2,Agricultural,Notification,39,19,12,1,5,0,10,0.228,3.0,138
095eec49,Karnataka,Karnataka District 3,Agricultural,Possession,290,30,27,0,2,1,5,0.107,9.0,174
2b13770a,Madhya Pradesh,Madhya Pradesh District 4,Agricultural,Compensation,266,86,22,0,2,17,12,0.137,7.0,201
6e34675a,Haryana,Haryana District 1,Industrial,Notification,30,7,30,0,3,3,0,0.204,10.0,201
d55b33ca,Andhra Pradesh,Andhra Pradesh District 2,Agricultural,Compensation,243,63,22,0,1,0,0,0.029,8.0,111
5e525086,Rajasthan,Rajasthan District 3,Agricultural,Notification,42,22,28,0,4,5,0,0.289,9.0,187
2a5b13d0,Maharashtra,Maharashtra District 4,Agricultural,Notification,71,51,33,0,2,31,0,0.085,12.0,111
2031de54,Punjab,Punjab District 1,Agricultural,Objection,144,44,24,0,3,1,0,0.118,8.0,111
d3b534b3,Bihar,Bihar District 2,Agricultural,Notification,129,109,35,0,3,0,28,0.102,13.0,192
c848f29d,Rajasthan,Rajasthan District 3,Industrial,Compensation,241,61,32,0,4,17,0,0.179,11.0,111
d3627257,Maharashtra,Maharashtra District 4,Industrial,Notification,75,55,44,0,4,30,0,0.093,17.0,111
2d63ee66,Rajasthan,Rajasthan District 1,Agricultural,Notification,139,119,10,0,1,35,34,0.18,3.0,174
06b9d441,West Bengal,West Bengal District 2,Industrial,Objection,238,138,30,0,2,1,2,0.077,11.0,197
0ca108be,Karnataka,Karnataka District 3,Industrial,Compensation,284,104,19,0,3,32,24,0.218,6.0,154
418720bd,Maharashtra,Maharashtra District 4,Agricultural,Notification,86,66,23,0,6,3,0,0.277,6.0,181
ecf9a133,Punjab,Punjab District 1,Commercial,Notification,41,21,23,0,2,4,0,0.197,8.0,154
f6de7e86,Karnataka,Karnataka District 2,Agricultural,Objection,247,147,26,0,4,2,8,0.179,8.0,234
cd399c62,Maharashtra,Maharashtra District 3,Industrial,Compensation,234,54,10,0,2,21,0,0.167,3.0,111
ed3bc298,Uttar Pradesh,Uttar Pradesh District 4,Agricultural,Objection,133,33,21,0,4,2,0,0.185,6.0,187
c114f34b,Punjab,Punjab District 1,Agricultural,Possession,292,32,29,0,4,7,6,0.354,10.0,111
e3fa2575,West Bengal,West Bengal District 2,Agricultural,Objection,257,157,28,0,6,36,14,0.342,9.0,165
2c398d6c,Andhra Pradesh,Andhra Pradesh District 3,Commercial,Possession,274,14,29,0,3,4,0,0.218,10.0,111
2dde461d,Andhra Pradesh,Andhra Pradesh District 4,Agricultural,Objection,280,180,11,0,3,0,38,0.075,3.0,138
403e0255,Tamil Nadu,Tamil Nadu District 1,Industrial,Possession,272,12,22,0,2,8,0,0.348,7.0,154
9579e39c,Karnataka,Karnataka District 2,Industrial,Objection,280,180,10,0,0,9,80,0.337,3.0,197
4435a122,Rajasthan,Rajasthan District 3,Agricultural,Possession,283,23,7,0,1,3,0,0.167,2.0,138
57f1e63c,Karnataka,Karnataka District 4,Agricultural,Possession,275,15,30,0,5,5,0,0.34,10.0,197
60deea0e,West Bengal,West Bengal District 1,Commercial,Compensation,292,112,24,0,2,63,30,0.124,8.0,267
61f437e3,Andhra Pradesh,Andhra Pradesh District 2,Industrial,Compensation,239,59,21,0,3,50,0,0.316,7.0,165
6805f61f,Andhra Pradesh,Andhra Pradesh District 3,Agricultural,Compensation,268,88,28,0,5,17,14,0.207,9.0,197
ea6f3028,Punjab,Punjab District 4,Agricultural,Objection,280,180,17,0,4,34,47,0.223,5.0,111
8dbb71b0,Uttar Pradesh,Uttar Pradesh District 1,Industrial,Objection,177,77,30,0,4,30,22,0.093,10.0,201
6e8bd925,Bihar,Bihar District 2,Industrial,Objection,161,61,17,0,1,2,0,0.112,6.0,111
32a10480,Uttar Pradesh,Uttar Pradesh District 3,Residential,Objection,143,43,29,0,4,0,0,0.108,10.0,111
2062e09a,Karnataka,Karnataka District 4,Agricultural,Notification,84,64,25,0,3,35,28,0.249,9.0,274
96c7567a,Madhya Pradesh,Madhya Pradesh District 1,Agricultural,Notification,88,68,28,0,2,0,0,0.069,10.0,111
7a718d20,Uttar Pradesh,Uttar Pradesh District 2,Industrial,Compensation,260,80,16,0,4,20,0,0.201,4.0,192
e64a55a6,Chhattisgarh,Chhattisgarh District 3,Agricultural,Notification,54,34,23,0,4,2,0,0.177,7.0,174
5b27b8de,Andhra Pradesh,Andhra Pradesh District 4,Industrial,Compensation,218,38,7,0,2,18,0,0.126,2.0,111
777bfd9c,Punjab,Punjab District 1,Agricultural,Possession,284,24,16,0,3,5,1,0.254,5.0,181
f1027bf4,Uttar Pradesh,Uttar Pradesh District 2,Industrial,Objection,162,62,27,0,2,34,0,0.178,10.0,201
076c8c81,Maharashtra,Maharashtra District 3,Residential,Objection,145,45,11,0,1,6,0,0.275,3.0,138
2daeb23b,Andhra Pradesh,Andhra Pradesh District 4,Agricultural,Objection,188,88,18,0,4,33,28,0.201,5.0,197
3dbda588,Madhya Pradesh,Madhya Pradesh District 1,Agricultural,Compensation,298,118,10,0,2,13,34,0.126,3.0,154
b1d4f81c,Maharashtra,Maharashtra District 2,Industrial,Objection,243,143,33,0,4,3,6,0.222,11.0,174
5ffeba8a,Tamil Nadu,Tamil Nadu District 3,Commercial,Compensation,292,112,24,0,2,0,14,0.07,8.0,187
d338a3da,Chhattisgarh,Chhattisgarh District 4,Industrial,Compensation,323,143,19,1,4,8,60,0.251,6.0,192
2de6bb16,Chhattisgarh,Chhattisgarh District 1,Industrial,Objection,212,112,21,0,3,2,0,0.174,7.0,111
a28dd74b,Chhattisgarh,Chhattisgarh District 2,Commercial,Compensation,245,65,20,0,3,100,0,0.3,7.0,187
851b9a42,Uttar Pradesh,Uttar Pradesh District 3,Agricultural,Objection,120,20,18,0,2,4,0,0.202,6.0,111
296146ed,Maharashtra,Maharashtra District 4,Agricultural,Compensation,294,114,21,0,2,86,16,0.209,7.0,247
56cf9397,Tamil Nadu,Tamil Nadu District 1,Industrial,Objection,178,78,18,0,2,35,22,0.223,6.0,197
dfeef9e2,Punjab,Punjab District 2,Agricultural,Compensation,224,44,41,0,5,74,0,0.238,15.0,111
89256549,Andhra Pradesh,Andhra Pradesh District 3,Industrial,Compensation,270,90,30,0,4,33,0,0.268,10.0,111
ee9d7cf3,Chhattisgarh,Chhattisgarh District 4,Industrial,Notification,48,28,22,1,6,2,14,0.348,7.0,165
c6073873,Bihar,Bihar District 1,Industrial,Objection,144,44,41,0,5,5,0,0.31,15.0,174
bc3392d9,West Bengal,West Bengal District 2,Agricultural,Notification,34,14,27,1,5,2,10,0.305,9.0,174
00226317,Haryana,Haryana District 3,Industrial,Objection,262,162,34,1,5,0,28,0.234,12.0,201
e303e80d,Punjab,Punjab District 4,Residential,Compensation,268,88,27,0,3,25,0,0.212,9.0,154
dfc75f57,Punjab,Punjab District 1,Industrial,Compensation,245,65,23,0,3,96,0,0.304,8.0,197
a17ee3a9,West Bengal,West Bengal District 2,Commercial,Compensation,281,101,30,0,4,34,8,0.274,10.0,187
3a9f4bf7,Madhya Pradesh,Madhya Pradesh District 3,Industrial,Objection,127,27,17,0,2,2,0,0.109,5.0,111
08cbd1a5,Tamil Nadu,Tamil Nadu District 4,Industrial,Notification,40,20,27,0,4,30,0,0.096,9.0,111
8b9e3e4b,Punjab,Punjab District 1,Industrial,Compensation,238,58,16,0,2,31,0,0.19,5.0,174
6c8ae77a,Tamil Nadu,Tamil Nadu District 2,Agricultural,Notification,31,11,22,0,4,3,0,0.227,7.0,201
503afc2b,Madhya Pradesh,Madhya Pradesh District 3,Agricultural,Notification,78,58,5,0,0,0,24,0.02,2.0,258
a46edddf,Karnataka,Karnataka District 4,Commercial,Compensation,287,107,21,0,4,21,12,0.208,6.0,154
74cb469c,West Bengal,West Bengal District 1,Industrial,Possession,284,24,35,0,4,3,1,0.217,12.0,165
867acac0,Rajasthan,Rajasthan District 2,Residential,Notification,97,77,14,0,2,2,6,0.141,4.0,174
341ad87d,Chhattisgarh,Chhattisgarh District 3,Industrial,Compensation,358,178,11,0,0,50,74,0.238,4.0,315
2e2c679d,Haryana,Haryana District 4,Agricultural,Compensation,336,156,16,0,1,18,44,0.099,5.0,181
bdd52378,Bihar,Bihar District 1,Industrial,Objection,129,29,17,0,2,33,0,0.122,6.0,192
3282741c,Chhattisgarh,Chhattisgarh District 2,Industrial,Possession,283,23,31,0,5,30,0,0.12,10.0,138
582f0008,Andhra Pradesh,Andhra Pradesh District 3,Agricultural,Objection,195,95,40,0,4,0,34,0.123,14.0,111
fadcae7d,Chhattisgarh,Chhattisgarh District 4,Agricultural,Compensation,272,92,15,0,3,39,2,0.251,4.0,165
1e129188,West Bengal,West Bengal District 1,Agricultural,Compensation,262,82,17,1,5,10,20,0.279,5.0,138
8f089234,Maharashtra,Maharashtra District 2,Industrial,Notification,150,130,44,1,9,0,52,0.336,16.0,295
6ec81bde,Punjab,Punjab District 3,Agricultural,Objection,190,90,21,0,5,35,0,0.312,6.0,111
69d46a3d,Uttar Pradesh,Uttar Pradesh District 4,Residential,Notification,67,47,10,0,0,3,0,0.107,3.0,174
97a82449,Andhra Pradesh,Andhra Pradesh District 1,Industrial,Notification,61,41,17,1,3,4,10,0.306,6.0,111
b107cb86,Andhra Pradesh,Andhra Pradesh District 2,Industrial,Compensation,284,104,25,1,5,0,34,0.232,8.0,201
becb4d62,Madhya Pradesh,Madhya Pradesh District 3,Agricultural,Objection,181,81,37,1,5,37,34,0.481,14.0,262
02d5fb3f,Uttar Pradesh,Uttar Pradesh District 4,Agricultural,Compensation,288,108,23,0,1,38,27,0.207,8.0,279
93c67df8,Rajasthan,Rajasthan District 1,Agricultural,Notification,82,62,25,0,5,32,0,0.185,8.0,154
3cb7694c,Rajasthan,Rajasthan District 2,Commercial,Compensation,256,76,24,0,3,37,0,0.245,8.0,201
185eac73,Uttar Pradesh,Uttar Pradesh District 3,Agricultural,Objection,280,180,21,0,3,4,47,0.242,7.0,298
0ec9f4ff,Haryana,Haryana District 4,Agricultural,Compensation,259,79,15,0,5,67,8,0.202,4.0,201
34be2726,Madhya Pradesh,Madhya Pradesh District 1,Industrial,Notification,139,119,23,0,5,31,34,0.138,7.0,287
b4ef85e6,Maharashtra,Maharashtra District 2,Agricultural,Compensation,295,115,27,0,6,8,32,0.193,8.0,111
824a10bb,Rajasthan,Rajasthan District 3,Agricultural,Notification,42,22,17,0,3,31,0,0.081,5.0,111
709d1785,Bihar,Bihar District 4,Residential,Notification,88,68,39,0,4,3,0,0.238,14.0,138
d049deeb,Karnataka,Karnataka District 1,Agricultural,Compensation,265,85,17,0,2,41,0,0.244,5.0,197
e594b09c,Haryana,Haryana District 2,Industrial,Notification,46,26,23,0,4,2,2,0.182,7.0,197
fad43369,Rajasthan,Rajasthan District 3,Industrial,Notification,30,10,15,0,3,4,0,0.232,4.0,111
77fa9f71,Punjab,Punjab District 4,Agricultural,Notification,61,41,13,0,4,35,12,0.275,3.0,111
e512266f,Punjab,Punjab District 1,Agricultural,Objection,158,58,28,0,4,4,8,0.247,9.0,230
1c194d8f,Chhattisgarh,Chhattisgarh District 2,Agricultural,Possession,304,44,23,0,3,0,14,0.095,7.0,111
278ee011,Bihar,Bihar District 3,Agricultural,Objection,168,68,25,0,4,7,0,0.38,8.0,192
50fbfbd4,Bihar,Bihar District 4,Agricultural,Compensation,355,175,26,1,5,62,80,0.524,9.0,313
4db55bcd,Uttar Pradesh,Uttar Pradesh District 1,Agricultural,Objection,152,52,15,0,1,2,4,0.11,5.0,192
9a0e48a3,Maharashtra,Maharashtra District 2,Agricultural,Objection,280,180,25,0,4,4,76,0.266,8.0,301
a597a1ae,Karnataka,Karnataka District 3,Residential,Objection,141,41,36,0,5,1,0,0.15,13.0,154
124b6052,Punjab,Punjab District 4,Commercial,Possession,277,17,31,0,3,5,0,0.267,11.0,111
8a18034e,Rajasthan,Rajasthan District 1,Industrial,Possession,294,34,15,0,3,3,8,0.188,4.0,138
9ea9fc4f,Andhra Pradesh,Andhra Pradesh District 2,Agricultural,Objection,134,34,28,1,5,0,10,0.222,10.0,187
a60fa522,Haryana,Haryana District 3,Industrial,Compensation,255,75,24,0,5,49,0,0.364,7.0,174
9cbe8b28,Maharashtra,Maharashtra District 4,Agricultural,Notification,142,122,30,0,4,32,36,0.17,10.0,154
a5f7c7d7,Punjab,Punjab District 1,Commercial,Compensation,234,54,33,0,5,0,0,0.136,11.0,197
c8a55470,Chhattisgarh,Chhattisgarh District 2,Residential,Compensation,260,80,23,0,6,0,0,0.157,6.0,111
a349132e,West Bengal,West Bengal District 3,Commercial,Notification,42,22,30,0,5,4,0,0.281,10.0,111
3f234aa8,Rajasthan,Rajasthan District 4,Agricultural,Compensation,248,68,35,0,4,31,0,0.263,12.0,174
d8794cab,Haryana,Haryana District 1,Agricultural,Notification,33,13,35,0,4,1,0,0.156,12.0,187
aa618969,Chhattisgarh,Chhattisgarh District 2,Agricultural,Compensation,284,104,27,0,4,9,24,0.166,9.0,174
42da3cf8,Haryana,Haryana District 3,Agricultural,Objection,155,55,25,0,5,35,6,0.29,8.0,205
1bb19beb,Punjab,Punjab District 4,Commercial,Compensation,251,71,5,0,1,31,0,0.172,1.0,197
5bdf46e3,West Bengal,West Bengal District 1,Agricultural,Notification,182,162,29,0,5,33,63,0.239,10.0,302
ff99ecd8,West Bengal,West Bengal District 2,Industrial,Notification,38,18,32,0,3,1,0,0.123,11.0,181
cacb2053,Karnataka,Karnataka District 3,Agricultural,Notification,52,32,23,0,4,3,0,0.243,7.0,197
cf715f3b,Rajasthan,Rajasthan District 4,Agricultural,Compensation,240,60,21,1,6,11,10,0.314,6.0,154
16fd7ae8,Bihar,Bihar District 1,Commercial,Compensation,360,180,24,0,2,0,66,0.068,8.0,154
5a0151af,Uttar Pradesh,Uttar Pradesh District 2,Industrial,Notification,59,39,19,0,1,34,11,0.147,7.0,154
7e65935e,Karnataka,Karnataka District 3,Industrial,Possession,293,33,24,0,3,3,7,0.193,8.0,211
89c9ca44,Haryana,Haryana District 4,Agricultural,Objection,144,44,14,0,0,2,0,0.074,5.0,174
46da9402,Chhattisgarh,Chhattisgarh District 1,Agricultural,Objection,210,110,28,0,2,7,0,0.337,10.0,174
71cb8e35,Chhattisgarh,Chhattisgarh District 2,Agricultural,Objection,126,26,31,0,3,2,0,0.182,11.0,192
c8575616,Bihar,Bihar District 3,Agricultural,Notification,93,73,25,1,6,5,14,0.462,8.0,181
89d7c91a,Bihar,Bihar District 4,Commercial,Objection,276,176,18,0,2,3,27,0.19,6.0,154
5263d1c4,Bihar,Bihar District 1,Industrial,Possession,273,13,35,1,5,3,10,0.353,13.0,187
bb0329db,Karnataka,Karnataka District 2,Commercial,Objection,157,57,23,0,1,0,8,0.035,8.0,232
ffe6cfba,Andhra Pradesh,Andhra Pradesh District 3,Agricultural,Objection,146,46,38,0,7,2,0,0.274,13.0,165
755240a4,Chhattisgarh,Chhattisgarh District 4,Commercial,Notification,49,29,10,0,0,2,4,0.089,3.0,201
68661395,Tamil Nadu,Tamil Nadu District 1,Commercial,Objection,160,60,38,0,3,0,10,0.075,14.0,197
ea43acbe,Tamil Nadu,Tamil Nadu District 2,Industrial,Objection,153,53,27,0,3,3,6,0.219,9.0,211
3bf57171,Bihar,Bihar District 3,Agricultural,Compensation,249,69,38,0,6,0,0,0.177,13.0,197
a57d0bf4,Tamil Nadu,Tamil Nadu District 4,Residential,Possession,269,9,26,0,3,4,0,0.234,9.0,154
a984953a,Uttar Pradesh,Uttar Pradesh District 1,Agricultural,Objection,280,180,16,0,4,4,45,0.243,4.0,201
f6e22090,Tamil Nadu,Tamil Nadu District 2,Agricultural,Compensation,350,170,14,1,5,19,63,0.333,4.0,288
5990e718,Andhra Pradesh,Andhra Pradesh District 3,Agricultural,Compensation,234,54,32,1,8,28,10,0.436,10.0,174
f2ace562,Andhra Pradesh,Andhra Pradesh District 4,Industrial,Possession,328,68,21,1,3,1,40,0.197,7.0,285
ee9a9b29,Bihar,Bihar District 1,Agricultural,Possession,282,22,35,0,6,2,0,0.245,11.0,111
20edb617,Rajasthan,Rajasthan District 2,Industrial,Compensation,206,26,29,0,5,0,0,0.138,9.0,111
3cfe7d14,Maharashtra,Maharashtra District 3,Agricultural,Compensation,250,70,26,0,4,59,2,0.15,9.0,181
37da34a2,Tamil Nadu,Tamil Nadu District 4,Commercial,Notification,32,12,19,0,3,31,0,0.113,6.0,111
f32672be,Madhya Pradesh,Madhya Pradesh District 1,Commercial,Notification,200,180,27,1,5,2,80,0.333,9.0,318
99e5a283,Rajasthan,Rajasthan District 2,Agricultural,Objection,280,180,19,1,4,3,42,0.314,6.0,277
88519187,Chhattisgarh,Chhattisgarh District 3,Agricultural,Objection,280,180,38,0,6,5,40,0.373,13.0,192
403e1e8c,Chhattisgarh,Chhattisgarh District 4,Industrial,Possession,282,22,34,1,4,1,10,0.242,13.0,187
f33acbb1,Haryana,Haryana District 1,Agricultural,Possession,303,43,14,0,0,2,14,0.074,5.0,165
dd177a84,Madhya Pradesh,Madhya Pradesh District 2,Commercial,Notification,122,102,16,1,3,32,33,0.224,5.0,201
4e5dcb30,Punjab,Punjab District 3,Agricultural,Possession,286,26,21,0,2,4,2,0.185,7.0,154
9dd25c9a,Andhra Pradesh,Andhra Pradesh District 4,Agricultural,Compensation,260,80,31,0,4,12,0,0.179,10.0,138
ecdec0a3,Haryana,Haryana District 1,Agricultural,Objection,240,140,26,1,5,3,14,0.342,9.0,201
5fc18fec,Rajasthan,Rajasthan District 2,Industrial,Objection,186,86,28,0,4,4,0,0.258,9.0,181
8fddf632,Rajasthan,Rajasthan District 3,Agricultural,Objection,174,74,12,0,4,34,0,0.214,3.0,111
79211ede,Uttar Pradesh,Uttar Pradesh District 4,Commercial,Objection,159,59,43,0,3,4,10,0.22,16.0,236
7920149a,Uttar Pradesh,Uttar Pradesh District 1,Industrial,Compensation,266,86,32,0,4,29,0,0.233,11.0,165
38dd3cb8,Maharashtra,Maharashtra District 2,Commercial,Notification,78,58,27,0,3,0,24,0.11,9.0,257
18237994,Uttar Pradesh,Uttar Pradesh District 3,Industrial,Notification,63,43,31,0,2,5,0,0.234,11.0,201
f107d90b,Maharashtra,Maharashtra District 4,Industrial,Notification,83,63,21,0,3,5,0,0.262,7.0,111
fe7ee1a6,Tamil Nadu,Tamil Nadu District 1,Agricultural,Notification,160,140,14,0,2,2,48,0.138,4.0,187
bab3b5fa,Rajasthan,Rajasthan District 2,Residential,Compensation,240,60,13,0,4,72,0,0.21,3.0,111
cf56043c,Punjab,Punjab District 3,Commercial,Compensation,278,98,34,0,4,45,20,0.082,12.0,259
e5c7e7e1,Maharashtra,Maharashtra District 4,Agricultural,Objection,263,163,34,0,4,34,18,0.222,12.0,197
6a642980,West Bengal,West Bengal District 1,Agricultural,Compensation,208,28,34,0,6,0,0,0.176,11.0,174
b12ca8c8,Punjab,Punjab District 2,Agricultural,Notification,30,10,18,1,6,31,10,0.278,5.0,111
a71e0110,Karnataka,Karnataka District 3,Agricultural,Compensation,220,40,32,0,6,18,0,0.243,10.0,111
50187b46,Madhya Pradesh,Madhya Pradesh District 4,Commercial,Notification,70,50,18,0,3,5,18,0.267,5.0,258
f8779ea2,Rajasthan,Rajasthan District 1,Agricultural,Objection,280,180,29,0,7,32,80,0.241,9.0,154
3fdd482c,Andhra Pradesh,Andhra Pradesh District 2,Industrial,Objection,131,31,39,1,7,3,10,0.41,14.0,201
b2c343ec,Rajasthan,Rajasthan District 3,Agricultural,Notification,31,11,28,0,4,1,0,0.148,9.0,111
aac93468,Maharashtra,Maharashtra District 4,Industrial,Objection,280,180,29,0,4,32,80,0.152,10.0,337
e2a1f69e,Maharashtra,Maharashtra District 1,Agricultural,Objection,280,180,35,0,3,3,32,0.181,13.0,197
34ad1fb2,Punjab,Punjab District 2,Agricultural,Compensation,269,89,24,0,4,1,14,0.107,8.0,181
1af20882,Andhra Pradesh,Andhra Pradesh District 3,Residential,Compensation,314,134,27,0,3,51,30,0.332,9.0,197
61a80ab8,Uttar Pradesh,Uttar Pradesh District 4,Agricultural,Objection,276,176,31,0,7,3,28,0.296,10.0,111
c200554a,Karnataka,Karnataka District 1,Industrial,Compensation,309,129,32,0,4,28,41,0.23,11.0,201
90afe050,Haryana,Haryana District 2,Agricultural,Notification,87,67,9,0,2,5,0,0.241,2.0,201
2509a3c1,West Bengal,West Bengal District 3,Industrial,Notification,48,28,27,0,3,2,4,0.165,9.0,197
87b99cac,Chhattisgarh,Chhattisgarh District 4,Commercial,Objection,234,134,11,0,2,4,0,0.227,3.0,165
658ebc5c,Haryana,Haryana District 1,Agricultural,Compensation,230,50,5,0,0,14,0,0.066,2.0,138
0c742c14,Tamil Nadu,Tamil Nadu District 2,Agricultural,Objection,229,129,21,0,3,6,0,0.308,7.0,197
09052762,Uttar Pradesh,Uttar Pradesh District 3,Agricultural,Compensation,242,62,5,0,1,82,0,0.173,2.0,111
d4b38cd7,Chhattisgarh,Chhattisgarh District 4,Residential,Notification,82,62,18,0,2,2,0,0.125,6.0,192
a384793b,Chhattisgarh,Chhattisgarh District 1,Commercial,Objection,131,31,15,0,0,2,0,0.088,5.0,174
4e7bf18c,West Bengal,West Bengal District 2,Residential,Compensation,236,56,23,0,2,34,0,0.22,8.0,138
fe59dfde,Rajasthan,Rajasthan District 3,Commercial,Objection,273,173,34,0,2,5,26,0.215,13.0,276
c36e9a35,Punjab,Punjab District 4,Agricultural,Possession,273,13,14,1,3,31,10,0.186,5.0,197
27894d52,Madhya Pradesh,Madhya Pradesh District 1,Agricultural,Compensation,245,65,20,0,3,22,0,0.178,6.0,111
781a0828,Chhattisgarh,Chhattisgarh District 2,Industrial,Possession,286,26,21,0,2,3,2,0.147,7.0,197
b9c3552f,Tamil Nadu,Tamil Nadu District 3,Industrial,Notification,59,39,21,0,2,0,0,0.048,7.0,197
4927f148,Tamil Nadu,Tamil Nadu District 4,Agricultural,Compensation,298,118,26,0,5,92,34,0.335,8.0,111
3b104e6d,Andhra Pradesh,Andhra Pradesh District 1,Agricultural,Objection,280,180,21,1,5,2,64,0.309,7.0,201
92a41e2b,Maharashtra,Maharashtra District 2,Industrial,Objection,175,75,23,0,2,34,20,0.185,8.0,201
8cb5e490,Maharashtra,Maharashtra District 3,Industrial,Objection,137,37,30,0,5,32,0,0.179,10.0,201
a7aa1275,Uttar Pradesh,Uttar Pradesh District 4,Agricultural,Notification,83,63,37,0,6,2,0,0.238,13.0,187
8d57bfe4,Tamil Nadu,Tamil Nadu District 1,Residential,Compensation,215,35,31,0,3,20,0,0.181,11.0,187
dda35ed8,Rajasthan,Rajasthan District 2,Agricultural,Compensation,236,56,45,0,9,46,0,0.465,15.0,201
20b33911,Bihar,Bihar District 3,Residential,Notification,76,56,37,1,9,0,10,0.352,12.0,181
1a14ed22,Rajasthan,Rajasthan District 4,Industrial,Objection,278,178,23,0,5,1,28,0.153,7.0,201
c583acfa,Bihar,Bihar District 1,Agricultural,Compensation,284,104,28,0,4,37,24,0.271,9.0,267
8d0276e1,Madhya Pradesh,Madhya Pradesh District 2,Industrial,Objection,135,35,26,0,5,3,0,0.279,8.0,192
396b6f03,Chhattisgarh,Chhattisgarh District 3,Industrial,Notification,39,19,36,0,5,0,0,0.129,13.0,192
6fe06d66,Madhya Pradesh,Madhya Pradesh District 4,Commercial,Objection,162,62,28,0,6,33,0,0.255,9.0,138
b3ff670e,Tamil Nadu,Tamil Nadu District 1,Agricultural,Objection,192,92,31,0,2,7,0,0.323,11.0,174
b0d344a3,Bihar,Bihar District 2,Industrial,Objection,119,19,30,0,4,8,0,0.431,10.0,187
95234dbb,Andhra Pradesh,Andhra Pradesh District 3,Industrial,Compensation,322,142,16,0,3,72,35,0.17,5.0,165
23a49284,Uttar Pradesh,Uttar Pradesh District 4,Agricultural,Notification,38,18,15,0,0,5,0,0.188,5.0,201
a5c0b2fd,Punjab,Punjab District 1,Agricultural,Compensation,274,94,21,0,4,2,3,0.125,6.0,111
e6b25468,Madhya Pradesh,Madhya Pradesh District 2,Industrial,Compensation,265,85,24,0,3,45,12,0.069,8.0,192
21cd3ee0,Maharashtra,Maharashtra District 3,Commercial,Compensation,286,106,36,0,6,36,26,0.323,12.0,264
3996db50,Chhattisgarh,Chhattisgarh District 4,Industrial,Possession,280,20,36,0,4,0,0,0.139,13.0,201
2db1561b,Punjab,Punjab District 1,Agricultural,Possession,279,19,15,0,3,5,0,0.246,4.0,174
7abc35b0,Tamil Nadu,Tamil Nadu District 2,Agricultural,Notification,66,46,7,0,1,5,0,0.235,2.0,197
ec5249ea,Haryana,Haryana District 3,Agricultural,Possession,282,22,9,1,4,2,10,0.266,2.0,111
9bc342a3,West Bengal,West Bengal District 4,Agricultural,Compensation,254,74,15,1,3,18,14,0.271,5.0,165
81db59d4,Punjab,Punjab District 1,Agricultural,Notification,30,10,10,1,3,1,10,0.205,3.0,192
77583bc8,Uttar Pradesh,Uttar Pradesh District 2,Agricultural,Objection,152,52,26,0,4,36,4,0.295,9.0,174
7efe5ec2,Karnataka,Karnataka District 3,Agricultural,Possession,296,36,54,1,11,35,19,0.564,20.0,181
6bdc25c9,Tamil Nadu,Tamil Nadu District 4,Agricultural,Compensation,221,41,44,0,6,16,0,0.229,16.0,154
5af1868c,Uttar Pradesh,Uttar Pradesh District 1,Industrial,Objection,137,37,19,0,2,0,0,0.083,6.0,174
4cd767b4,Rajasthan,Rajasthan District 2,Agricultural,Compensation,219,39,33,0,3,12,0,0.13,12.0,201
84909d19,Uttar Pradesh,Uttar Pradesh District 3,Agricultural,Notification,39,19,29,1,6,0,10,0.259,10.0,154
05f8029b,Maharashtra,Maharashtra District 4,Industrial,Compensation,360,180,23,1,6,27,80,0.374,7.0,332
36e39b21,Rajasthan,Rajasthan District 1,Agricultural,Possession,307,47,31,0,6,1,16,0.189,10.0,165
0d82507e,Maharashtra,Maharashtra District 2,Agricultural,Objection,126,26,22,0,5,33,0,0.251,7.0,154
8ad3b7cd,West Bengal,West Bengal District 3,Agricultural,Compensation,257,77,22,0,2,27,6,0.179,7.0,181
2a9a1960,Haryana,Haryana District 4,Commercial,Possession,270,10,43,1,8,0,10,0.329,15.0,174
68f119c5,Karnataka,Karnataka District 1,Commercial,Compensation,250,70,25,0,5,62,0,0.193,8.0,201
acf0344f,West Bengal,West Bengal District 2,Agricultural,Notification,35,15,27,0,2,1,0,0.092,9.0,111
6c512ce8,Tamil Nadu,Tamil Nadu District 3,Industrial,Compensation,304,124,29,1,6,49,32,0.489,10.0,174
66e7fa92,Madhya Pradesh,Madhya Pradesh District 4,Commercial,Possession,287,27,31,0,4,2,3,0.187,10.0,197
5f933787,Uttar Pradesh,Uttar Pradesh District 1,Agricultural,Objection,141,41,21,0,2,3,0,0.151,7.0,111
78b7a06c,West Bengal,West Bengal District 2,Residential,Compensation,360,180,22,0,3,48,78,0.311,7.0,316
e2e2ee95,Rajasthan,Rajasthan District 3,Industrial,Notification,200,180,23,0,3,3,80,0.211,7.0,312
1bebd5bf,Uttar Pradesh,Uttar Pradesh District 4,Agricultural,Compensation,360,180,21,0,4,7,80,0.145,6.0,337
4c2568cb,Bihar,Bihar District 1,Agricultural,Compensation,306,126,29,1,6,103,49,0.496,10.0,138
904e0f8f,Haryana,Haryana District 2,Agricultural,Compensation,251,71,26,1,7,30,12,0.442,8.0,181
fdc9e565,Karnataka,Karnataka District 3,Agricultural,Compensation,280,100,17,0,2,21,22,0.148,5.0,187
ce93215b,Rajasthan,Rajasthan District 4,Agricultural,Objection,122,22,19,0,2,3,0,0.172,6.0,111
41e784cc,Chhattisgarh,Chhattisgarh District 1,Agricultural,Objection,246,146,6,0,2,30,8,0.036,2.0,154
f2bc4e45,Chhattisgarh,Chhattisgarh District 2,Agricultural,Notification,76,56,23,0,2,0,0,0.063,8.0,111
a0334b11,Tamil Nadu,Tamil Nadu District 3,Agricultural,Objection,260,160,28,1,7,3,26,0.388,9.0,192
22b7d7a4,Andhra Pradesh,Andhra Pradesh District 4,Agricultural,Possession,286,26,28,0,5,4,2,0.29,9.0,187
4a7c39fb,Madhya Pradesh,Madhya Pradesh District 1,Agricultural,Notification,50,30,13,0,2,0,5,0.065,4.0,174
c1700098,Madhya Pradesh,Madhya Pradesh District 2,Agricultural,Objection,280,180,16,0,2,3,71,0.176,5.0,316
e8f90ba2,Andhra Pradesh,Andhra Pradesh District 3,Industrial,Objection,216,116,30,0,3,2,0,0.156,10.0,111
20094bc7,Rajasthan,Rajasthan District 4,Agricultural,Objection,140,40,19,0,0,0,0,0.02,7.0,201
f4ea0099,Chhattisgarh,Chhattisgarh District 1,Industrial,Objection,152,52,33,0,6,7,0,0.43,11.0,111
c68723ba,Rajasthan,Rajasthan District 2,Industrial,Compensation,224,44,36,0,5,47,0,0.347,13.0,138
ea65afd1,Punjab,Punjab District 3,Agricultural,Notification,42,22,28,0,6,4,0,0.321,9.0,111
4be7c5eb,Rajasthan,Rajasthan District 4,Industrial,Possession,278,18,37,0,5,38,0,0.414,13.0,165
8dda83d8,Madhya Pradesh,Madhya Pradesh District 1,Agricultural,Compensation,237,57,32,0,6,82,0,0.305,11.0,111
cfc65147,Punjab,Punjab District 2,Industrial,Notification,75,55,42,1,8,3,32,0.416,15.0,267
059ec474,Haryana,Haryana District 3,Agricultural,Objection,240,140,29,1,4,7,14,0.44,10.0,165
b5c10d1e,Chhattisgarh,Chhattisgarh District 4,Agricultural,Objection,124,24,27,0,3,32,0,0.127,9.0,138
bc2980fa,Rajasthan,Rajasthan District 1,Agricultural,Compensation,329,149,22,1,5,68,64,0.314,7.0,295
074e7584,Karnataka,Karnataka District 2,Industrial,Compensation,202,22,24,0,4,20,0,0.197,8.0,111
c03a1824,Maharashtra,Maharashtra District 3,Agricultural,Compensation,360,180,32,0,5,43,72,0.326,11.0,111
354c45c0,Rajasthan,Rajasthan District 4,Residential,Objection,210,110,18,0,2,3,0,0.164,6.0,138
cbad5a84,Chhattisgarh,Chhattisgarh District 1,Industrial,Compensation,235,55,21,0,1,6,0,0.044,7.0,154
487013be,Karnataka,Karnataka District 2,Agricultural,Notification,60,40,38,0,6,5,0,0.357,13.0,111
d02d7bf1,Chhattisgarh,Chhattisgarh District 3,Industrial,Possession,276,16,22,0,5,2,0,0.211,6.0,138
893464bb,Karnataka,Karnataka District 4,Industrial,Notification,128,108,14,1,4,35,37,0.349,4.0,154
411709b3,Andhra Pradesh,Andhra Pradesh District 1,Agricultural,Objection,155,55,18,0,2,6,6,0.286,6.0,174
b3e35e6c,Haryana,Haryana District 2,Agricultural,Possession,291,31,41,0,4,6,6,0.312,15.0,165
0109f4bc,Punjab,Punjab District 3,Agricultural,Compensation,233,53,33,1,5,28,10,0.354,12.0,201
6830c100,Chhattisgarh,Chhattisgarh District 4,Industrial,Compensation,233,53,25,0,3,4,0,0.095,8.0,192
41e73ba7,Uttar Pradesh,Uttar Pradesh District 1,Residential,Objection,152,52,25,1,6,30,14,0.227,8.0,192
649c51e0,Haryana,Haryana District 2,Agricultural,Possession,279,19,13,1,3,1,10,0.201,4.0,165
0d2637a8,Uttar Pradesh,Uttar Pradesh District 3,Industrial,Possession,302,42,30,0,3,5,13,0.264,10.0,165
8f3eef98,Rajasthan,Rajasthan District 4,Residential,Objection,254,154,38,0,5,3,13,0.26,13.0,187
9dcc3a3a,Madhya Pradesh,Madhya Pradesh District 1,Commercial,Notification,40,20,15,0,2,0,0,0.069,4.0,197
22100c54,Karnataka,Karnataka District 2,Agricultural,Compensation,279,99,12,1,4,12,16,0.255,3.0,165
1078a785,Andhra Pradesh,Andhra Pradesh District 3,Agricultural,Objection,280,180,16,1,4,6,52,0.439,5.0,165
77e5438a,Madhya Pradesh,Madhya Pradesh District 4,Agricultural,Compensation,203,23,22,1,6,0,10,0.271,7.0,111
abd14736,Madhya Pradesh,Madhya Pradesh District 1,Agricultural,Notification,119,99,36,0,5,0,21,0.13,13.0,187
4df52b60,Rajasthan,Rajasthan District 2,Industrial,Compensation,215,35,20,0,4,23,0,0.211,6.0,111
8f2420ef,Haryana,Haryana District 3,Agricultural,Possession,274,14,20,1,6,2,10,0.329,6.0,154
ee85ab5e,West Bengal,West Bengal District 4,Industrial,Objection,280,180,29,0,4,5,80,0.305,10.0,344
219bb822,Punjab,Punjab District 1,Agricultural,Notification,43,23,5,1,3,4,10,0.313,1.0,181
640d9068,Bihar,Bihar District 2,Commercial,Possession,307,47,40,1,6,33,26,0.352,15.0,181
41843ce3,Andhra Pradesh,Andhra Pradesh District 3,Agricultural,Objection,158,58,27,0,7,34,9,0.308,8.0,224
eb53f442,Maharashtra,Maharashtra District 4,Industrial,Notification,40,20,45,0,5,4,0,0.292,17.0,187
0367088d,Chhattisgarh,Chhattisgarh District 1,Industrial,Compensation,217,37,29,1,8,47,10,0.535,9.0,192
a32c1f90,West Bengal,West Bengal District 2,Industrial,Notification,52,32,13,0,3,4,6,0.236,3.0,165
38e50f19,Uttar Pradesh,Uttar Pradesh District 3,Commercial,Objection,145,45,15,0,1,4,0,0.174,5.0,197
586e5105,Bihar,Bihar District 4,Commercial,Objection,144,44,14,0,3,4,0,0.225,4.0,138
26de19fc,Madhya Pradesh,Madhya Pradesh District 1,Commercial,Objection,126,26,25,0,3,5,0,0.253,8.0,201
6f5c4769,Punjab,Punjab District 2,Agricultural,Possession,287,27,22,0,4,2,3,0.189,7.0,197
ef6c70dc,Haryana,Haryana District 3,Agricultural,Compensation,238,58,38,0,5,18,0,0.227,13.0,154
c3d03737,Maharashtra,Maharashtra District 4,Agricultural,Compensation,320,140,22,0,3,19,48,0.178,7.0,181
a6e5ca96,West Bengal,West Bengal District 1,Agricultural,Possession,282,22,36,1,9,30,10,0.308,12.0,154
032f7bf4,West Bengal,West Bengal District 2,Agricultural,Notification,82,62,53,0,9,4,0,0.414,19.0,201
6e082703,Maharashtra,Maharashtra District 3,Agricultural,Compensation,360,180,23,0,0,23,62,0.104,8.0,181
8492d9da,Haryana,Haryana District 4,Agricultural,Objection,280,180,21,1,6,1,80,0.307,6.0,346
94ec7e22,Andhra Pradesh,Andhra Pradesh District 1,Agricultural,Notification,106,86,31,0,4,7,12,0.372,10.0,138
5ef32885,Andhra Pradesh,Andhra Pradesh District 2,Agricultural,Compensation,237,57,38,1,7,33,10,0.445,13.0,165
a36f7d5c,Karnataka,Karnataka District 3,Agricultural,Compensation,283,103,22,0,2,19,24,0.142,7.0,138
495b138d,Madhya Pradesh,Madhya Pradesh District 4,Agricultural,Notification,46,26,10,0,2,5,2,0.258,3.0,165
b34bd878,Karnataka,Karnataka District 1,Residential,Notification,76,56,23,0,2,4,0,0.227,8.0,165
c7dc1877,Madhya Pradesh,Madhya Pradesh District 2,Commercial,Objection,280,180,29,0,4,2,40,0.174,10.0,197
ab318ed9,Punjab,Punjab District 3,Agricultural,Compensation,307,127,29,1,7,22,50,0.388,9.0,277
2050c417,Punjab,Punjab District 4,Residential,Objection,280,180,22,0,3,1,80,0.134,7.0,343
31f4aeef,Madhya Pradesh,Madhya Pradesh District 1,Commercial,Objection,157,57,28,0,4,32,8,0.155,9.0,138
53025814,Andhra Pradesh,Andhra Pradesh District 2,Residential,Objection,218,118,26,0,3,5,0,0.282,9.0,165
a35e12e1,Uttar Pradesh,Uttar Pradesh District 3,Industrial,Objection,280,180,33,0,6,31,80,0.185,11.0,309
39a64da6,Tamil Nadu,Tamil Nadu District 4,Agricultural,Compensation,360,180,27,0,5,30,80,0.265,9.0,318
b988f289,Andhra Pradesh,Andhra Pradesh District 1,Agricultural,Compensation,247,67,11,1,3,71,10,0.28,4.0,187
af3af1d9,Tamil Nadu,Tamil Nadu District 2,Agricultural,Compensation,278,98,26,0,3,25,20,0.203,9.0,111
143e635d,Madhya Pradesh,Madhya Pradesh District 3,Agricultural,Compensation,255,75,19,1,4,0,15,0.217,6.0,201
193c7c21,West Bengal,West Bengal District 4,Agricultural,Objection,216,116,25,0,2,6,0,0.277,9.0,111
0d2ee4b4,Karnataka,Karnataka District 1,Industrial,Notification,137,117,32,0,4,2,33,0.176,11.0,181
06387dea,Karnataka,Karnataka District 2,Industrial,Compensation,298,118,25,0,4,51,18,0.343,8.0,138
ee61c76b,Punjab,Punjab District 3,Agricultural,Notification,40,20,32,0,6,34,0,0.266,11.0,111
2801dd5f,Punjab,Punjab District 4,Agricultural,Possession,282,22,27,0,7,34,0,0.317,8.0,197
2d5da0de,Andhra Pradesh,Andhra Pradesh District 1,Residential,Notification,200,180,19,1,5,5,80,0.419,6.0,339
87ead0fd,Uttar Pradesh,Uttar Pradesh District 2,Industrial,Possession,294,34,4,1,3,2,18,0.249,1.0,174
ffb959de,Bihar,Bihar District 3,Industrial,Objection,189,89,27,0,2,5,30,0.23,9.0,280
6140db96,Tamil Nadu,Tamil Nadu District 4,Agricultural,Objection,160,60,21,0,4,2,0,0.168,6.0,187
e34ea542,Karnataka,Karnataka District 1,Agricultural,Notification,87,67,7,0,2,5,0,0.224,2.0,111
f9e8e931,West Bengal,West Bengal District 2,Agricultural,Compensation,277,97,23,0,5,34,4,0.286,7.0,192
f221c105,Tamil Nadu,Tamil Nadu District 3,Agricultural,Notification,72,52,22,0,4,32,0,0.168,7.0,138
adda7013,Maharashtra,Maharashtra District 4,Agricultural,Objection,154,54,12,0,3,4,0,0.234,3.0,111
c2d26fb6,Maharashtra,Maharashtra District 1,Industrial,Compensation,325,145,22,1,7,99,46,0.519,7.0,174
55cdfbf1,Karnataka,Karnataka District 2,Industrial,Compensation,324,144,26,0,4,61,36,0.162,9.0,201
675505a0,Tamil Nadu,Tamil Nadu District 3,Agricultural,Objection,198,98,19,0,6,33,36,0.232,5.0,187
1937668f,Tamil Nadu,Tamil Nadu District 4,Agricultural,Possession,309,49,19,0,4,33,18,0.191,6.0,111
6cd59142,Punjab,Punjab District 1,Industrial,Notification,64,44,28,0,3,4,14,0.24,9.0,111
cff46b73,Punjab,Punjab District 2,Industrial,Notification,115,95,20,0,2,0,18,0.045,7.0,165
2aa61f83,Rajasthan,Rajasthan District 3,Agricultural,Compensation,229,49,26,0,3,88,0,0.258,9.0,138
c8baa9ec,Uttar Pradesh,Uttar Pradesh District 4,Agricultural,Notification,95,75,17,0,3,30,5,0.053,5.0,197
1da8ec16,Rajasthan,Rajasthan District 1,Agricultural,Compensation,280,100,27,0,3,45,6,0.3,9.0,222
b9251e96,West Bengal,West Bengal District 2,Agricultural,Objection,145,45,40,0,4,5,0,0.294,14.0,138
e6e06299,Uttar Pradesh,Uttar Pradesh District 3,Residential,Possession,276,16,52,1,11,3,10,0.515,19.0,111
94cb4388,Rajasthan,Rajasthan District 4,Industrial,Notification,180,160,5,0,2,30,62,0.026,1.0,302
1b3d7d6a,Punjab,Punjab District 1,Agricultural,Notification,60,40,19,0,4,2,0,0.182,6.0,174
f622607f,Bihar,Bihar District 2,Industrial,Notification,39,19,47,0,9,1,0,0.281,16.0,181
2bdb5867,Madhya Pradesh,Madhya Pradesh District 3,Residential,Notification,67,47,28,1,4,35,26,0.371,10.0,258
f78b160a,Chhattisgarh,Chhattisgarh District 4,Agricultural,Objection,150,50,8,0,2,4,3,0.191,2.0,197
a65ffe45,Karnataka,Karnataka District 1,Industrial,Compensation,243,63,15,0,1,20,0,0.133,5.0,111
da4e9aa2,Andhra Pradesh,Andhra Pradesh District 2,Agricultural,Compensation,332,152,27,0,3,74,56,0.195,9.0,290
71f4c3f9,Chhattisgarh,Chhattisgarh District 3,Agricultural,Possession,272,12,23,0,3,33,0,0.193,8.0,197
55a3ed35,Punjab,Punjab District 4,Industrial,Possession,282,22,24,0,4,4,0,0.247,8.0,201
2e007530,Tamil Nadu,Tamil Nadu District 1,Industrial,Objection,250,150,24,0,6,2,10,0.244,7.0,181
856cce40,Haryana,Haryana District 2,Agricultural,Possession,270,10,28,0,3,2,0,0.143,10.0,201
38c0ddcc,Tamil Nadu,Tamil Nadu District 3,Commercial,Possession,276,16,36,0,4,1,0,0.147,13.0,187
ece4e936,Haryana,Haryana District 4,Agricultural,Objection,122,22,30,0,5,2,0,0.239,10.0,111
b235b99e,Chhattisgarh,Chhattisgarh District 1,Industrial,Compensation,222,42,12,1,4,33,10,0.347,3.0,165
35b5d70d,Andhra Pradesh,Andhra Pradesh District 2,Industrial,Notification,48,28,26,0,3,4,4,0.248,9.0,197
195031c7,Uttar Pradesh,Uttar Pradesh District 3,Agricultural,Possession,292,32,32,0,6,34,6,0.269,11.0,214
c1582a7f,Rajasthan,Rajasthan District 4,Agricultural,Possession,281,21,19,0,2,4,0,0.221,6.0,111
3e5d81cc,West Bengal,West Bengal District 1,Agricultural,Objection,158,58,19,0,0,0,9,0.02,7.0,154
dccc3b83,West Bengal,West Bengal District 2,Industrial,Objection,139,39,14,0,3,4,0,0.233,4.0,181
ba9aef63,West Bengal,West Bengal District 3,Industrial,Compensation,262,82,31,0,5,8,0,0.189,10.0,174
8e3b1ba8,Tamil Nadu,Tamil Nadu District 4,Agricultural,Compensation,239,59,18,0,4,13,0,0.185,5.0,192
35e03871,Uttar Pradesh,Uttar Pradesh District 1,Agricultural,Notification,32,12,23,1,5,5,10,0.413,7.0,111
0eb910b3,Andhra Pradesh,Andhra Pradesh District 2,Agricultural,Objection,196,96,31,0,6,2,34,0.234,10.0,111
2ad2d223,Haryana,Haryana District 3,Agricultural,Compensation,274,94,28,0,6,108,2,0.422,9.0,192
19a2964b,Rajasthan,Rajasthan District 4,Commercial,Compensation,242,62,27,0,2,1,0,0.063,9.0,111
d7f3d373,Karnataka,Karnataka District 1,Industrial,Objection,141,41,9,0,2,0,0,0.075,2.0,111
2d5fd110,Maharashtra,Maharashtra District 2,Commercial,Compensation,337,157,24,0,5,53,44,0.143,8.0,293
465e1b50,Karnataka,Karnataka District 3,Industrial,Compensation,360,180,27,0,5,114,80,0.445,9.0,310
33b697d6,Rajasthan,Rajasthan District 4,Agricultural,Objection,197,97,28,0,5,0,0,0.152,9.0,138
5acae20d,Uttar Pradesh,Uttar Pradesh District 1,Industrial,Compensation,320,140,11,0,3,5,34,0.1,3.0,273
9b055678,Punjab,Punjab District 2,Agricultural,Notification,93,73,29,0,4,34,4,0.22,10.0,154
8cd2eb84,Madhya Pradesh,Madhya Pradesh District 3,Agricultural,Objection,251,151,12,0,2,1,70,0.093,3.0,303
1b583915,Rajasthan,Rajasthan District 4,Industrial,Compensation,252,72,25,0,5,84,3,0.288,8.0,138
00a7e863,Haryana,Haryana District 1,Industrial,Possession,278,18,43,0,5,1,0,0.19,16.0,111
ae4af490,Tamil Nadu,Tamil Nadu District 2,Industrial,Notification,41,21,26,0,3,31,0,0.11,9.0,111
554a4b47,Andhra Pradesh,Andhra Pradesh District 3,Industrial,Compensation,220,40,34,0,5,42,0,0.333,11.0,187
4afd7c92,Punjab,Punjab District 4,Agricultural,Notification,53,33,25,0,2,2,7,0.108,9.0,165
943c76de,Bihar,Bihar District 1,Agricultural,Objection,257,157,34,0,6,3,74,0.28,11.0,302
423627ad,Uttar Pradesh,Uttar Pradesh District 2,Industrial,Objection,280,180,35,0,5,4,80,0.299,12.0,352
95ec073c,Madhya Pradesh,Madhya Pradesh District 3,Commercial,Notification,39,19,17,0,3,3,0,0.19,5.0,111
84be6c3d,Uttar Pradesh,Uttar Pradesh District 4,Commercial,Compensation,244,64,36,1,7,87,10,0.471,13.0,165
f94c59b0,Chhattisgarh,Chhattisgarh District 1,Commercial,Notification,52,32,22,0,5,33,6,0.218,7.0,208
5ca19140,Chhattisgarh,Chhattisgarh District 2,Industrial,Possession,272,12,26,1,5,6,10,0.447,9.0,154
7f74bf78,Andhra Pradesh,Andhra Pradesh District 3,Residential,Objection,152,52,33,0,4,0,4,0.107,11.0,138
c46f5b92,Maharashtra,Maharashtra District 4,Commercial,Possession,277,17,14,0,1,35,0,0.17,5.0,165
b77c6ba5,Karnataka,Karnataka District 1,Residential,Compensation,226,46,21,1,4,35,10,0.363,7.0,174
87926fc6,Bihar,Bihar District 2,Agricultural,Possession,283,23,42,1,8,4,10,0.472,15.0,174
791b883e,Maharashtra,Maharashtra District 3,Agricultural,Notification,69,49,5,1,2,5,10,0.322,2.0,201
40c9fc8c,Haryana,Haryana District 4,Industrial,Compensation,321,141,24,0,2,6,34,0.095,8.0,197
f49cc249,Bihar,Bihar District 1,Residential,Compensation,236,56,22,1,5,38,10,0.418,7.0,111
c4d274d9,Andhra Pradesh,Andhra Pradesh District 2,Industrial,Possession,287,27,29,1,5,8,13,0.507,10.0,174
4e1d565e,Uttar Pradesh,Uttar Pradesh District 3,Industrial,Objection,152,52,17,0,3,34,4,0.184,5.0,181
89ee71b5,Maharashtra,Maharashtra District 4,Agricultural,Notification,30,8,20,0,0,0,0,0.02,7.0,111
e07b5261,Uttar Pradesh,Uttar Pradesh District 1,Agricultural,Notification,106,86,30,0,5,3,12,0.268,10.0,181
4b8caee2,West Bengal,West Bengal District 2,Residential,Notification,106,86,22,0,3,31,12,0.092,7.0,165
b6d641d8,Rajasthan,Rajasthan District 3,Agricultural,Notification,101,81,37,0,5,3,9,0.231,13.0,236
6aba070b,Tamil Nadu,Tamil Nadu District 4,Agricultural,Possession,288,28,27,0,2,35,4,0.23,10.0,111
89315fbe,Uttar Pradesh,Uttar Pradesh District 1,Agricultural,Notification,43,23,20,1,7,0,10,0.291,5.0,201
b315606d,Punjab,Punjab District 2,Residential,Possession,274,14,14,0,0,6,0,0.23,5.0,111
41f33355,Karnataka,Karnataka District 3,Industrial,Notification,43,23,19,0,0,3,0,0.127,7.0,192
f8b176a6,Rajasthan,Rajasthan District 4,Industrial,Notification,44,24,31,0,4,34,1,0.253,11.0,174
72eaf72d,Chhattisgarh,Chhattisgarh District 1,Agricultural,Objection,150,50,14,0,3,2,4,0.172,4.0,192
10cfcb49,Tamil Nadu,Tamil Nadu District 2,Commercial,Objection,186,86,33,0,3,1,0,0.097,12.0,201
e7570220,Haryana,Haryana District 3,Agricultural,Objection,168,68,36,0,3,5,0,0.29,13.0,165
c3cf4ff1,Andhra Pradesh,Andhra Pradesh District 4,Industrial,Objection,280,180,26,0,1,1,80,0.045,9.0,187
fd130a4e,Karnataka,Karnataka District 1,Residential,Possession,299,39,28,0,2,31,11,0.09,10.0,192
602ffbb1,Andhra Pradesh,Andhra Pradesh District 2,Agricultural,Possession,282,22,25,0,2,4,0,0.179,9.0,111
2b8d9afe,Andhra Pradesh,Andhra Pradesh District 3,Agricultural,Compensation,227,47,23,0,2,32,0,0.218,8.0,111
34e28705,Andhra Pradesh,Andhra Pradesh District 4,Agricultural,Notification,124,104,25,0,2,33,24,0.141,9.0,264
992a27c9,Tamil Nadu,Tamil Nadu District 1,Commercial,Possession,315,55,18,0,3,3,22,0.218,5.0,271
b2c46da4,Karnataka,Karnataka District 2,Agricultural,Compensation,247,67,24,0,2,16,0,0.114,8.0,111
71b77705,Andhra Pradesh,Andhra Pradesh District 3,Agricultural,Notification,50,30,29,0,6,3,5,0.272,9.0,197
ddde6321,Tamil Nadu,Tamil Nadu District 4,Industrial,Compensation,230,50,33,0,4,10,0,0.15,11.0,111
9caf44d9,Karnataka,Karnataka District 1,Industrial,Possession,268,8,26,0,3,4,0,0.227,9.0,111
75cf9047,Tamil Nadu,Tamil Nadu District 2,Industrial,Notification,45,25,31,0,4,3,2,0.251,10.0,192
3074e55c,Uttar Pradesh,Uttar Pradesh District 3,Agricultural,Objection,142,42,20,0,5,4,0,0.268,5.0,154
4c1ae5a7,Rajasthan,Rajasthan District 4,Agricultural,Possession,282,22,33,0,5,3,0,0.246,11.0,111
f7e1e6bb,Tamil Nadu,Tamil Nadu District 1,Industrial,Objection,266,166,40,0,6,7,20,0.417,14.0,181
6c55acf7,Tamil Nadu,Tamil Nadu District 2,Agricultural,Compensation,360,180,35,0,5,40,80,0.338,12.0,336
a95fdd7b,Punjab,Punjab District 3,Industrial,Possession,292,32,13,0,1,6,6,0.241,4.0,174
73726e12,Chhattisgarh,Chhattisgarh District 4,Industrial,Notification,115,95,35,1,6,3,28,0.379,12.0,165
351994fb,Maharashtra,Maharashtra District 1,Industrial,Compensation,271,91,7,0,0,13,16,0.075,2.0,154
e3185ba0,Rajasthan,Rajasthan District 2,Agricultural,Notification,32,12,10,0,2,4,0,0.21,3.0,154
1fb87cbb,Madhya Pradesh,Madhya Pradesh District 3,Industrial,Compensation,229,49,39,0,4,24,0,0.232,14.0,187
d1330b8d,Haryana,Haryana District 4,Residential,Notification,63,43,37,0,7,35,14,0.351,13.0,242
6148bc66,Uttar Pradesh,Uttar Pradesh District 1,Commercial,Objection,212,112,16,1,5,6,10,0.441,5.0,201
ed1bfe25,Bihar,Bihar District 2,Agricultural,Compensation,360,180,15,0,2,64,80,0.128,5.0,328
b2fa03c0,Madhya Pradesh,Madhya Pradesh District 3,Industrial,Objection,126,26,23,0,2,5,0,0.237,8.0,181
f1df41ae,Rajasthan,Rajasthan District 4,Residential,Notification,30,10,32,0,2,2,0,0.138,12.0,192
8cd2e80d,Andhra Pradesh,Andhra Pradesh District 1,Industrial,Compensation,213,33,28,0,2,18,0,0.147,10.0,181
81b0b744,Tamil Nadu,Tamil Nadu District 2,Residential,Notification,46,26,25,0,3,30,2,0.05,9.0,154
7c9fd921,Tamil Nadu,Tamil Nadu District 3,Commercial,Compensation,262,82,33,1,7,54,10,0.535,11.0,165
e8afdd89,Bihar,Bihar District 4,Agricultural,Compensation,208,28,4,0,1,19,0,0.112,1.0,174
d7945046,Haryana,Haryana District 1,Industrial,Compensation,229,49,21,0,4,17,0,0.192,6.0,201
10a866c4,Bihar,Bihar District 2,Agricultural,Notification,140,120,18,0,3,7,35,0.333,5.0,187
36376f40,Maharashtra,Maharashtra District 3,Residential,Possession,288,28,32,0,5,4,4,0.285,11.0,181
005a4882,Bihar,Bihar District 4,Agricultural,Notification,191,171,40,0,6,33,69,0.25,14.0,316
9594c96f,Rajasthan,Rajasthan District 1,Agricultural,Objection,242,142,22,0,3,4,4,0.249,7.0,138
1f3534af,Maharashtra,Maharashtra District 2,Agricultural,Objection,246,146,17,0,2,6,67,0.264,5.0,296
63625b07,Punjab,Punjab District 3,Industrial,Notification,74,54,14,0,1,3,0,0.158,4.0,165
9b223aec,Andhra Pradesh,Andhra Pradesh District 4,Agricultural,Compensation,273,93,21,0,3,20,2,0.176,7.0,154
b1bb406f,Tamil Nadu,Tamil Nadu District 1,Agricultural,Notification,48,28,28,0,5,3,4,0.239,9.0,174
011b5458,Uttar Pradesh,Uttar Pradesh District 2,Commercial,Notification,60,40,25,0,2,2,0,0.124,9.0,181
459f1c41,Tamil Nadu,Tamil Nadu District 3,Agricultural,Notification,56,36,25,0,2,4,0,0.205,9.0,174
ccca2f4d,Uttar Pradesh,Uttar Pradesh District 4,Industrial,Objection,203,103,24,0,6,37,38,0.384,7.0,288
668904cf,Maharashtra,Maharashtra District 1,Industrial,Objection,280,180,33,0,5,1,80,0.163,11.0,332
80fafac1,West Bengal,West Bengal District 2,Residential,Objection,280,180,17,1,5,0,80,0.235,5.0,330
0ad8b986,Punjab,Punjab District 3,Agricultural,Notification,51,31,18,0,3,2,6,0.161,5.0,111
e9ac6570,Rajasthan,Rajasthan District 4,Agricultural,Notification,72,52,35,0,5,6,0,0.357,12.0,165
c8b291d2,Haryana,Haryana District 1,Industrial,Notification,84,64,44,0,7,2,0,0.273,16.0,201
7b265c86,Rajasthan,Rajasthan District 2,Agricultural,Notification,93,73,45,0,6,1,4,0.196,16.0,192
47099aa8,Bihar,Bihar District 3,Industrial,Objection,280,180,20,0,4,3,80,0.213,6.0,350
904714cd,Uttar Pradesh,Uttar Pradesh District 4,Commercial,Objection,134,34,38,0,7,4,0,0.343,13.0,111
ee6b0bf9,Tamil Nadu,Tamil Nadu District 1,Agricultural,Compensation,304,124,25,0,3,81,22,0.212,9.0,181
174dbf35,Bihar,Bihar District 2,Industrial,Objection,280,180,24,1,5,1,56,0.272,8.0,299
9c2c52ee,Chhattisgarh,Chhattisgarh District 3,Agricultural,Possession,281,21,35,0,6,6,0,0.395,12.0,111
2b1de0e6,Uttar Pradesh,Uttar Pradesh District 4,Commercial,Objection,167,67,17,0,1,4,14,0.157,6.0,181
f3ac6820,Maharashtra,Maharashtra District 1,Commercial,Notification,51,31,49,1,10,3,16,0.496,18.0,174
260e6114,Maharashtra,Maharashtra District 2,Agricultural,Compensation,328,148,20,0,5,27,54,0.267,5.0,154
c8a1231d,Haryana,Haryana District 3,Agricultural,Notification,48,28,30,0,4,32,4,0.144,10.0,187
e200624a,West Bengal,West Bengal District 4,Agricultural,Possession,279,19,32,0,5,0,0,0.13,11.0,165
77b7d943,Punjab,Punjab District 1,Agricultural,Compensation,343,163,14,0,1,82,48,0.172,5.0,301
0c8276f1,Tamil Nadu,Tamil Nadu District 2,Agricultural,Compensation,233,53,25,0,4,37,0,0.282,8.0,197
a4de2112,Bihar,Bihar District 3,Industrial,Objection,256,156,33,0,5,4,74,0.275,11.0,317
30744d33,Andhra Pradesh,Andhra Pradesh District 4,Agricultural,Possession,287,27,30,0,5,3,3,0.267,10.0,138
3be6873e,Punjab,Punjab District 1,Commercial,Notification,112,92,21,0,4,31,16,0.122,7.0,174
5d887cd6,Andhra Pradesh,Andhra Pradesh District 2,Agricultural,Notification,67,47,27,0,4,35,0,0.284,9.0,192
956e5a99,Punjab,Punjab District 3,Agricultural,Compensation,275,95,10,1,4,25,28,0.333,3.0,181
139f62bc,Chhattisgarh,Chhattisgarh District 4,Agricultural,Objection,138,38,10,1,4,4,10,0.361,3.0,165
4435b011,Haryana,Haryana District 1,Industrial,Possession,269,9,21,0,2,2,0,0.141,7.0,111
5fd28144,Bihar,Bihar District 2,Residential,Possession,334,74,35,0,8,0,34,0.221,11.0,283
52498b38,Madhya Pradesh,Madhya Pradesh District 3,Agricultural,Objection,280,180,46,1,7,0,80,0.283,17.0,311
03bd7313,Maharashtra,Maharashtra District 4,Agricultural,Objection,260,160,32,0,5,4,16,0.295,11.0,111
d18ddb39,Rajasthan,Rajasthan District 1,Industrial,Objection,132,32,19,1,6,3,10,0.373,6.0,154
d0e4c10b,Andhra Pradesh,Andhra Pradesh District 2,Residential,Notification,85,65,25,0,4,6,0,0.344,8.0,187
a6b36d26,Maharashtra,Maharashtra District 3,Commercial,Notification,55,35,18,0,1,3,8,0.146,6.0,197
1e5321da,Andhra Pradesh,Andhra Pradesh District 4,Commercial,Compensation,213,33,22,1,5,0,10,0.238,7.0,181
e69081bd,Tamil Nadu,Tamil Nadu District 1,Agricultural,Objection,151,51,10,0,0,5,4,0.181,3.0,187
72f74975,Rajasthan,Rajasthan District 2,Agricultural,Compensation,212,32,12,1,6,82,10,0.401,3.0,197
04ab622d,Karnataka,Karnataka District 3,Agricultural,Objection,188,88,19,0,2,2,29,0.144,6.0,283
f7300074,Bihar,Bihar District 4,Commercial,Notification,67,47,16,0,2,35,16,0.188,5.0,154
b766e525,Bihar,Bihar District 1,Agricultural,Objection,229,129,36,0,4,36,0,0.304,13.0,165
d57976c6,Tamil Nadu,Tamil Nadu District 2,Industrial,Compensation,211,31,21,0,3,8,0,0.114,7.0,181
a8f9cc93,Tamil Nadu,Tamil Nadu District 3,Commercial,Compensation,295,115,16,0,4,56,16,0.371,4.0,174
66dcc2c5,Rajasthan,Rajasthan District 4,Agricultural,Notification,53,33,31,0,4,3,0,0.232,10.0,138
bfa4f34f,Andhra Pradesh,Andhra Pradesh District 1,Industrial,Objection,130,30,19,0,2,6,0,0.294,6.0,111
6b796eab,Madhya Pradesh,Madhya Pradesh District 2,Agricultural,Compensation,256,76,20,0,2,37,0,0.216,7.0,154
afe2da87,Haryana,Haryana District 3,Agricultural,Possession,276,16,39,0,3,3,0,0.213,14.0,165
3c06e077,Tamil Nadu,Tamil Nadu District 4,Agricultural,Compensation,260,80,18,0,3,45,8,0.056,6.0,138
37c18fdc,Bihar,Bihar District 1,Agricultural,Compensation,232,52,44,0,7,47,0,0.163,16.0,111
25e321c9,Bihar,Bihar District 2,Industrial,Notification,58,38,23,0,3,0,10,0.096,7.0,174
1daf335e,West Bengal,West Bengal District 3,Agricultural,Compensation,323,143,5,1,3,37,46,0.347,1.0,138
b371f6d8,Madhya Pradesh,Madhya Pradesh District 4,Residential,Notification,54,34,32,0,2,4,0,0.199,12.0,201
0fa0909a,Uttar Pradesh,Uttar Pradesh District 1,Agricultural,Notification,71,51,48,1,8,2,29,0.402,18.0,257
23935ea2,Tamil Nadu,Tamil Nadu District 2,Agricultural,Compensation,240,60,43,0,3,79,0,0.21,17.0,165
a064ae3c,West Bengal,West Bengal District 3,Industrial,Compensation,297,117,38,0,6,0,33,0.174,13.0,174
ceccfedb,Chhattisgarh,Chhattisgarh District 4,Agricultural,Possession,270,10,29,0,5,4,0,0.279,9.0,111
8c172145,Rajasthan,Rajasthan District 1,Residential,Compensation,320,140,21,0,4,78,33,0.235,7.0,285
94edfa18,Chhattisgarh,Chhattisgarh District 2,Industrial,Objection,204,104,26,1,5,4,10,0.406,9.0,111
2424d5fd,Madhya Pradesh,Madhya Pradesh District 3,Industrial,Objection,159,59,59,0,6,2,10,0.24,23.0,187
d4038968,Madhya Pradesh,Madhya Pradesh District 4,Industrial,Compensation,220,40,29,0,5,19,0,0.229,9.0,165
958b74e8,Andhra Pradesh,Andhra Pradesh District 1,Industrial,Possession,284,24,43,1,6,0,11,0.267,16.0,181
56a8bdda,Madhya Pradesh,Madhya Pradesh District 2,Agricultural,Notification,44,24,25,1,8,4,11,0.484,7.0,138
1ac0dce0,Maharashtra,Maharashtra District 3,Agricultural,Objection,280,180,33,0,5,5,80,0.316,11.0,330
4e6b3330,Bihar,Bihar District 4,Industrial,Notification,52,32,33,0,5,0,6,0.151,11.0,192
e69fe7e6,Rajasthan,Rajasthan District 1,Agricultural,Notification,200,180,20,0,4,4,80,0.24,6.0,330
7c8c43df,Chhattisgarh,Chhattisgarh District 2,Agricultural,Notification,54,34,14,0,2,31,8,0.073,4.0,201
578a82cb,Haryana,Haryana District 3,Industrial,Notification,45,25,29,0,4,0,2,0.111,10.0,154
c98c1d35,Madhya Pradesh,Madhya Pradesh District 4,Industrial,Notification,76,56,14,0,1,1,22,0.078,4.0,269
732dfd48,Punjab,Punjab District 1,Agricultural,Possession,281,21,17,0,1,7,0,0.261,6.0,181
0909e5e3,Karnataka,Karnataka District 2,Industrial,Notification,36,16,4,0,1,0,0,0.021,1.0,187
39df89e3,Rajasthan,Rajasthan District 3,Agricultural,Compensation,260,80,9,0,1,11,0,0.076,3.0,192
6d1e4bfe,Madhya Pradesh,Madhya Pradesh District 4,Industrial,Notification,95,75,25,0,3,4,5,0.234,8.0,197
dbafddc8,Rajasthan,Rajasthan District 1,Agricultural,Objection,175,75,35,0,5,0,20,0.153,12.0,138
f586aa05,Rajasthan,Rajasthan District 2,Agricultural,Notification,150,130,21,0,2,3,42,0.182,7.0,181
54d56e63,Chhattisgarh,Chhattisgarh District 3,Agricultural,Possession,292,32,32,0,5,30,6,0.099,11.0,111
80c3bc2b,Madhya Pradesh,Madhya Pradesh District 4,Industrial,Compensation,296,116,46,0,8,56,32,0.253,16.0,201
46ec83a9,Andhra Pradesh,Andhra Pradesh District 1,Industrial,Objection,230,130,37,0,5,1,0,0.18,13.0,201
0e7a56f4,Haryana,Haryana District 2,Agricultural,Compensation,241,61,26,0,4,18,0,0.205,8.0,192
92f2e8c9,Karnataka,Karnataka District 3,Commercial,Objection,124,24,34,0,6,30,0,0.143,11.0,165
84f6f68d,Andhra Pradesh,Andhra Pradesh District 4,Residential,Possession,318,58,27,0,1,6,24,0.241,10.0,268
08573873,Andhra Pradesh,Andhra Pradesh District 1,Agricultural,Compensation,229,49,8,0,2,34,0,0.209,2.0,174
a4659e75,Rajasthan,Rajasthan District 2,Industrial,Compensation,334,154,42,0,6,30,42,0.31,15.0,111
486595ea,Bihar,Bihar District 3,Industrial,Objection,280,180,31,0,4,2,80,0.198,10.0,336
2875dddc,Haryana,Haryana District 4,Industrial,Objection,208,108,28,0,4,5,0,0.272,9.0,174
33b42b64,Andhra Pradesh,Andhra Pradesh District 1,Industrial,Notification,36,16,17,0,1,4,0,0.16,6.0,187
007b7097,Chhattisgarh,Chhattisgarh District 2,Industrial,Notification,31,11,16,0,1,4,0,0.149,5.0,111
d148fbab,West Bengal,West Bengal District 3,Industrial,Compensation,281,101,36,1,7,68,32,0.592,13.0,271
804bc5d6,Bihar,Bihar District 4,Agricultural,Notification,54,34,42,1,7,3,10,0.406,15.0,111
c1f5d4f5,Uttar Pradesh,Uttar Pradesh District 1,Agricultural,Objection,240,140,39,0,4,6,3,0.35,14.0,181
f0d8d018,Uttar Pradesh,Uttar Pradesh District 2,Agricultural,Objection,144,44,32,0,3,6,0,0.318,11.0,187
1d3e28ce,Andhra Pradesh,Andhra Pradesh District 3,Agricultural,Compensation,208,28,18,0,3,50,0,0.078,6.0,111
a4b89dd2,Bihar,Bihar District 4,Agricultural,Possession,293,33,19,0,4,3,7,0.205,6.0,187
7f93fe28,Bihar,Bihar District 1,Industrial,Notification,200,180,23,1,5,0,80,0.251,7.0,331
a0094880,Punjab,Punjab District 2,Commercial,Possession,285,25,13,0,1,8,2,0.317,4.0,192
0beea67e,Punjab,Punjab District 3,Industrial,Notification,50,30,17,0,1,4,5,0.181,6.0,187
d68cf202,Bihar,Bihar District 4,Industrial,Notification,57,37,36,0,3,2,0,0.168,13.0,111
e824a2f7,Bihar,Bihar District 1,Agricultural,Possession,278,18,21,0,3,0,0,0.083,7.0,187
ec7335fa,Karnataka,Karnataka District 2,Residential,Notification,200,180,16,0,4,3,80,0.226,4.0,330
2a1de687,Karnataka,Karnataka District 3,Commercial,Compensation,210,30,26,0,3,8,0,0.122,9.0,154
3360181f,Maharashtra,Maharashtra District 4,Industrial,Possession,440,180,36,0,4,36,80,0.313,13.0,346
a3a1593f,Tamil Nadu,Tamil Nadu District 1,Residential,Possession,274,14,19,0,2,34,0,0.194,6.0,174
25394d7a,Maharashtra,Maharashtra District 2,Industrial,Compensation,244,64,38,1,8,7,10,0.357,13.0,197
bc1ecb02,Tamil Nadu,Tamil Nadu District 3,Agricultural,Objection,226,126,32,0,5,1,54,0.173,11.0,298
201ac028,Madhya Pradesh,Madhya Pradesh District 4,Agricultural,Objection,120,20,25,0,3,0,0,0.088,8.0,174
7c980253,Rajasthan,Rajasthan District 1,Agricultural,Compensation,246,66,13,0,3,75,0,0.197,4.0,111
304ed471,Andhra Pradesh,Andhra Pradesh District 2,Agricultural,Compensation,222,42,10,0,0,13,0,0.062,3.0,154
e66be086,Tamil Nadu,Tamil Nadu District 3,Agricultural,Objection,136,36,31,0,3,4,0,0.236,11.0,181
456b2311,Madhya Pradesh,Madhya Pradesh District 4,Agricultural,Objection,128,28,9,0,1,4,0,0.178,3.0,111
342d233b,Rajasthan,Rajasthan District 1,Agricultural,Objection,151,51,27,0,3,6,4,0.306,9.0,111
a28da217,Maharashtra,Maharashtra District 2,Agricultural,Objection,213,113,13,0,3,5,0,0.291,3.0,174
a877a41a,Haryana,Haryana District 3,Industrial,Notification,58,38,22,1,4,5,20,0.381,7.0,222
c4a6e60f,Karnataka,Karnataka District 4,Industrial,Compensation,339,159,23,0,1,22,61,0.133,8.0,298
2af9b0fa,Haryana,Haryana District 1,Industrial,Compensation,253,73,16,1,5,95,14,0.431,5.0,201
ce8bf61b,Haryana,Haryana District 2,Agricultural,Objection,140,40,19,1,2,0,10,0.156,7.0,154
ca61842d,Bihar,Bihar District 3,Industrial,Objection,137,37,30,1,6,3,10,0.384,10.0,154
ea396cda,Rajasthan,Rajasthan District 4,Industrial,Notification,92,72,18,1,5,33,13,0.335,6.0,181
daf628a5,Rajasthan,Rajasthan District 1,Residential,Notification,70,50,38,0,7,1,18,0.247,13.0,192
b0e64785,Haryana,Haryana District 2,Industrial,Compensation,308,128,33,0,5,29,26,0.273,11.0,267
68532ebc,Bihar,Bihar District 3,Agricultural,Objection,196,96,19,0,1,6,0,0.261,6.0,111
a2801775,Uttar Pradesh,Uttar Pradesh District 4,Commercial,Objection,280,180,20,1,7,0,60,0.285,5.0,285
14ffaf37,Maharashtra,Maharashtra District 1,Agricultural,Compensation,202,22,23,0,5,27,0,0.251,7.0,201
ef2ca0bb,Rajasthan,Rajasthan District 2,Commercial,Objection,158,58,23,0,2,7,0,0.323,8.0,154
6d9d2630,Chhattisgarh,Chhattisgarh District 3,Agricultural,Objection,158,58,25,0,4,5,8,0.285,8.0,165
b53c067d,Chhattisgarh,Chhattisgarh District 4,Commercial,Compensation,224,44,21,0,3,37,0,0.251,7.0,154
d15e324f,West Bengal,West Bengal District 1,Industrial,Compensation,277,97,39,0,3,25,20,0.203,14.0,165
91b34658,Uttar Pradesh,Uttar Pradesh District 2,Agricultural,Compensation,263,83,27,0,6,30,0,0.295,8.0,192
2604796b,Uttar Pradesh,Uttar Pradesh District 3,Commercial,Notification,66,46,23,0,1,1,16,0.082,8.0,255
e45eb563,Maharashtra,Maharashtra District 4,Agricultural,Notification,84,64,29,0,5,0,0,0.149,9.0,165
e634617b,Madhya Pradesh,Madhya Pradesh District 1,Industrial,Compensation,274,94,38,1,6,18,28,0.344,14.0,257
90ded875,Maharashtra,Maharashtra District 2,Agricultural,Compensation,293,113,25,1,7,18,40,0.374,8.0,192
967599e6,Andhra Pradesh,Andhra Pradesh District 3,Commercial,Possession,306,46,23,0,5,2,16,0.202,7.0,181
7b700c94,Punjab,Punjab District 4,Agricultural,Objection,280,180,35,0,4,4,80,0.279,12.0,323
a6554833,Bihar,Bihar District 1,Agricultural,Compensation,280,100,20,0,3,23,22,0.183,6.0,253
3949f3dc,Chhattisgarh,Chhattisgarh District 2,Industrial,Objection,164,64,24,0,6,34,12,0.285,7.0,174
bd25bfba,Karnataka,Karnataka District 3,Agricultural,Notification,41,21,13,0,3,2,0,0.163,3.0,187
2328b63e,Chhattisgarh,Chhattisgarh District 4,Agricultural,Compensation,282,102,25,0,3,37,8,0.25,8.0,154
d68edec4,Maharashtra,Maharashtra District 1,Agricultural,Objection,280,180,32,0,3,1,56,0.146,11.0,197
042fb5fe,Punjab,Punjab District 2,Residential,Objection,280,180,36,0,3,3,38,0.224,13.0,281
e5e118d2,Chhattisgarh,Chhattisgarh District 3,Commercial,Notification,62,42,18,0,1,3,0,0.138,6.0,201
10931a29,Bihar,Bihar District 4,Residential,Possession,282,22,15,0,3,5,0,0.269,4.0,111
cd029af2,Chhattisgarh,Chhattisgarh District 1,Residential,Objection,142,42,36,0,6,34,0,0.263,13.0,174
16499a08,Rajasthan,Rajasthan District 2,Agricultural,Notification,168,148,26,0,2,6,54,0.273,9.0,154
4daa7b40,Chhattisgarh,Chhattisgarh District 3,Agricultural,Compensation,298,118,16,0,2,43,34,0.245,5.0,181
f52d6b2e,Uttar Pradesh,Uttar Pradesh District 4,Industrial,Objection,228,128,27,0,3,2,0,0.158,9.0,187
2d97fbaa,Tamil Nadu,Tamil Nadu District 1,Industrial,Compensation,346,166,20,0,3,16,66,0.147,6.0,309
f790486a,Karnataka,Karnataka District 2,Residential,Objection,273,173,25,0,6,4,26,0.315,7.0,111
7895ac12,Karnataka,Karnataka District 3,Commercial,Objection,227,127,6,0,0,8,0,0.299,2.0,192
22d16f7b,Tamil Nadu,Tamil Nadu District 4,Industrial,Compensation,245,65,34,0,4,15,0,0.183,12.0,181
260e0a26,Maharashtra,Maharashtra District 1,Industrial,Notification,60,40,22,0,5,6,0,0.391,6.0,111
5efc60a0,Maharashtra,Maharashtra District 2,Commercial,Possession,280,20,25,1,4,5,10,0.377,9.0,192
1913741d,Bihar,Bihar District 3,Commercial,Objection,156,56,23,0,2,3,8,0.179,8.0,181
ddcf337b,Bihar,Bihar District 4,Agricultural,Possession,276,16,16,0,4,0,0,0.108,4.0,165
3bb8afbd,Punjab,Punjab District 1,Agricultural,Objection,280,180,11,0,3,1,42,0.126,3.0,165
ec67c545,Andhra Pradesh,Andhra Pradesh District 2,Agricultural,Possession,270,10,15,0,4,32,0,0.148,4.0,192
4272e55b,Chhattisgarh,Chhattisgarh District 3,Industrial,Possession,275,15,23,1,5,7,10,0.5,7.0,187
6e98449c,Tamil Nadu,Tamil Nadu District 4,Agricultural,Compensation,360,180,23,1,8,39,80,0.489,6.0,307
18194271,Punjab,Punjab District 1,Agricultural,Notification,38,18,36,0,5,5,0,0.309,13.0,111
9f970fbf,Maharashtra,Maharashtra District 2,Industrial,Notification,89,69,7,0,0,0,1,0.02,2.0,154
08da1d69,Chhattisgarh,Chhattisgarh District 3,Agricultural,Possession,330,70,44,0,7,3,32,0.3,16.0,285
39bdadfa,Uttar Pradesh,Uttar Pradesh District 4,Agricultural,Compensation,226,46,12,0,3,93,0,0.272,3.0,192
93ca49d4,Chhattisgarh,Chhattisgarh District 1,Industrial,Objection,280,180,10,0,0,5,56,0.167,3.0,138
3ec9a741,West Bengal,West Bengal District 2,Industrial,Objection,228,128,17,1,5,2,65,0.303,5.0,294
2a8915b6,Andhra Pradesh,Andhra Pradesh District 3,Industrial,Objection,141,41,27,0,2,5,0,0.253,9.0,154
30acf5a2,Punjab,Punjab District 4,Agricultural,Objection,280,180,16,0,4,5,31,0.294,4.0,276
073f7672,Punjab,Punjab District 1,Industrial,Notification,54,34,26,0,4,32,8,0.176,9.0,138
4bfa133f,Haryana,Haryana District 2,Industrial,Objection,142,42,38,0,5,6,0,0.377,13.0,201
8ecfe9df,West Bengal,West Bengal District 3,Agricultural,Notification,48,28,9,0,1,5,0,0.204,3.0,201
bf0f4f74,Tamil Nadu,Tamil Nadu District 4,Agricultural,Possession,330,70,26,0,4,2,32,0.183,8.0,273
c62626df,Punjab,Punjab District 1,Agricultural,Possession,282,22,32,0,4,3,0,0.206,11.0,111
447c39ea,Uttar Pradesh,Uttar Pradesh District 2,Agricultural,Objection,204,104,23,0,3,3,40,0.192,7.0,293
6d1d1695,West Bengal,West Bengal District 3,Agricultural,Compensation,226,46,39,1,9,31,10,0.478,13.0,187
2db1aa1c,West Bengal,West Bengal District 4,Industrial,Possession,282,22,16,0,2,4,0,0.193,5.0,111
157aece6,Madhya Pradesh,Madhya Pradesh District 1,Agricultural,Notification,153,133,40,0,5,6,44,0.333,14.0,111
79aff2d3,Maharashtra,Maharashtra District 2,Industrial,Compensation,257,77,17,0,2,2,6,0.066,5.0,222
e9d4e0ad,Tamil Nadu,Tamil Nadu District 3,Agricultural,Compensation,360,180,19,0,3,39,75,0.252,6.0,320
5cb22be4,Karnataka,Karnataka District 4,Agricultural,Objection,247,147,17,0,2,9,8,0.391,5.0,201
e8e54470,Haryana,Haryana District 1,Industrial,Compensation,268,88,28,0,2,9,0,0.108,10.0,197
54cb4162,West Bengal,West Bengal District 2,Industrial,Compensation,221,41,14,0,2,85,0,0.216,4.0,187
d8fd5722,Bihar,Bihar District 3,Agricultural,Objection,178,78,8,0,2,33,22,0.117,2.0,197
e89a40d9,Haryana,Haryana District 4,Commercial,Notification,36,16,19,0,1,1,0,0.076,6.0,154
3f94db65,West Bengal,West Bengal District 1,Commercial,Notification,48,28,27,0,4,35,4,0.274,9.0,197
998ebad6,Punjab,Punjab District 2,Residential,Compensation,275,95,20,0,4,44,18,0.311,6.0,111
d18e1499,Chhattisgarh,Chhattisgarh District 3,Commercial,Compensation,345,165,17,0,3,58,50,0.35,5.0,174
5fcb5b59,Tamil Nadu,Tamil Nadu District 4,Agricultural,Possession,292,32,5,0,0,5,6,0.198,2.0,201
d614fd0f,Karnataka,Karnataka District 1,Agricultural,Notification,48,28,20,1,5,3,14,0.332,6.0,174
f6e2bd97,Uttar Pradesh,Uttar Pradesh District 2,Industrial,Objection,280,180,18,0,0,5,80,0.183,6.0,325
718f6fdd,Andhra Pradesh,Andhra Pradesh District 3,Industrial,Notification,77,57,41,0,6,2,0,0.23,14.0,154
f4ac064b,Haryana,Haryana District 4,Commercial,Objection,198,98,27,0,3,31,0,0.116,9.0,111
903de454,Tamil Nadu,Tamil Nadu District 1,Agricultural,Objection,254,154,17,0,4,2,12,0.202,5.0,165
36ea7089,Karnataka,Karnataka District 2,Industrial,Notification,86,66,26,0,5,4,0,0.286,8.0,201
a31bba04,Chhattisgarh,Chhattisgarh District 3,Agricultural,Notification,32,12,14,0,0,2,0,0.059,5.0,197
4657c38d,Haryana,Haryana District 4,Agricultural,Compensation,256,76,22,0,3,43,6,0.284,7.0,197
750480d4,Chhattisgarh,Chhattisgarh District 1,Residential,Possession,290,30,35,0,5,0,5,0.153,12.0,192
13b14e66,Karnataka,Karnataka District 2,Agricultural,Objection,218,118,35,0,4,36,0,0.323,13.0,138
447df92c,Rajasthan,Rajasthan District 3,Residential,Objection,146,46,25,0,4,30,0,0.076,8.0,201
2156019d,Tamil Nadu,Tamil Nadu District 4,Agricultural,Compensation,248,68,27,0,5,32,0,0.274,9.0,154
f642b318,Maharashtra,Maharashtra District 1,Commercial,Notification,39,19,10,0,0,8,0,0.279,3.0,187
9308319d,Bihar,Bihar District 2,Commercial,Possession,273,13,34,0,6,31,0,0.184,11.0,197
dbbc7f39,Bihar,Bihar District 3,Industrial,Objection,164,64,22,0,2,3,13,0.163,7.0,253
2e90cfb9,Maharashtra,Maharashtra District 4,Industrial,Possession,284,24,30,0,3,1,1,0.136,10.0,138
0d95574e,West Bengal,West Bengal District 1,Residential,Objection,264,164,5,0,1,33,19,0.093,2.0,138
cac60ef6,West Bengal,West Bengal District 2,Industrial,Compensation,254,74,29,0,6,58,4,0.199,9.0,197
69315017,Haryana,Haryana District 3,Agricultural,Objection,109,9,17,0,2,2,0,0.132,5.0,197
cefded29,Rajasthan,Rajasthan District 4,Agricultural,Objection,150,50,22,0,4,3,3,0.225,7.0,181
69dc9ea3,Tamil Nadu,Tamil Nadu District 1,Residential,Possession,312,52,23,0,3,0,20,0.105,7.0,262
4b434f7c,Tamil Nadu,Tamil Nadu District 2,Agricultural,Compensation,288,108,21,0,2,23,27,0.151,7.0,261
fc119bd7,Maharashtra,Maharashtra District 3,Agricultural,Objection,152,52,44,0,5,0,5,0.151,16.0,192
0e25c661,Rajasthan,Rajasthan District 4,Industrial,Possession,289,29,32,1,5,1,14,0.268,11.0,111
6bcd1a7d,Uttar Pradesh,Uttar Pradesh District 1,Industrial,Notification,76,56,30,0,4,8,0,0.408,10.0,165
d5dc74b2,Punjab,Punjab District 2,Industrial,Possession,300,40,10,0,0,0,12,0.02,3.0,201
927b036a,Uttar Pradesh,Uttar Pradesh District 3,Agricultural,Possession,286,26,13,0,2,7,2,0.321,4.0,138
26293508,Uttar Pradesh,Uttar Pradesh District 4,Commercial,Objection,257,157,24,0,4,2,14,0.167,8.0,192
1d45fc3b,Chhattisgarh,Chhattisgarh District 1,Residential,Compensation,340,160,7,0,2,8,47,0.079,2.0,138
390e640b,Maharashtra,Maharashtra District 2,Industrial,Notification,40,20,48,1,10,34,10,0.473,18.0,111
00685311,Maharashtra,Maharashtra District 3,Agricultural,Compensation,214,34,17,1,5,55,10,0.487,5.0,154
6d4d07c2,Punjab,Punjab District 4,Residential,Notification,30,8,45,0,9,36,0,0.435,16.0,111
cbe10675,Andhra Pradesh,Andhra Pradesh District 1,Agricultural,Possession,279,19,18,0,3,6,0,0.308,5.0,111
b2c4a308,Uttar Pradesh,Uttar Pradesh District 2,Industrial,Objection,175,75,26,0,4,0,20,0.116,8.0,181
5d094df5,Haryana,Haryana District 3,Agricultural,Compensation,259,79,30,0,3,25,8,0.194,10.0,192
26b26413,Haryana,Haryana District 4,Commercial,Compensation,284,104,37,0,5,48,24,0.357,13.0,275
d6e6da2d,Punjab,Punjab District 1,Agricultural,Possession,288,28,37,0,4,4,4,0.259,13.0,187
a7858568,Andhra Pradesh,Andhra Pradesh District 2,Residential,Compensation,286,106,10,0,1,70,10,0.358,3.0,192
7ba67f73,Bihar,Bihar District 3,Industrial,Compensation,254,74,24,0,4,60,0,0.139,8.0,111
2a40ab00,Haryana,Haryana District 4,Agricultural,Compensation,227,47,30,0,5,12,0,0.205,10.0,192
55ee6ed8,Punjab,Punjab District 1,Agricultural,Compensation,302,122,31,0,7,13,21,0.246,10.0,254
f30a3a66,West Bengal,West Bengal District 2,Residential,Objection,280,180,38,0,5,1,80,0.186,13.0,324
c92bf29c,Maharashtra,Maharashtra District 3,Commercial,Objection,280,180,32,0,8,36,80,0.406,10.0,347
03750d9b,Tamil Nadu,Tamil Nadu District 4,Agricultural,Notification,58,38,28,0,4,4,10,0.256,9.0,187
34279cf0,Andhra Pradesh,Andhra Pradesh District 1,Industrial,Objection,130,30,47,0,7,7,0,0.453,17.0,111
1fe93203,Rajasthan,Rajasthan District 2,Residential,Notification,40,20,14,0,1,2,0,0.1,4.0,192
5db2066d,Chhattisgarh,Chhattisgarh District 3,Agricultural,Objection,280,180,28,0,5,30,48,0.099,9.0,111
6d7416da,Madhya Pradesh,Madhya Pradesh District 4,Agricultural,Compensation,239,59,33,0,4,25,0,0.219,11.0,192
b86c3f20,Andhra Pradesh,Andhra Pradesh District 1,Agricultural,Notification,55,35,22,0,3,33,0,0.183,7.0,111
6556d9a6,Andhra Pradesh,Andhra Pradesh District 2,Residential,Compensation,280,100,33,0,4,21,22,0.201,11.0,197
764e109f,Punjab,Punjab District 3,Agricultural,Compensation,360,180,16,0,2,15,79,0.114,5.0,307
65087249,Tamil Nadu,Tamil Nadu District 4,Agricultural,Objection,280,180,24,0,3,3,36,0.199,8.0,201
04d974f7,Andhra Pradesh,Andhra Pradesh District 1,Residential,Compensation,266,86,13,0,3,24,12,0.195,3.0,192
927cdc0b,Bihar,Bihar District 2,Industrial,Notification,102,82,26,1,6,34,50,0.38,9.0,284
96185792,Karnataka,Karnataka District 3,Agricultural,Notification,48,28,16,0,4,5,4,0.305,4.0,187
75de80ce,Karnataka,Karnataka District 4,Agricultural,Notification,47,27,15,0,0,4,0,0.147,5.0,187
5a8be55a,Tamil Nadu,Tamil Nadu District 1,Industrial,Possession,277,17,20,0,4,8,0,0.393,6.0,201
e6784b4c,West Bengal,West Bengal District 2,Agricultural,Objection,156,56,10,0,0,0,0,0.02,3.0,111
1d56b154,Rajasthan,Rajasthan District 3,Commercial,Compensation,217,37,14,0,2,6,0,0.091,4.0,201
9a08d8fa,Bihar,Bihar District 4,Agricultural,Compensation,229,49,21,0,3,3,0,0.096,7.0,192
65cf4827,Andhra Pradesh,Andhra Pradesh District 1,Commercial,Objection,139,39,18,1,4,30,10,0.176,6.0,138
fddec62a,Maharashtra,Maharashtra District 2,Agricultural,Notification,200,180,51,0,7,3,80,0.309,19.0,340
a11187e7,Haryana,Haryana District 3,Industrial,Objection,206,106,10,0,0,2,0,0.056,3.0,181
738a8423,Haryana,Haryana District 4,Agricultural,Notification,42,22,34,0,6,0,0,0.175,11.0,111
227a3020,West Bengal,West Bengal District 1,Commercial,Objection,194,94,18,0,5,3,33,0.252,5.0,181
0a80b0e2,Rajasthan,Rajasthan District 2,Commercial,Possession,270,10,13,0,3,34,0,0.192,4.0,138
93f0247b,West Bengal,West Bengal District 3,Industrial,Notification,102,82,27,1,5,1,20,0.27,9.0,239
80998b3a,Bihar,Bihar District 4,Agricultural,Notification,95,75,20,0,2,3,5,0.161,7.0,138
2eb42805,West Bengal,West Bengal District 1,Industrial,Notification,127,107,15,1,6,5,36,0.432,4.0,138
fcc4e003,Rajasthan,Rajasthan District 2,Residential,Compensation,266,86,31,0,4,84,12,0.274,11.0,197
e7af23e3,Maharashtra,Maharashtra District 3,Agricultural,Notification,198,178,20,0,4,4,74,0.24,6.0,305
ad89a7a2,Chhattisgarh,Chhattisgarh District 4,Agricultural,Objection,144,44,18,0,2,4,0,0.221,6.0,111
03d1ecfb,Uttar Pradesh,Uttar Pradesh District 1,Agricultural,Notification,112,92,20,0,3,7,16,0.34,6.0,244
36632bbc,Tamil Nadu,Tamil Nadu District 2,Industrial,Objection,172,72,17,0,2,4,18,0.199,5.0,138
f580ceb5,West Bengal,West Bengal District 3,Agricultural,Compensation,236,56,20,0,4,33,0,0.26,6.0,111
fe846f67,Madhya Pradesh,Madhya Pradesh District 4,Agricultural,Objection,128,28,17,0,1,5,0,0.224,6.0,154
91f7c076,Punjab,Punjab District 1,Agricultural,Possession,298,38,24,0,3,0,10,0.075,8.0,197
f77a07ff,Karnataka,Karnataka District 2,Industrial,Compensation,270,90,39,0,3,40,15,0.271,14.0,174
75c94cfc,Chhattisgarh,Chhattisgarh District 3,Industrial,Notification,47,27,12,1,3,6,13,0.406,4.0,181
ff9abb35,Maharashtra,Maharashtra District 4,Agricultural,Notification,41,21,26,0,4,0,0,0.12,8.0,187
cc9d014b,Andhra Pradesh,Andhra Pradesh District 1,Industrial,Notification,75,55,32,1,6,3,32,0.361,11.0,258
3afa05a7,Bihar,Bihar District 2,Industrial,Possession,286,26,36,0,5,5,2,0.316,13.0,111
94cc8d10,Punjab,Punjab District 3,Commercial,Possession,310,50,15,0,3,5,18,0.243,4.0,197
6e62f181,Madhya Pradesh,Madhya Pradesh District 4,Agricultural,Compensation,251,71,18,1,4,36,12,0.378,6.0,181
f8ed0694,Karnataka,Karnataka District 1,Residential,Notification,51,31,9,0,2,3,6,0.162,2.0,208
3ce29681,Maharashtra,Maharashtra District 2,Industrial,Compensation,218,38,25,0,4,29,0,0.243,8.0,187
66cc9e9f,Rajasthan,Rajasthan District 3,Industrial,Notification,34,14,30,0,6,1,0,0.202,9.0,154
7021169e,Andhra Pradesh,Andhra Pradesh District 4,Commercial,Notification,34,14,29,0,4,1,0,0.152,10.0,197
66fd6b68,Punjab,Punjab District 1,Residential,Notification,37,17,10,0,1,4,0,0.191,3.0,197
d6c52f4b,Punjab,Punjab District 2,Commercial,Notification,35,15,19,0,5,36,0,0.332,6.0,111
5e23cdf4,West Bengal,West Bengal District 3,Industrial,Compensation,257,77,28,0,6,87,6,0.331,9.0,187
28b20577,Karnataka,Karnataka District 4,Agricultural,Compensation,282,102,25,0,3,0,8,0.085,8.0,197
532ec141,Bihar,Bihar District 1,Agricultural,Objection,280,180,30,0,3,4,80,0.244,10.0,111
2613e779,Andhra Pradesh,Andhra Pradesh District 2,Agricultural,Objection,168,68,21,0,3,35,0,0.222,7.0,111
25ca92cf,Bihar,Bihar District 3,Residential,Possession,274,14,9,0,2,4,0,0.206,2.0,111
a294012c,Madhya Pradesh,Madhya Pradesh District 4,Agricultural,Notification,80,60,18,1,6,36,10,0.451,5.0,201
f0fa5be1,West Bengal,West Bengal District 1,Agricultural,Notification,98,78,39,1,6,6,17,0.479,14.0,138
610a2d77,Haryana,Haryana District 2,Agricultural,Objection,280,180,26,0,4,1,57,0.148,8.0,309
688e8951,Chhattisgarh,Chhattisgarh District 3,Residential,Objection,174,74,19,0,4,34,19,0.254,6.0,165
ae16eccc,Bihar,Bihar District 4,Industrial,Objection,129,29,26,0,3,2,0,0.173,9.0,201
201def6e,Haryana,Haryana District 1,Agricultural,Possession,282,22,21,0,1,2,0,0.106,7.0,197
eb3c2d3b,Madhya Pradesh,Madhya Pradesh District 2,Commercial,Objection,182,82,24,0,3,33,24,0.173,8.0,201
99ee14ac,Madhya Pradesh,Madhya Pradesh District 3,Residential,Objection,176,76,44,0,6,2,0,0.255,16.0,111
c14e1d36,Chhattisgarh,Chhattisgarh District 4,Agricultural,Objection,132,32,34,0,5,3,0,0.249,11.0,111
87015e2c,Tamil Nadu,Tamil Nadu District 1,Industrial,Possession,288,28,20,0,3,3,4,0.184,6.0,165
64e1cbb4,Maharashtra,Maharashtra District 2,Agricultural,Compensation,275,95,27,0,3,10,18,0.145,9.0,255
b4ee2de2,Bihar,Bihar District 3,Residential,Possession,314,54,21,0,3,1,21,0.129,7.0,259
7b2ca6d8,Madhya Pradesh,Madhya Pradesh District 4,Industrial,Compensation,360,180,32,0,3,17,80,0.175,11.0,325
f8ec32de,Bihar,Bihar District 1,Agricultural,Objection,149,49,1,0,0,5,2,0.176,1.0,138
2923ef97,Bihar,Bihar District 2,Agricultural,Compensation,235,55,14,0,0,23,0,0.104,5.0,174
1e76caa2,Bihar,Bihar District 3,Agricultural,Objection,190,90,23,0,4,3,0,0.2,7.0,138
c993dfcc,Madhya Pradesh,Madhya Pradesh District 4,Industrial,Objection,182,82,25,1,6,33,10,0.346,8.0,165
be6dfed2,Madhya Pradesh,Madhya Pradesh District 1,Commercial,Notification,78,58,21,0,3,4,24,0.25,7.0,273
d71a6be1,Uttar Pradesh,Uttar Pradesh District 2,Agricultural,Notification,109,89,24,0,4,1,44,0.127,8.0,288
dac4fe48,Maharashtra,Maharashtra District 3,Industrial,Objection,280,180,34,0,4,5,44,0.308,12.0,297
93ce6d85,Chhattisgarh,Chhattisgarh District 4,Agricultural,Objection,136,36,18,0,4,37,0,0.36,5.0,154
b76982e2,Karnataka,Karnataka District 1,Agricultural,Notification,113,93,29,0,3,5,17,0.259,10.0,197
e5c5587a,Haryana,Haryana District 2,Agricultural,Compensation,287,107,31,1,5,5,36,0.267,11.0,275
4ce19527,Chhattisgarh,Chhattisgarh District 3,Industrial,Objection,196,96,17,0,5,37,0,0.394,5.0,181
1f655113,West Bengal,West Bengal District 4,Industrial,Possession,306,46,29,0,6,32,16,0.213,9.0,154
8a5a3b65,Uttar Pradesh,Uttar Pradesh District 1,Residential,Compensation,224,44,16,0,2,5,0,0.071,5.0,111
714102ce,Madhya Pradesh,Madhya Pradesh District 2,Agricultural,Objection,206,106,23,0,2,0,40,0.064,8.0,278
eca10012,Rajasthan,Rajasthan District 3,Industrial,Possession,268,8,37,0,8,36,0,0.427,12.0,187
13e46052,Karnataka,Karnataka District 4,Residential,Possession,310,50,22,0,4,1,18,0.141,7.0,247
d6314ed8,Punjab,Punjab District 1,Agricultural,Notification,112,92,12,0,2,0,16,0.051,3.0,192
13701ec6,Karnataka,Karnataka District 2,Commercial,Objection,130,30,33,1,8,1,10,0.351,11.0,111
61e5df2f,Andhra Pradesh,Andhra Pradesh District 3,Commercial,Possession,272,12,15,0,1,4,0,0.172,5.0,187
f656e598,West Bengal,West Bengal District 4,Agricultural,Possession,270,10,23,1,3,0,10,0.199,8.0,111
dfa7a2fa,Haryana,Haryana District 1,Agricultural,Compensation,236,56,23,1,5,34,10,0.403,7.0,192
f5f47bfa,Madhya Pradesh,Madhya Pradesh District 2,Agricultural,Objection,158,58,28,1,8,33,19,0.389,9.0,154
2e90e693,Rajasthan,Rajasthan District 3,Agricultural,Compensation,241,61,39,0,3,19,0,0.174,14.0,165
93351934,Rajasthan,Rajasthan District 4,Industrial,Objection,206,106,43,0,7,32,0,0.264,15.0,111
ae1f8fc7,Madhya Pradesh,Madhya Pradesh District 1,Residential,Compensation,334,154,15,0,5,45,43,0.1,4.0,201
bfa63819,Maharashtra,Maharashtra District 2,Agricultural,Compensation,244,64,34,0,4,16,0,0.187,12.0,192
4b822785,Karnataka,Karnataka District 3,Residential,Possession,276,16,24,0,3,0,0,0.071,8.0,111
39e765f8,Uttar Pradesh,Uttar Pradesh District 4,Industrial,Compensation,217,37,28,0,4,13,0,0.162,9.0,165
9f09e5ae,Andhra Pradesh,Andhra Pradesh District 1,Agricultural,Objection,280,180,28,0,5,31,80,0.133,9.0,323
4e68bcd1,Tamil Nadu,Tamil Nadu District 2,Industrial,Compensation,274,94,48,0,6,46,2,0.395,18.0,192
857c5b17,Chhattisgarh,Chhattisgarh District 3,Agricultural,Compensation,258,78,25,0,3,6,7,0.106,8.0,201
15521f20,Rajasthan,Rajasthan District 4,Industrial,Compensation,235,55,36,0,6,83,0,0.305,13.0,165
bd416dfa,Haryana,Haryana District 1,Industrial,Notification,35,15,25,0,4,33,0,0.178,8.0,111
c22002d9,Rajasthan,Rajasthan District 2,Industrial,Compensation,263,83,27,0,4,86,0,0.281,9.0,197
08e074af,Bihar,Bihar District 3,Agricultural,Notification,37,17,19,1,3,5,10,0.364,6.0,197
1e4a9875,Karnataka,Karnataka District 4,Agricultural,Notification,115,95,11,0,3,4,48,0.239,3.0,288
7380a277,Rajasthan,Rajasthan District 1,Commercial,Notification,112,92,27,0,3,4,16,0.231,9.0,254
d4b7bd38,Tamil Nadu,Tamil Nadu District 2,Residential,Compensation,251,71,16,0,2,38,0,0.225,5.0,197
f94c4e75,Maharashtra,Maharashtra District 3,Residential,Objection,148,48,34,0,5,0,2,0.142,11.0,181
97c9b831,Haryana,Haryana District 4,Agricultural,Objection,158,58,10,0,2,3,8,0.197,3.0,226
dd40df13,Bihar,Bihar District 1,Agricultural,Possession,280,20,26,0,3,0,0,0.09,9.0,165
e53f8abc,Chhattisgarh,Chhattisgarh District 2,Agricultural,Compensation,237,57,22,0,3,36,0,0.254,7.0,138
da598aae,West Bengal,West Bengal District 3,Agricultural,Objection,178,78,32,0,3,0,22,0.097,11.0,269
d64be31f,Tamil Nadu,Tamil Nadu District 4,Residential,Compensation,248,68,33,0,4,32,0,0.256,11.0,111
6929619c,Punjab,Punjab District 1,Agricultural,Objection,141,41,27,1,7,2,10,0.356,9.0,181
17f5458b,Karnataka,Karnataka District 2,Agricultural,Objection,222,122,37,0,5,34,0,0.261,13.0,154
af7cfc97,Tamil Nadu,Tamil Nadu District 3,Agricultural,Objection,166,66,19,0,5,3,0,0.254,5.0,174
38f77d7b,Madhya Pradesh,Madhya Pradesh District 4,Agricultural,Compensation,239,59,5,0,1,76,0,0.143,2.0,201
d672afe5,Karnataka,Karnataka District 1,Industrial,Objection,159,59,39,0,6,2,10,0.258,13.0,228
ed19b87a,Maharashtra,Maharashtra District 2,Agricultural,Notification,58,38,17,0,3,4,10,0.22,5.0,111
015b7abc,Karnataka,Karnataka District 3,Agricultural,Compensation,226,46,22,0,4,57,0,0.146,7.0,201
651680af,Rajasthan,Rajasthan District 4,Industrial,Possession,280,20,13,0,1,3,0,0.129,4.0,138
27023e6a,Rajasthan,Rajasthan District 1,Industrial,Objection,140,40,18,0,2,6,0,0.266,6.0,181
d8147902,Bihar,Bihar District 2,Agricultural,Objection,234,134,19,0,3,30,0,0.067,6.0,111
bd11b71e,Punjab,Punjab District 3,Industrial,Possession,322,62,20,1,6,33,36,0.344,6.0,267
af76e970,Bihar,Bihar District 4,Residential,Compensation,224,44,34,0,3,10,0,0.13,12.0,111
c9d11511,Andhra Pradesh,Andhra Pradesh District 1,Industrial,Notification,78,58,20,0,3,6,0,0.301,6.0,111
4eb0f26e,Punjab,Punjab District 2,Industrial,Compensation,355,175,1,0,0,28,56,0.131,1.0,174
e11b8cc2,Bihar,Bihar District 3,Agricultural,Compensation,226,46,26,0,2,39,0,0.236,9.0,111
7c8e5b37,Tamil Nadu,Tamil Nadu District 4,Agricultural,Objection,236,136,19,0,2,4,1,0.227,6.0,154
8a039f53,Karnataka,Karnataka District 1,Commercial,Objection,128,28,17,0,2,1,0,0.084,5.0,187
0b5cc0fd,Uttar Pradesh,Uttar Pradesh District 2,Agricultural,Notification,51,31,30,0,4,6,6,0.326,10.0,111
262046aa,Tamil Nadu,Tamil Nadu District 3,Agricultural,Possession,286,26,24,0,3,3,2,0.172,8.0,154
8662c1c9,Chhattisgarh,Chhattisgarh District 4,Agricultural,Compensation,318,138,18,0,5,0,32,0.127,5.0,192
826f7b34,Maharashtra,Maharashtra District 1,Agricultural,Possession,298,38,23,1,6,32,20,0.327,7.0,192
360feaf6,Karnataka,Karnataka District 2,Agricultural,Compensation,270,90,25,0,3,32,15,0.227,8.0,253
cd16bffd,Maharashtra,Maharashtra District 3,Industrial,Possession,287,27,20,0,3,4,3,0.244,6.0,187
912cd80d,Andhra Pradesh,Andhra Pradesh District 4,Industrial,Compensation,318,138,20,0,2,6,32,0.07,7.0,271
1563d0b6,Uttar Pradesh,Uttar Pradesh District 1,Agricultural,Possession,284,24,26,1,5,1,11,0.273,9.0,197
7cd6ce4b,Maharashtra,Maharashtra District 2,Industrial,Notification,58,38,32,0,4,3,10,0.207,11.0,192
0063adc5,Rajasthan,Rajasthan District 3,Industrial,Objection,138,38,25,0,4,2,0,0.169,8.0,187
2b35c0e8,Rajasthan,Rajasthan District 4,Residential,Notification,52,32,21,1,4,5,16,0.392,7.0,165
4b089710,West Bengal,West Bengal District 1,Industrial,Compensation,236,56,48,0,5,33,0,0.309,18.0,111
c0072286,Punjab,Punjab District 2,Industrial,Notification,84,64,22,0,3,33,0,0.185,7.0,181
6e74f204,Rajasthan,Rajasthan District 3,Agricultural,Notification,46,26,38,1,7,3,12,0.392,13.0,197
04fffd8e,Bihar,Bihar District 4,Commercial,Objection,127,27,38,0,7,5,0,0.396,13.0,111
18ee0477,Punjab,Punjab District 1,Industrial,Compensation,234,54,31,0,5,0,0,0.152,10.0,165
cfe9fa42,Madhya Pradesh,Madhya Pradesh District 2,Industrial,Objection,280,180,23,0,1,5,52,0.201,8.0,192
ef3ed9df,West Bengal,West Bengal District 3,Agricultural,Possession,299,39,22,0,2,5,11,0.249,7.0,192
b097bd09,Andhra Pradesh,Andhra Pradesh District 4,Agricultural,Compensation,254,74,25,0,4,72,0,0.198,8.0,197
34f3421f,Punjab,Punjab District 1,Commercial,Objection,144,44,29,1,4,2,10,0.249,10.0,138
9dc329e8,Maharashtra,Maharashtra District 2,Agricultural,Objection,181,81,15,0,4,0,24,0.103,4.0,111
45638339,Haryana,Haryana District 3,Agricultural,Objection,152,52,7,0,0,4,5,0.146,2.0,154
be84f57f,Madhya Pradesh,Madhya Pradesh District 4,Residential,Objection,152,52,34,0,3,5,5,0.281,12.0,211
b210cfe8,West Bengal,West Bengal District 1,Agricultural,Objection,266,166,44,0,3,5,21,0.275,17.0,197
b790850d,Uttar Pradesh,Uttar Pradesh District 2,Agricultural,Objection,141,41,14,1,3,33,10,0.277,5.0,111
75bff19e,Andhra Pradesh,Andhra Pradesh District 3,Agricultural,Notification,48,28,48,0,6,0,0,0.18,18.0,165
2fd8fcec,Tamil Nadu,Tamil Nadu District 4,Agricultural,Notification,93,73,11,0,3,34,4,0.211,3.0,154
4e92f74b,Punjab,Punjab District 1,Industrial,Notification,38,18,22,0,4,3,0,0.244,7.0,187
51a28849,Haryana,Haryana District 2,Residential,Compensation,262,82,19,1,3,0,10,0.188,6.0,181
aaf151bb,Chhattisgarh,Chhattisgarh District 3,Agricultural,Possession,270,10,46,0,6,4,0,0.311,17.0,111
0583cdad,Madhya Pradesh,Madhya Pradesh District 4,Agricultural,Notification,114,94,19,1,6,6,28,0.483,6.0,165
da94bce2,Chhattisgarh,Chhattisgarh District 1,Commercial,Notification,42,22,24,1,3,4,10,0.346,8.0,154
53ea4fb5,Punjab,Punjab District 2,Industrial,Objection,186,86,19,0,5,31,28,0.136,6.0,192
076808be,Andhra Pradesh,Andhra Pradesh District 3,Commercial,Notification,48,28,39,0,5,2,4,0.203,14.0,181
b97a3d89,Karnataka,Karnataka District 4,Agricultural,Objection,231,131,28,0,5,2,0,0.226,9.0,165
9c3ed7d2,Uttar Pradesh,Uttar Pradesh District 1,Residential,Compensation,304,124,34,1,7,18,33,0.377,11.0,138
77dfddee,Madhya Pradesh,Madhya Pradesh District 2,Agricultural,Compensation,336,156,19,0,3,11,44,0.122,6.0,290
49fd48f0,Haryana,Haryana District 3,Industrial,Compensation,234,54,18,0,0,41,0,0.191,6.0,197
068e4055,Madhya Pradesh,Madhya Pradesh District 4,Agricultural,Objection,217,117,30,0,5,1,0,0.167,10.0,201
3c631596,Uttar Pradesh,Uttar Pradesh District 1,Agricultural,Compensation,256,76,16,0,0,0,0,0.02,5.0,111
a0c8203d,West Bengal,West Bengal District 2,Agricultural,Objection,149,49,29,0,4,5,2,0.289,10.0,174
4c7a2e20,Tamil Nadu,Tamil Nadu District 3,Agricultural,Notification,45,25,39,0,5,30,2,0.132,14.0,154
f7a4bc84,Punjab,Punjab District 4,Agricultural,Notification,103,83,27,0,5,4,10,0.275,9.0,138
e8be521f,Haryana,Haryana District 1,Industrial,Objection,171,71,25,0,3,5,0,0.259,8.0,138
462d2824,Chhattisgarh,Chhattisgarh District 2,Agricultural,Notification,100,80,24,0,4,7,8,0.343,8.0,197
2b208139,Maharashtra,Maharashtra District 3,Commercial,Notification,63,43,14,1,3,5,24,0.349,4.0,240
e736cbd1,West Bengal,West Bengal District 4,Industrial,Notification,98,78,17,1,6,3,17,0.371,5.0,111
c2dc9ad2,Maharashtra,Maharashtra District 1,Industrial,Compensation,244,64,32,0,6,31,0,0.305,10.0,201
6a44b114,Punjab,Punjab District 2,Agricultural,Objection,280,180,8,0,2,3,64,0.152,2.0,111
2ce9d001,Bihar,Bihar District 3,Agricultural,Notification,95,75,37,0,6,6,5,0.375,13.0,211
5e3e1c35,Haryana,Haryana District 4,Industrial,Objection,280,180,23,0,3,8,47,0.374,7.0,138
74b93282,Haryana,Haryana District 1,Residential,Objection,134,34,26,0,4,5,0,0.287,8.0,197
a64b4907,Rajasthan,Rajasthan District 2,Agricultural,Compensation,273,93,38,0,5,21,17,0.238,13.0,181
b01b88a6,Andhra Pradesh,Andhra Pradesh District 3,Industrial,Compensation,276,96,32,0,7,11,19,0.247,10.0,264
8efa9d32,Karnataka,Karnataka District 4,Agricultural,Compensation,241,61,10,0,1,45,0,0.02,3.0,111
2b979610,Andhra Pradesh,Andhra Pradesh District 1,Industrial,Notification,32,12,16,0,4,4,0,0.246,4.0,201
2e04f4fe,Maharashtra,Maharashtra District 2,Agricultural,Objection,280,180,22,1,5,5,69,0.412,7.0,294
c071ceb9,Uttar Pradesh,Uttar Pradesh District 3,Commercial,Notification,36,16,34,1,9,35,10,0.496,11.0,181
89da2be2,Uttar Pradesh,Uttar Pradesh District 4,Agricultural,Objection,240,140,14,1,5,32,13,0.296,4.0,138
b5238885,Haryana,Haryana District 1,Agricultural,Compensation,256,76,47,0,5,55,6,0.398,18.0,138
f581d7be,Rajasthan,Rajasthan District 2,Agricultural,Compensation,283,103,13,0,1,26,8,0.146,4.0,174
33808ec0,Bihar,Bihar District 3,Agricultural,Objection,162,62,35,1,4,3,22,0.303,13.0,111
ab51c9b8,Madhya Pradesh,Madhya Pradesh District 4,Agricultural,Compensation,226,46,20,0,2,30,0,0.186,7.0,111
df1c4417,Punjab,Punjab District 1,Agricultural,Possession,270,10,20,0,4,34,0,0.207,6.0,197
3b7817b6,Rajasthan,Rajasthan District 2,Industrial,Compensation,316,136,19,0,2,82,31,0.211,6.0,187
8391f411,Rajasthan,Rajasthan District 3,Agricultural,Objection,158,58,34,1,5,2,19,0.306,12.0,111
2cc8d785,Punjab,Punjab District 4,Industrial,Possession,290,30,13,0,1,4,5,0.188,4.0,197
88458959,Andhra Pradesh,Andhra Pradesh District 1,Industrial,Objection,184,84,21,0,3,2,0,0.168,7.0,111
20409ce3,Rajasthan,Rajasthan District 2,Agricultural,Possession,311,51,8,0,2,34,19,0.155,2.0,248
e551116d,Rajasthan,Rajasthan District 3,Industrial,Compensation,284,104,19,0,4,21,10,0.2,6.0,187
a6a4c70e,Bihar,Bihar District 4,Commercial,Notification,49,29,23,0,0,3,4,0.097,8.0,174
b3bd1e15,Tamil Nadu,Tamil Nadu District 1,Agricultural,Possession,286,26,29,1,6,6,12,0.483,10.0,187
55b1c9a2,Chhattisgarh,Chhattisgarh District 2,Industrial,Compensation,325,145,15,1,4,0,46,0.218,4.0,290
efbd5730,Rajasthan,Rajasthan District 3,Industrial,Possession,268,8,15,0,1,1,0,0.07,5.0,192
c98ea893,Maharashtra,Maharashtra District 4,Residential,Objection,179,79,29,0,5,5,22,0.329,9.0,138
539bce6d,Punjab,Punjab District 1,Commercial,Possession,272,12,15,0,2,30,0,0.041,5.0,111
85c438cd,Punjab,Punjab District 2,Commercial,Notification,200,180,42,0,5,5,75,0.316,15.0,314
372a2a0d,Uttar Pradesh,Uttar Pradesh District 3,Commercial,Compensation,272,92,23,0,2,7,16,0.1,8.0,251
ae168a5b,Chhattisgarh,Chhattisgarh District 4,Industrial,Notification,143,123,19,0,5,34,37,0.262,6.0,138
af73380d,Bihar,Bihar District 1,Agricultural,Objection,222,122,21,0,5,0,52,0.147,6.0,302
a9734328,West Bengal,West Bengal District 2,Agricultural,Objection,186,86,35,0,5,38,0,0.412,12.0,111
1ecfa09e,Bihar,Bihar District 3,Agricultural,Possession,274,14,18,0,4,5,0,0.315,5.0,192
fa780721,Bihar,Bihar District 4,Residential,Possession,304,44,32,0,6,33,14,0.257,11.0,201
731a11ec,Bihar,Bihar District 1,Agricultural,Notification,189,169,30,0,2,4,68,0.194,11.0,310
4670ccff,Haryana,Haryana District 2,Agricultural,Possession,282,22,24,0,3,2,0,0.137,8.0,201
dfa71bff,Tamil Nadu,Tamil Nadu District 3,Residential,Notification,141,121,22,0,3,33,36,0.148,7.0,181
33ece6ca,Punjab,Punjab District 4,Agricultural,Compensation,360,180,10,0,2,31,68,0.206,3.0,192
53683b0c,Andhra Pradesh,Andhra Pradesh District 1,Residential,Compensation,260,80,20,0,4,12,8,0.158,6.0,192
fc087229,Andhra Pradesh,Andhra Pradesh District 2,Agricultural,Possession,277,17,33,0,2,2,0,0.11,12.0,111
57eec373,Punjab,Punjab District 3,Residential,Objection,280,180,19,0,1,2,80,0.12,6.0,336
9e6eba5b,Karnataka,Karnataka District 4,Industrial,Notification,89,69,33,1,7,1,11,0.315,11.0,154
cf5a0b6d,Andhra Pradesh,Andhra Pradesh District 1,Industrial,Notification,47,27,8,1,3,4,13,0.296,2.0,192
aab5e30d,Haryana,Haryana District 2,Industrial,Possession,278,18,26,0,3,1,0,0.136,9.0,154
2bd71bd9,West Bengal,West Bengal District 3,Agricultural,Notification,92,72,22,0,4,3,3,0.234,7.0,111
c19c7bcb,Maharashtra,Maharashtra District 4,Industrial,Notification,80,60,34,0,6,31,0,0.162,11.0,111
4eb6ab3c,Maharashtra,Maharashtra District 1,Agricultural,Objection,155,55,32,1,7,32,16,0.317,11.0,174
27f6dc3c,Karnataka,Karnataka District 2,Commercial,Compensation,263,83,23,0,2,30,0,0.201,8.0,138
4c026280,Haryana,Haryana District 3,Agricultural,Compensation,232,52,30,0,5,46,0,0.357,10.0,154
9e33709a,Bihar,Bihar District 4,Agricultural,Compensation,274,94,17,0,3,21,18,0.185,5.0,260
d2eda57e,Andhra Pradesh,Andhra Pradesh District 1,Agricultural,Compensation,224,44,35,0,7,37,0,0.354,11.0,138
7ae1babc,Rajasthan,Rajasthan District 2,Agricultural,Objection,173,73,18,0,3,4,18,0.231,5.0,187
811a1d0c,Bihar,Bihar District 3,Agricultural,Possession,271,11,17,1,4,0,10,0.203,5.0,192
4769657a,Tamil Nadu,Tamil Nadu District 4,Commercial,Compensation,252,72,25,0,3,9,3,0.119,8.0,181
89a9c39b,Punjab,Punjab District 1,Agricultural,Objection,280,180,38,0,6,5,80,0.374,13.0,322
86920f16,Karnataka,Karnataka District 2,Commercial,Compensation,269,89,24,0,3,11,0,0.125,8.0,181
b796a406,Andhra Pradesh,Andhra Pradesh District 3,Residential,Notification,92,72,26,0,2,1,3,0.098,9.0,181
b27d429d,West Bengal,West Bengal District 4,Industrial,Objection,150,50,25,0,4,33,3,0.211,8.0,181
05a7895e,Punjab,Punjab District 1,Agricultural,Possession,282,22,22,0,6,34,0,0.309,6.0,111
9870a500,Chhattisgarh,Chhattisgarh District 2,Agricultural,Objection,156,56,19,0,1,2,7,0.102,6.0,138
b4d739db,Uttar Pradesh,Uttar Pradesh District 3,Agricultural,Notification,108,88,15,0,2,1,14,0.112,4.0,192
aaa0fb6e,Haryana,Haryana District 4,Agricultural,Notification,34,14,10,0,1,0,0,0.035,3.0,187
c6bc08db,Chhattisgarh,Chhattisgarh District 1,Industrial,Notification,36,16,18,0,2,2,0,0.148,6.0,111
f3f53e92,Bihar,Bihar District 2,Industrial,Notification,151,131,25,0,3,4,42,0.229,8.0,292
cd2243ba,Andhra Pradesh,Andhra Pradesh District 3,Commercial,Possession,276,16,23,0,1,1,0,0.076,8.0,181
fe61ef2c,Tamil Nadu,Tamil Nadu District 4,Residential,Notification,64,44,8,1,3,3,10,0.285,2.0,111
0de7ac51,Maharashtra,Maharashtra District 1,Industrial,Compensation,272,92,29,1,7,12,26,0.347,9.0,251
1524384b,Maharashtra,Maharashtra District 2,Agricultural,Objection,280,180,22,0,3,37,37,0.314,7.0,192
0088740e,Bihar,Bihar District 3,Agricultural,Possession,298,38,13,0,1,6,10,0.227,4.0,138
e2b8d1df,Bihar,Bihar District 4,Agricultural,Objection,145,45,12,0,1,5,0,0.189,4.0,111
f3178c0d,Chhattisgarh,Chhattisgarh District 1,Agricultural,Objection,119,19,8,0,1,0,0,0.022,2.0,111
d562d48a,Andhra Pradesh,Andhra Pradesh District 2,Agricultural,Compensation,322,142,30,1,6,11,45,0.318,10.0,192
795bf10c,Haryana,Haryana District 3,Industrial,Compensation,210,30,16,0,4,59,0,0.145,5.0,192
8d173d18,West Bengal,West Bengal District 4,Agricultural,Possession,300,40,12,0,2,37,12,0.284,4.0,197
3e7cfbd0,Punjab,Punjab District 1,Industrial,Compensation,317,137,18,0,2,40,32,0.245,6.0,280
dbf2ff10,Chhattisgarh,Chhattisgarh District 2,Industrial,Compensation,299,119,28,0,2,31,20,0.211,10.0,174
bcaf5a2a,Bihar,Bihar District 3,Agricultural,Compensation,219,39,17,0,3,60,0,0.361,5.0,174
055dfe87,Bihar,Bihar District 4,Commercial,Objection,280,180,18,0,1,6,41,0.264,6.0,290
3b1a0ed0,Maharashtra,Maharashtra District 1,Agricultural,Compensation,360,180,41,0,4,31,80,0.246,15.0,353
2a1d8ac3,Rajasthan,Rajasthan District 2,Commercial,Objection,164,64,27,0,1,31,0,0.037,10.0,174
be51a17b,Madhya Pradesh,Madhya Pradesh District 3,Agricultural,Objection,169,69,26,1,5,8,26,0.539,9.0,165
8b4c594f,West Bengal,West Bengal District 4,Industrial,Compensation,260,80,4,0,1,12,0,0.08,1.0,201
0dbcadc3,Punjab,Punjab District 1,Agricultural,Compensation,233,53,16,1,5,61,10,0.513,5.0,197
c2f4ceb4,Madhya Pradesh,Madhya Pradesh District 2,Commercial,Notification,200,180,23,1,6,2,80,0.331,7.0,308
24d17f15,Maharashtra,Maharashtra District 3,Commercial,Possession,279,19,35,0,4,6,0,0.329,12.0,201
947cb3a2,Tamil Nadu,Tamil Nadu District 4,Agricultural,Notification,59,39,31,1,6,4,21,0.432,10.0,192
9eba0792,Chhattisgarh,Chhattisgarh District 1,Industrial,Notification,73,53,14,0,2,3,0,0.163,4.0,201
3d31ca68,Tamil Nadu,Tamil Nadu District 2,Agricultural,Compensation,232,52,19,1,4,0,10,0.215,6.0,174
dd4fe958,Punjab,Punjab District 3,Residential,Notification,36,16,30,1,7,5,10,0.471,10.0,111
96f806ab,Andhra Pradesh,Andhra Pradesh District 4,Industrial,Objection,204,104,9,0,2,0,0,0.056,2.0,111
d540fbd4,Karnataka,Karnataka District 1,Industrial,Notification,56,36,32,0,6,5,0,0.341,10.0,165
dd2c828b,Punjab,Punjab District 2,Agricultural,Objection,188,88,27,0,3,0,28,0.097,9.0,201
3bc45e07,Bihar,Bihar District 3,Agricultural,Notification,59,39,17,0,4,33,11,0.196,5.0,242
11bd4ab8,West Bengal,West Bengal District 4,Agricultural,Possession,272,12,24,1,5,5,10,0.415,8.0,111
cb054e9e,Madhya Pradesh,Madhya Pradesh District 1,Commercial,Objection,146,46,25,0,4,5,1,0.297,8.0,192
43706ec4,Chhattisgarh,Chhattisgarh District 2,Agricultural,Compensation,256,76,19,0,2,17,6,0.146,6.0,138
673691d0,Haryana,Haryana District 3,Agricultural,Notification,58,38,17,0,3,4,0,0.219,5.0,165
3292c1fb,Rajasthan,Rajasthan District 4,Industrial,Objection,144,44,36,0,4,30,0,0.103,13.0,201
ff3094a2,West Bengal,West Bengal District 1,Residential,Objection,280,180,28,0,2,2,80,0.156,10.0,336
9f199fe3,Madhya Pradesh,Madhya Pradesh District 2,Commercial,Notification,132,112,34,0,4,5,30,0.294,12.0,192
9e96ef2d,Maharashtra,Maharashtra District 3,Agricultural,Compensation,287,107,21,1,4,1,22,0.208,7.0,197
badea9e0,Haryana,Haryana District 4,Agricultural,Notification,38,18,10,0,0,5,0,0.194,3.0,111
a6a3879f,Rajasthan,Rajasthan District 1,Industrial,Notification,132,112,28,0,5,36,30,0.311,9.0,181
86011a10,Uttar Pradesh,Uttar Pradesh District 2,Industrial,Objection,235,135,34,1,6,1,10,0.294,12.0,111
b95426dd,Haryana,Haryana District 3,Agricultural,Objection,131,31,29,1,6,2,10,0.324,10.0,111
addab457,Bihar,Bihar District 4,Agricultural,Compensation,249,69,25,0,3,2,1,0.09,8.0,201
bd799504,Uttar Pradesh,Uttar Pradesh District 1,Industrial,Notification,50,30,13,1,4,2,10,0.283,4.0,111
373ee7d8,Tamil Nadu,Tamil Nadu District 2,Commercial,Compensation,201,21,22,1,7,9,10,0.345,6.0,111
febe4df8,Haryana,Haryana District 3,Agricultural,Objection,280,180,42,0,6,1,80,0.199,15.0,138
4e88d735,Madhya Pradesh,Madhya Pradesh District 4,Industrial,Possession,278,18,29,0,5,1,0,0.168,9.0,111
4e679177,West Bengal,West Bengal District 1,Commercial,Notification,35,15,34,0,4,3,0,0.225,12.0,111
bd1ec4de,Karnataka,Karnataka District 2,Residential,Possession,280,20,31,0,4,32,0,0.185,11.0,181
9a8bd457,Bihar,Bihar District 3,Residential,Possession,293,33,35,0,5,3,7,0.267,12.0,154
d98642f8,Punjab,Punjab District 4,Residential,Notification,78,58,21,0,3,5,0,0.251,7.0,187
c00a008c,Chhattisgarh,Chhattisgarh District 1,Agricultural,Compensation,212,32,29,1,6,21,10,0.353,10.0,197
e9a48747,Uttar Pradesh,Uttar Pradesh District 2,Agricultural,Notification,69,49,29,0,3,5,0,0.262,10.0,154
5a030acb,Tamil Nadu,Tamil Nadu District 3,Agricultural,Objection,133,33,24,0,5,37,0,0.342,8.0,111
b679712a,Punjab,Punjab District 4,Residential,Objection,135,35,29,0,5,30,0,0.111,10.0,197
a3281f50,Madhya Pradesh,Madhya Pradesh District 1,Industrial,Objection,235,135,41,1,7,6,10,0.517,15.0,174
911504c2,Uttar Pradesh,Uttar Pradesh District 2,Agricultural,Compensation,303,123,28,1,4,21,32,0.313,10.0,111
5c55c24c,Madhya Pradesh,Madhya Pradesh District 3,Commercial,Notification,106,86,31,1,4,2,22,0.297,11.0,192
367f5dc8,Punjab,Punjab District 4,Industrial,Objection,147,47,34,0,5,0,2,0.146,11.0,165
0f3acf6c,West Bengal,West Bengal District 1,Commercial,Compensation,260,80,33,0,6,71,8,0.258,11.0,138
e251d2ac,Tamil Nadu,Tamil Nadu District 2,Agricultural,Notification,126,106,21,0,3,5,26,0.249,7.0,197
1268f338,West Bengal,West Bengal District 3,Industrial,Compensation,305,125,30,0,4,1,38,0.12,10.0,294
a9478b77,Rajasthan,Rajasthan District 4,Agricultural,Objection,148,48,24,0,3,0,2,0.071,8.0,201
1582cf47,Karnataka,Karnataka District 1,Industrial,Notification,58,38,14,0,0,1,10,0.05,5.0,187
6dca11a0,Uttar Pradesh,Uttar Pradesh District 2,Agricultural,Compensation,261,81,21,0,3,21,9,0.18,7.0,201
c19ec395,Andhra Pradesh,Andhra Pradesh District 3,Industrial,Objection,131,31,15,0,0,3,0,0.106,5.0,138
415d934d,Karnataka,Karnataka District 4,Industrial,Compensation,254,74,22,0,3,45,0,0.057,7.0,165
009e3432,Karnataka,Karnataka District 1,Commercial,Compensation,257,77,28,0,4,19,0,0.191,9.0,165
5898165f,Maharashtra,Maharashtra District 2,Commercial,Possession,293,33,29,0,4,4,7,0.252,10.0,165
dc9c7928,Uttar Pradesh,Uttar Pradesh District 3,Agricultural,Objection,191,91,16,1,6,35,40,0.395,5.0,280
a9c1431f,Bihar,Bihar District 4,Industrial,Compensation,214,34,15,0,4,11,0,0.157,4.0,192
e8169223,Punjab,Punjab District 1,Agricultural,Compensation,339,159,44,0,6,17,61,0.236,16.0,301
489bfb2f,Madhya Pradesh,Madhya Pradesh District 2,Commercial,Notification,40,20,33,0,5,33,0,0.23,11.0,187
de08674a,West Bengal,West Bengal District 3,Agricultural,Possession,269,9,29,0,3,1,0,0.13,10.0,201
ca295949,Tamil Nadu,Tamil Nadu District 4,Industrial,Objection,120,20,14,1,4,2,10,0.292,4.0,111
56b0f109,Andhra Pradesh,Andhra Pradesh District 1,Agricultural,Objection,130,30,31,0,4,3,0,0.247,10.0,138
5f46e02e,Madhya Pradesh,Madhya Pradesh District 2,Residential,Notification,67,47,18,0,2,0,16,0.058,6.0,249
0c05112c,West Bengal,West Bengal District 3,Residential,Objection,241,141,35,0,4,4,4,0.286,12.0,197
1ff7923d,Tamil Nadu,Tamil Nadu District 4,Agricultural,Objection,134,34,39,0,5,5,0,0.326,14.0,187
014f9012,Tamil Nadu,Tamil Nadu District 1,Residential,Objection,126,26,44,0,4,3,0,0.247,16.0,111
4dae44a9,Madhya Pradesh,Madhya Pradesh District 2,Industrial,Notification,74,54,19,0,1,2,21,0.105,6.0,258
99b9e367,Uttar Pradesh,Uttar Pradesh District 3,Agricultural,Compensation,270,90,21,0,2,26,15,0.17,7.0,254
bc0491b6,Maharashtra,Maharashtra District 4,Commercial,Possession,292,32,26,1,8,30,16,0.299,8.0,220
2e78e742,Madhya Pradesh,Madhya Pradesh District 1,Agricultural,Objection,240,140,24,0,4,3,4,0.223,8.0,201
ec46c01b,Karnataka,Karnataka District 2,Industrial,Notification,116,96,12,0,2,3,19,0.173,3.0,201
23c4393d,Punjab,Punjab District 3,Industrial,Objection,280,180,37,0,6,2,34,0.242,13.0,181
e325dd2e,Karnataka,Karnataka District 4,Agricultural,Notification,76,56,6,0,0,3,0,0.115,2.0,165
8ff91ec8,Andhra Pradesh,Andhra Pradesh District 1,Agricultural,Possession,298,38,22,1,5,2,20,0.332,7.0,234
649a502b,Rajasthan,Rajasthan District 2,Agricultural,Objection,280,180,29,0,0,0,68,0.02,11.0,197
963d303f,Uttar Pradesh,Uttar Pradesh District 3,Agricultural,Notification,54,34,22,0,3,0,8,0.086,7.0,181
7582cb5c,Tamil Nadu,Tamil Nadu District 4,Industrial,Notification,46,26,30,1,6,7,10,0.507,10.0,165
f08462b5,Rajasthan,Rajasthan District 1,Commercial,Compensation,293,113,38,1,7,0,40,0.292,13.0,154
c5f106fe,West Bengal,West Bengal District 2,Agricultural,Notification,52,32,22,0,2,2,6,0.137,7.0,165
1787e320,West Bengal,West Bengal District 3,Industrial,Objection,280,180,14,1,3,30,44,0.16,5.0,187
9be760e8,Haryana,Haryana District 4,Agricultural,Notification,200,180,33,1,6,3,80,0.358,11.0,320
4427d09c,Tamil Nadu,Tamil Nadu District 1,Agricultural,Objection,280,180,18,0,1,5,60,0.211,6.0,154
e661ae40,Andhra Pradesh,Andhra Pradesh District 2,Industrial,Compensation,247,67,20,1,6,0,10,0.255,6.0,181
2740c942,Bihar,Bihar District 3,Agricultural,Compensation,223,43,39,1,8,78,10,0.452,14.0,181
926aedbe,Bihar,Bihar District 4,Agricultural,Objection,280,180,43,0,7,3,42,0.314,15.0,154
27c0cea1,Maharashtra,Maharashtra District 1,Commercial,Compensation,360,180,26,1,6,36,80,0.438,8.0,305
2150d8ff,Karnataka,Karnataka District 2,Agricultural,Notification,57,37,10,1,2,2,10,0.24,3.0,197
d663dc07,Andhra Pradesh,Andhra Pradesh District 3,Industrial,Objection,280,180,26,0,1,1,80,0.068,9.0,154
cb275dbf,Andhra Pradesh,Andhra Pradesh District 4,Residential,Compensation,248,68,40,0,5,32,0,0.278,14.0,197
2fd45a9c,Punjab,Punjab District 1,Agricultural,Possession,270,10,26,0,4,2,0,0.194,8.0,197
190af4bc,Bihar,Bihar District 2,Residential,Compensation,244,64,25,0,4,27,0,0.241,8.0,192
c5d88ded,Maharashtra,Maharashtra District 3,Agricultural,Objection,128,28,20,1,7,3,10,0.419,5.0,174
ec9cd27a,West Bengal,West Bengal District 4,Industrial,Notification,48,28,31,0,3,2,4,0.171,11.0,197
f25e8dcd,Andhra Pradesh,Andhra Pradesh District 1,Industrial,Notification,52,32,31,1,8,5,16,0.492,10.0,174
7b1b6b40,Karnataka,Karnataka District 2,Agricultural,Notification,46,26,41,0,6,5,2,0.351,14.0,174
ea862f2f,Uttar Pradesh,Uttar Pradesh District 3,Industrial,Possession,295,35,22,1,5,4,18,0.387,7.0,187
f8536fdf,Haryana,Haryana District 4,Commercial,Notification,102,82,19,0,2,36,10,0.268,6.0,192
1b0cf93a,Madhya Pradesh,Madhya Pradesh District 1,Commercial,Notification,37,17,16,0,0,6,0,0.241,5.0,197
684d818f,Andhra Pradesh,Andhra Pradesh District 2,Industrial,Notification,51,31,20,0,4,5,6,0.278,6.0,201
c00fc781,Madhya Pradesh,Madhya Pradesh District 3,Agricultural,Notification,50,30,15,0,3,1,5,0.124,4.0,174
869730c2,Uttar Pradesh,Uttar Pradesh District 4,Commercial,Compensation,302,122,20,0,1,62,36,0.088,7.0,292
9bb95ecc,Bihar,Bihar District 1,Industrial,Compensation,218,38,32,0,5,45,0,0.101,11.0,201
9276430c,Madhya Pradesh,Madhya Pradesh District 2,Agricultural,Objection,193,93,32,0,5,5,32,0.329,11.0,269
a691a093,Tamil Nadu,Tamil Nadu District 3,Residential,Objection,183,83,40,0,5,34,0,0.275,14.0,154
24d76456,Maharashtra,Maharashtra District 4,Agricultural,Compensation,277,97,26,0,4,46,20,0.334,8.0,154
38c17872,Madhya Pradesh,Madhya Pradesh District 1,Residential,Notification,102,82,14,0,2,5,10,0.235,4.0,154
7fc40fba,Karnataka,Karnataka District 2,Commercial,Possession,288,28,20,0,6,33,4,0.266,5.0,154
7388acb4,Uttar Pradesh,Uttar Pradesh District 3,Agricultural,Compensation,273,93,29,0,4,50,2,0.343,10.0,174
35a13107,Uttar Pradesh,Uttar Pradesh District 4,Agricultural,Notification,103,83,30,0,3,3,10,0.202,10.0,226
17113367,Madhya Pradesh,Madhya Pradesh District 1,Commercial,Objection,242,142,19,1,3,5,14,0.375,6.0,208
0cb31cf1,Andhra Pradesh,Andhra Pradesh District 2,Industrial,Compensation,209,29,15,1,7,73,10,0.38,4.0,192
b396d4fc,Chhattisgarh,Chhattisgarh District 3,Industrial,Notification,102,82,43,1,7,6,50,0.521,16.0,295
de0759ce,Andhra Pradesh,Andhra Pradesh District 4,Industrial,Notification,48,28,35,0,4,5,0,0.295,12.0,111
228e23c8,West Bengal,West Bengal District 1,Industrial,Notification,113,93,14,0,2,3,17,0.176,4.0,201
14ba5f6c,Madhya Pradesh,Madhya Pradesh District 2,Industrial,Compensation,218,38,32,0,4,70,0,0.209,11.0,165
97f22d4d,Rajasthan,Rajasthan District 3,Agricultural,Objection,192,92,17,1,5,1,10,0.279,5.0,187
1229ae56,Maharashtra,Maharashtra District 4,Agricultural,Notification,140,120,22,1,3,2,45,0.235,8.0,165
5b4a20f8,Haryana,Haryana District 1,Commercial,Objection,129,29,37,1,7,3,10,0.4,13.0,165
3c5e706a,Chhattisgarh,Chhattisgarh District 2,Commercial,Possession,281,21,26,0,1,9,0,0.334,9.0,174
210f3764,Andhra Pradesh,Andhra Pradesh District 3,Industrial,Possession,280,20,15,0,1,3,0,0.168,5.0,181
9eb9578e,Rajasthan,Rajasthan District 4,Agricultural,Compensation,226,46,21,0,5,56,0,0.166,6.0,192
c19f7e19,Tamil Nadu,Tamil Nadu District 1,Industrial,Objection,228,128,42,0,7,2,0,0.28,14.0,111
3e351700,Uttar Pradesh,Uttar Pradesh District 2,Agricultural,Objection,136,36,17,0,3,6,0,0.3,5.0,138
154b6000,Tamil Nadu,Tamil Nadu District 3,Agricultural,Possession,273,13,20,0,4,1,0,0.134,6.0,174
5e7f470d,Madhya Pradesh,Madhya Pradesh District 4,Agricultural,Notification,122,102,10,0,2,32,23,0.119,3.0,181
f4d8c1b3,Maharashtra,Maharashtra District 1,Agricultural,Compensation,247,67,24,0,2,17,0,0.147,8.0,111
5e7c17e1,Chhattisgarh,Chhattisgarh District 2,Residential,Objection,134,34,15,0,4,0,0,0.099,4.0,181
b88ff444,Karnataka,Karnataka District 3,Agricultural,Objection,150,50,17,0,3,30,4,0.056,5.0,197
dc3901b4,Uttar Pradesh,Uttar Pradesh District 4,Industrial,Objection,280,180,25,0,4,0,66,0.12,8.0,192
b51593ba,Andhra Pradesh,Andhra Pradesh District 1,Industrial,Compensation,261,81,37,0,6,7,9,0.196,13.0,187
9e89e3d4,Rajasthan,Rajasthan District 2,Industrial,Objection,258,158,27,0,3,32,16,0.157,9.0,154
91dc12bc,West Bengal,West Bengal District 3,Agricultural,Objection,216,116,28,0,6,3,0,0.282,9.0,174
755ee677,Uttar Pradesh,Uttar Pradesh District 4,Industrial,Notification,46,26,10,0,1,5,2,0.206,3.0,165
aa65c423,Bihar,Bihar District 1,Agricultural,Objection,142,42,24,1,7,32,10,0.314,8.0,111
37f2e2cc,Chhattisgarh,Chhattisgarh District 2,Commercial,Notification,70,50,26,0,5,3,18,0.249,8.0,259
8dc17577,Maharashtra,Maharashtra District 3,Residential,Notification,90,70,18,0,3,34,2,0.199,6.0,165
48981628,Karnataka,Karnataka District 4,Residential,Notification,40,20,17,0,4,30,0,0.084,5.0,181
4a52e62f,Maharashtra,Maharashtra District 1,Agricultural,Objection,141,41,29,0,3,3,0,0.192,10.0,197
4063e0ad,Madhya Pradesh,Madhya Pradesh District 2,Agricultural,Notification,53,33,15,1,2,5,17,0.357,5.0,154
8321c3dc,Bihar,Bihar District 3,Agricultural,Compensation,207,27,24,0,3,15,0,0.143,8.0,165
803dbe3f,Bihar,Bihar District 4,Industrial,Objection,231,131,32,0,4,6,0,0.324,11.0,165
1e1473bc,Chhattisgarh,Chhattisgarh District 1,Agricultural,Notification,52,32,10,0,0,4,6,0.158,3.0,222
f7709031,Rajasthan,Rajasthan District 2,Agricultural,Compensation,279,99,22,0,3,26,21,0.214,7.0,165
959931f0,Karnataka,Karnataka District 3,Agricultural,Objection,273,173,19,1,7,0,36,0.287,5.0,187
11a2af09,Uttar Pradesh,Uttar Pradesh District 4,Agricultural,Possession,270,10,21,0,4,32,0,0.137,7.0,201
fb240fbd,Andhra Pradesh,Andhra Pradesh District 1,Industrial,Notification,56,36,14,0,1,5,0,0.211,4.0,165
581604b1,Karnataka,Karnataka District 2,Commercial,Objection,280,180,23,0,3,2,66,0.156,7.0,181
fc0dd215,West Bengal,West Bengal District 3,Agricultural,Compensation,360,180,26,0,4,26,80,0.238,8.0,337
c7188d75,Karnataka,Karnataka District 4,Industrial,Compensation,256,76,25,0,2,4,6,0.07,9.0,174
be69e425,Punjab,Punjab District 1,Industrial,Notification,92,72,31,0,7,35,33,0.336,10.0,281
bd28f645,Uttar Pradesh,Uttar Pradesh District 2,Residential,Compensation,280,100,36,0,3,43,22,0.295,13.0,192
3b06ff25,Punjab,Punjab District 3,Industrial,Compensation,251,71,30,0,4,13,0,0.177,10.0,111
1e110b18,Haryana,Haryana District 4,Commercial,Compensation,360,180,27,0,1,0,80,0.03,10.0,313
2fa5e568,Punjab,Punjab District 1,Agricultural,Objection,172,72,30,0,3,0,18,0.087,10.0,181
124ede56,Maharashtra,Maharashtra District 2,Industrial,Possession,269,9,21,0,1,5,0,0.188,7.0,201
7e9d5cb1,West Bengal,West Bengal District 3,Commercial,Notification,37,17,34,0,6,4,0,0.341,11.0,181
bfa0d601,Andhra Pradesh,Andhra Pradesh District 4,Commercial,Objection,242,142,28,0,4,4,5,0.237,9.0,154
2b2c2978,Bihar,Bihar District 1,Industrial,Objection,278,178,17,0,3,1,28,0.11,5.0,201
1dd7c18e,West Bengal,West Bengal District 2,Industrial,Compensation,228,48,42,0,3,29,0,0.209,16.0,111
a286d95b,Andhra Pradesh,Andhra Pradesh District 3,Residential,Notification,121,101,26,1,4,0,32,0.203,9.0,165
4f79c87b,Andhra Pradesh,Andhra Pradesh District 4,Agricultural,Objection,280,180,22,0,1,4,80,0.18,8.0,320
069f5d86,Haryana,Haryana District 1,Agricultural,Compensation,278,98,25,0,4,52,6,0.352,8.0,214
493fd1c9,Karnataka,Karnataka District 2,Residential,Objection,272,172,28,0,5,0,25,0.132,9.0,111
0f78d45c,Tamil Nadu,Tamil Nadu District 3,Commercial,Compensation,325,145,14,0,2,17,52,0.142,4.0,306
6b760aef,Maharashtra,Maharashtra District 4,Industrial,Notification,65,45,9,1,4,3,10,0.306,2.0,111
44c0958b,Bihar,Bihar District 1,Agricultural,Objection,162,62,30,1,5,1,22,0.289,10.0,165
a179be87,Uttar Pradesh,Uttar Pradesh District 2,Industrial,Possession,294,34,43,0,5,4,8,0.289,16.0,138
996b0c21,Karnataka,Karnataka District 3,Agricultural,Compensation,245,65,14,0,1,12,0,0.087,4.0,174
a86f58f7,West Bengal,West Bengal District 4,Commercial,Possession,269,9,5,0,0,6,0,0.228,2.0,111
e48b2085,Bihar,Bihar District 1,Agricultural,Notification,44,24,22,0,2,0,1,0.07,7.0,201
46958ae3,Tamil Nadu,Tamil Nadu District 2,Residential,Objection,168,68,33,1,6,3,25,0.347,11.0,138
3c8b8146,Maharashtra,Maharashtra District 3,Agricultural,Possession,335,75,30,1,6,3,45,0.394,10.0,285
2511f3ec,Andhra Pradesh,Andhra Pradesh District 4,Agricultural,Notification,110,90,18,0,1,3,15,0.148,6.0,138
e2b6140f,Madhya Pradesh,Madhya Pradesh District 1,Industrial,Notification,52,32,27,0,4,30,0,0.11,9.0,192
8bbfd965,Bihar,Bihar District 2,Commercial,Objection,135,35,16,0,2,3,0,0.165,5.0,192
4c9b0abe,Bihar,Bihar District 3,Agricultural,Compensation,256,76,27,0,4,57,6,0.151,9.0,205
d1b6595d,Uttar Pradesh,Uttar Pradesh District 4,Agricultural,Compensation,231,51,19,0,3,77,0,0.211,6.0,111
566a1245,Uttar Pradesh,Uttar Pradesh District 1,Commercial,Objection,139,39,22,0,4,6,0,0.336,7.0,111
43d5e66a,Punjab,Punjab District 2,Commercial,Objection,280,180,18,0,3,0,76,0.095,5.0,138
bb7521e4,Uttar Pradesh,Uttar Pradesh District 3,Agricultural,Notification,39,19,16,0,3,4,0,0.234,5.0,111
9c0cb6d9,Uttar Pradesh,Uttar Pradesh District 4,Commercial,Notification,54,34,15,1,4,1,18,0.239,4.0,230
b657298e,Madhya Pradesh,Madhya Pradesh District 1,Agricultural,Possession,280,20,30,0,5,32,0,0.195,10.0,181
3e973bd9,Karnataka,Karnataka District 2,Agricultural,Objection,280,180,18,0,1,3,42,0.14,6.0,174
27a916f9,Haryana,Haryana District 3,Agricultural,Notification,54,34,28,0,2,35,0,0.207,10.0,111
0a818e12,Rajasthan,Rajasthan District 4,Industrial,Possession,273,13,22,0,3,0,0,0.092,7.0,111
a552985e,Rajasthan,Rajasthan District 1,Commercial,Objection,137,37,35,1,6,4,10,0.411,12.0,201
879bcfa7,Punjab,Punjab District 2,Residential,Objection,240,140,30,0,3,6,4,0.316,10.0,154
2db49586,Haryana,Haryana District 3,Agricultural,Compensation,320,140,22,0,3,6,48,0.121,7.0,181
86cd7af9,Tamil Nadu,Tamil Nadu District 4,Industrial,Compensation,270,90,15,1,6,8,25,0.291,4.0,154
413e364a,Rajasthan,Rajasthan District 1,Agricultural,Objection,161,61,34,0,5,30,0,0.113,12.0,192
5dd970fb,Haryana,Haryana District 2,Agricultural,Possession,281,21,32,0,1,4,0,0.17,12.0,111
35c172a1,West Bengal,West Bengal District 3,Residential,Notification,52,32,11,0,0,8,6,0.293,4.0,154
1e1c214d,Tamil Nadu,Tamil Nadu District 4,Agricultural,Objection,129,29,31,0,3,4,0,0.221,11.0,165
28031d71,Haryana,Haryana District 1,Agricultural,Objection,128,28,32,0,5,2,0,0.218,11.0,197
9110b16f,Haryana,Haryana District 2,Agricultural,Notification,45,25,24,0,2,3,2,0.165,8.0,154
57b58b57,Andhra Pradesh,Andhra Pradesh District 3,Residential,Objection,220,120,48,0,6,0,50,0.187,18.0,300
976b711a,Bihar,Bihar District 4,Agricultural,Compensation,305,125,26,1,5,28,48,0.367,9.0,201
531db55c,Tamil Nadu,Tamil Nadu District 1,Industrial,Compensation,200,20,26,0,5,15,0,0.224,8.0,174
c3a97f95,Tamil Nadu,Tamil Nadu District 2,Commercial,Notification,30,10,20,0,4,4,0,0.24,6.0,111
3fdb0448,Punjab,Punjab District 3,Agricultural,Compensation,325,145,34,0,5,55,52,0.158,12.0,187
672a23a8,West Bengal,West Bengal District 4,Agricultural,Compensation,209,29,9,0,2,85,0,0.215,3.0,111
909ca0a5,Bihar,Bihar District 1,Commercial,Compensation,247,67,27,0,3,85,0,0.245,9.0,154
30a77629,Haryana,Haryana District 2,Agricultural,Compensation,306,126,18,0,3,27,39,0.218,5.0,197
5cd7b144,Haryana,Haryana District 3,Agricultural,Compensation,238,58,28,0,4,24,0,0.214,9.0,201
0346ec12,Chhattisgarh,Chhattisgarh District 4,Agricultural,Compensation,337,157,32,0,5,39,60,0.308,11.0,309
68328762,Tamil Nadu,Tamil Nadu District 1,Industrial,Notification,101,81,18,0,2,3,9,0.168,6.0,165
bf27775e,Andhra Pradesh,Andhra Pradesh District 2,Agricultural,Objection,248,148,5,0,0,4,9,0.132,2.0,174
fb0777bc,Rajasthan,Rajasthan District 3,Agricultural,Objection,280,180,22,0,4,33,59,0.183,7.0,296
0a72f7ef,Rajasthan,Rajasthan District 4,Industrial,Compensation,254,74,19,0,5,19,4,0.217,5.0,111
7ccc38fb,Bihar,Bihar District 1,Agricultural,Compensation,231,51,23,0,4,53,0,0.134,7.0,111
ed47fc67,Maharashtra,Maharashtra District 2,Industrial,Compensation,243,63,23,0,0,16,0,0.076,8.0,111
a83ff5ad,Andhra Pradesh,Andhra Pradesh District 3,Residential,Notification,67,47,35,0,5,3,16,0.246,12.0,197
6a5dd32f,West Bengal,West Bengal District 4,Agricultural,Objection,139,39,28,0,5,6,0,0.368,9.0,201
9212f3bc,West Bengal,West Bengal District 1,Industrial,Compensation,351,171,22,0,3,0,54,0.087,7.0,181
59206f02,Chhattisgarh,Chhattisgarh District 2,Commercial,Compensation,212,32,13,1,4,31,10,0.35,4.0,111
e441ebaf,Uttar Pradesh,Uttar Pradesh District 3,Industrial,Notification,163,143,19,0,2,1,50,0.09,6.0,154
1dca8f3e,Andhra Pradesh,Andhra Pradesh District 4,Commercial,Possession,286,26,17,0,2,2,2,0.129,5.0,111
31684bdd,West Bengal,West Bengal District 1,Agricultural,Compensation,291,111,17,0,3,14,14,0.151,5.0,165
3b065e6f,Maharashtra,Maharashtra District 2,Agricultural,Compensation,302,122,22,0,2,69,21,0.136,8.0,138
6df63ce1,Uttar Pradesh,Uttar Pradesh District 3,Agricultural,Objection,142,42,28,0,6,31,0,0.183,9.0,111
caeddd2c,Madhya Pradesh,Madhya Pradesh District 4,Agricultural,Notification,34,14,37,0,5,2,0,0.201,13.0,111
af5aa23d,Punjab,Punjab District 1,Agricultural,Objection,116,16,34,0,4,1,0,0.14,12.0,154
28691b3e,Andhra Pradesh,Andhra Pradesh District 2,Agricultural,Objection,135,35,32,1,7,1,10,0.332,11.0,197
23292208,Bihar,Bihar District 3,Agricultural,Compensation,360,180,20,1,6,35,80,0.417,6.0,324
708a976e,Chhattisgarh,Chhattisgarh District 4,Agricultural,Possession,296,36,14,0,3,2,9,0.176,4.0,197
980ecda5,Chhattisgarh,Chhattisgarh District 1,Agricultural,Notification,91,71,10,0,0,2,2,0.063,3.0,154
c3ce00d9,Madhya Pradesh,Madhya Pradesh District 2,Industrial,Compensation,316,136,19,1,5,94,41,0.444,6.0,111
923e8e2b,Bihar,Bihar District 3,Industrial,Compensation,224,44,37,1,6,53,10,0.26,14.0,181
f08a42cb,Madhya Pradesh,Madhya Pradesh District 4,Agricultural,Notification,120,100,19,0,5,2,22,0.206,5.0,197
4c20a6b5,Andhra Pradesh,Andhra Pradesh District 1,Residential,Compensation,360,180,27,1,5,8,80,0.278,9.0,328
0487867c,Uttar Pradesh,Uttar Pradesh District 2,Industrial,Notification,36,16,14,0,1,34,0,0.147,5.0,111
46b499ec,Maharashtra,Maharashtra District 3,Residential,Objection,132,32,25,0,4,2,0,0.189,8.0,192
190453cd,Bihar,Bihar District 4,Agricultural,Notification,48,28,25,0,3,2,4,0.157,8.0,165
db0b99ce,Chhattisgarh,Chhattisgarh District 1,Agricultural,Objection,156,56,19,1,6,5,10,0.424,6.0,192
ac9ac5fe,Tamil Nadu,Tamil Nadu District 2,Agricultural,Compensation,280,100,39,1,9,0,32,0.334,13.0,187
c5436f12,Tamil Nadu,Tamil Nadu District 3,Agricultural,Possession,283,23,14,0,2,4,0,0.211,4.0,201
bf3f6843,Bihar,Bihar District 4,Industrial,Compensation,310,130,28,1,7,30,36,0.421,9.0,197
8ff90e03,Maharashtra,Maharashtra District 1,Industrial,Notification,155,135,18,0,2,3,45,0.165,6.0,197
2ab6eefe,Andhra Pradesh,Andhra Pradesh District 2,Industrial,Possession,278,18,27,0,3,5,0,0.268,9.0,181
719ab2a1,West Bengal,West Bengal District 3,Industrial,Notification,86,66,21,0,3,5,0,0.28,7.0,154
a4bd3612,Punjab,Punjab District 4,Industrial,Possession,275,15,24,0,4,1,0,0.125,8.0,174
a760f4b7,Haryana,Haryana District 1,Commercial,Possession,285,25,20,0,1,3,2,0.136,7.0,201
03638e10,Uttar Pradesh,Uttar Pradesh District 2,Agricultural,Compensation,271,91,25,0,3,7,0,0.114,8.0,138
d61c43f1,Rajasthan,Rajasthan District 3,Agricultural,Compensation,249,69,15,0,2,0,0,0.067,4.0,197
43817468,Chhattisgarh,Chhattisgarh District 4,Industrial,Notification,52,32,29,0,5,6,6,0.372,9.0,187
61c1e849,West Bengal,West Bengal District 1,Industrial,Compensation,286,106,34,0,3,0,11,0.078,12.0,181
398a43fa,Karnataka,Karnataka District 2,Agricultural,Compensation,224,44,14,1,4,20,10,0.307,4.0,111
21afa6c7,Karnataka,Karnataka District 3,Agricultural,Objection,190,90,21,0,1,4,30,0.18,7.0,284
be307fa8,Bihar,Bihar District 4,Residential,Compensation,242,62,28,0,2,42,0,0.26,10.0,197
f3da652f,Punjab,Punjab District 1,Agricultural,Objection,280,180,23,0,3,3,80,0.19,7.0,187
a5710126,Maharashtra,Maharashtra District 2,Industrial,Notification,84,64,20,0,4,35,0,0.276,6.0,197
b157c1a1,Haryana,Haryana District 3,Agricultural,Objection,152,52,21,0,3,3,5,0.196,7.0,174
d03bc751,Punjab,Punjab District 4,Agricultural,Possession,274,14,25,0,3,3,0,0.178,8.0,187
cee5a07e,Andhra Pradesh,Andhra Pradesh District 1,Residential,Notification,200,180,37,0,6,5,80,0.344,13.0,321
2566580f,Rajasthan,Rajasthan District 2,Industrial,Notification,80,60,19,0,1,7,0,0.285,6.0,192
1547655e,West Bengal,West Bengal District 3,Industrial,Notification,30,8,24,0,2,6,0,0.277,8.0,111
2c93be42,Andhra Pradesh,Andhra Pradesh District 4,Agricultural,Objection,119,19,27,0,3,3,0,0.21,9.0,111
9a97df3b,Bihar,Bihar District 1,Agricultural,Compensation,242,62,25,0,3,91,0,0.261,9.0,111
0b40f362,Madhya Pradesh,Madhya Pradesh District 2,Agricultural,Notification,95,75,16,0,2,3,5,0.143,5.0,208
b1ee1a5b,Punjab,Punjab District 3,Agricultural,Objection,258,158,37,0,7,1,16,0.247,12.0,256
556e7eae,Madhya Pradesh,Madhya Pradesh District 4,Agricultural,Objection,280,180,28,0,6,2,80,0.225,9.0,323
cedf6298,Tamil Nadu,Tamil Nadu District 1,Agricultural,Compensation,275,95,25,0,4,51,4,0.351,8.0,192
93fc39e8,Haryana,Haryana District 2,Agricultural,Objection,144,44,11,0,0,4,0,0.168,4.0,187
05704df8,Haryana,Haryana District 3,Agricultural,Notification,38,18,29,0,3,7,0,0.349,10.0,111
797ea071,Rajasthan,Rajasthan District 4,Agricultural,Objection,230,130,23,0,2,2,0,0.143,8.0,187
0fa7ad3d,Uttar Pradesh,Uttar Pradesh District 1,Agricultural,Notification,72,52,25,0,3,1,0,0.119,8.0,165
e83f5354,Haryana,Haryana District 2,Agricultural,Objection,126,26,38,0,5,8,0,0.422,13.0,181
555b5fde,Tamil Nadu,Tamil Nadu District 3,Industrial,Objection,134,34,34,0,5,10,0,0.509,11.0,111
a3e46790,Maharashtra,Maharashtra District 4,Agricultural,Compensation,255,75,30,1,6,0,10,0.262,10.0,201
a2f78afa,Uttar Pradesh,Uttar Pradesh District 1,Industrial,Objection,254,154,22,1,3,1,23,0.197,8.0,165
99fc337d,Andhra Pradesh,Andhra Pradesh District 2,Residential,Notification,72,52,23,0,4,30,0,0.095,7.0,187
f39065c0,Karnataka,Karnataka District 3,Commercial,Notification,91,71,36,0,4,5,32,0.296,13.0,277
44e75b81,Punjab,Punjab District 4,Commercial,Compensation,254,74,12,0,3,31,0,0.221,3.0,111
40a3dd98,Bihar,Bihar District 1,Agricultural,Compensation,280,100,28,1,6,97,17,0.462,10.0,220
74fd8616,Uttar Pradesh,Uttar Pradesh District 2,Agricultural,Notification,156,136,24,0,3,0,46,0.074,8.0,174
b395d859,Karnataka,Karnataka District 3,Industrial,Objection,195,95,18,0,3,6,0,0.312,5.0,174
2321cf8e,Andhra Pradesh,Andhra Pradesh District 4,Agricultural,Objection,224,124,30,0,5,5,0,0.344,10.0,201
adcc4641,Tamil Nadu,Tamil Nadu District 1,Agricultural,Compensation,349,169,28,0,5,18,52,0.211,9.0,197
b68a7f79,West Bengal,West Bengal District 2,Industrial,Notification,132,112,18,0,3,3,30,0.212,5.0,276
8dc78e83,Bihar,Bihar District 3,Industrial,Possession,272,12,22,1,4,3,10,0.33,7.0,197
029b006e,Chhattisgarh,Chhattisgarh District 4,Industrial,Possession,290,30,9,0,1,3,5,0.138,3.0,174
1431501e,Rajasthan,Rajasthan District 1,Commercial,Compensation,216,36,15,0,4,19,0,0.185,4.0,192
172eaafb,Haryana,Haryana District 2,Residential,Compensation,296,116,23,0,2,34,17,0.222,8.0,165
feecde75,Maharashtra,Maharashtra District 3,Industrial,Notification,150,130,21,0,3,35,42,0.22,7.0,278
d02c7438,Bihar,Bihar District 4,Industrial,Objection,201,101,24,0,6,3,0,0.292,7.0,111
178a4499,Uttar Pradesh,Uttar Pradesh District 1,Agricultural,Compensation,276,96,41,0,5,42,4,0.326,15.0,111
6640fce4,Tamil Nadu,Tamil Nadu District 2,Industrial,Compensation,344,164,9,0,2,1,49,0.068,2.0,174
071308b3,Karnataka,Karnataka District 3,Residential,Compensation,302,122,12,1,3,46,31,0.38,4.0,262
b0a0647e,Madhya Pradesh,Madhya Pradesh District 4,Industrial,Notification,33,13,14,0,1,5,0,0.218,4.0,111
dedef072,Rajasthan,Rajasthan District 1,Agricultural,Compensation,219,39,38,0,6,0,0,0.177,13.0,181
df0f3758,Chhattisgarh,Chhattisgarh District 2,Industrial,Objection,218,118,32,0,5,3,0,0.238,11.0,111
d0745978,Madhya Pradesh,Madhya Pradesh District 3,Commercial,Objection,128,28,24,0,3,0,0,0.074,8.0,187
6c80e461,Bihar,Bihar District 4,Residential,Objection,140,40,41,0,5,10,0,0.513,15.0,201
b1a40052,Bihar,Bihar District 1,Commercial,Objection,153,53,24,0,3,4,6,0.234,8.0,165
bd4b7928,Rajasthan,Rajasthan District 2,Industrial,Notification,74,54,16,0,2,2,0,0.132,5.0,174
0565e990,Bihar,Bihar District 3,Industrial,Possession,280,20,15,0,3,3,0,0.17,4.0,197
9b8310cc,Haryana,Haryana District 4,Agricultural,Objection,280,180,15,0,2,3,80,0.199,4.0,154
38c01e78,Bihar,Bihar District 1,Agricultural,Compensation,220,40,26,0,3,0,0,0.089,9.0,111
671e844a,Uttar Pradesh,Uttar Pradesh District 2,Agricultural,Notification,57,37,25,0,2,5,10,0.229,9.0,197
3be3a3fb,Bihar,Bihar District 3,Agricultural,Compensation,269,89,9,0,2,4,14,0.08,2.0,138
9893cf9d,Haryana,Haryana District 4,Agricultural,Objection,132,32,22,1,3,2,10,0.248,8.0,174
ff77a33a,Chhattisgarh,Chhattisgarh District 1,Industrial,Objection,137,37,24,0,0,4,0,0.151,9.0,201
0163a608,Uttar Pradesh,Uttar Pradesh District 2,Agricultural,Notification,49,29,23,0,3,4,4,0.231,7.0,154
eefc838c,Uttar Pradesh,Uttar Pradesh District 3,Agricultural,Compensation,200,20,34,0,5,47,0,0.36,11.0,181
1c7d59cb,Tamil Nadu,Tamil Nadu District 4,Agricultural,Compensation,360,180,21,0,3,40,74,0.269,7.0,319
febb1fe9,Rajasthan,Rajasthan District 1,Agricultural,Compensation,360,180,24,0,2,28,80,0.171,8.0,344
e89092c5,Uttar Pradesh,Uttar Pradesh District 2,Residential,Objection,138,38,25,0,5,3,0,0.272,8.0,111
65dcfe82,Rajasthan,Rajasthan District 3,Industrial,Objection,280,180,29,0,4,3,80,0.208,10.0,187
da37adf4,Andhra Pradesh,Andhra Pradesh District 4,Agricultural,Possession,286,26,24,0,5,5,2,0.339,7.0,187
788d9fab,Maharashtra,Maharashtra District 1,Agricultural,Possession,340,80,19,1,4,0,48,0.217,6.0,278
4f60c126,Andhra Pradesh,Andhra Pradesh District 2,Agricultural,Objection,212,112,29,0,4,3,0,0.21,10.0,111
010e7485,Rajasthan,Rajasthan District 3,Industrial,Possession,269,9,41,0,5,33,0,0.196,15.0,201
2f77256c,Maharashtra,Maharashtra District 4,Residential,Compensation,276,96,34,0,9,106,4,0.494,11.0,174
ac848913,Haryana,Haryana District 1,Agricultural,Objection,184,84,34,1,6,5,10,0.44,12.0,154
27500cdc,Haryana,Haryana District 2,Agricultural,Notification,72,52,14,1,4,2,10,0.3,4.0,181
a758fa46,Karnataka,Karnataka District 3,Industrial,Objection,119,19,32,0,5,3,0,0.238,11.0,181
8d6fc71f,Uttar Pradesh,Uttar Pradesh District 4,Industrial,Objection,280,180,43,0,8,32,62,0.278,15.0,181
e42cada4,Bihar,Bihar District 1,Agricultural,Objection,280,180,14,0,0,2,50,0.087,5.0,111
0e2d1486,Maharashtra,Maharashtra District 2,Agricultural,Notification,132,112,33,1,7,3,40,0.403,11.0,197
b20db9d3,Haryana,Haryana District 3,Industrial,Possession,277,17,23,1,4,1,10,0.266,8.0,192
a2823c91,Haryana,Haryana District 4,Commercial,Possession,288,28,33,0,5,1,4,0.181,11.0,154
4e0036a5,Tamil Nadu,Tamil Nadu District 1,Agricultural,Objection,161,61,7,0,2,6,10,0.271,2.0,138
53c4fb19,Haryana,Haryana District 2,Agricultural,Notification,30,10,24,0,3,2,0,0.155,8.0,165
ed5657f9,Tamil Nadu,Tamil Nadu District 3,Residential,Notification,65,45,18,0,4,31,15,0.133,5.0,192
c3bc7d23,Chhattisgarh,Chhattisgarh District 4,Agricultural,Possession,275,15,14,0,0,6,0,0.209,5.0,154
4f8ff6ef,Madhya Pradesh,Madhya Pradesh District 1,Agricultural,Possession,294,34,27,1,5,37,18,0.482,9.0,138
b9ffd5f6,Tamil Nadu,Tamil Nadu District 2,Industrial,Objection,129,29,24,0,4,1,0,0.148,8.0,111
c3a25711,Bihar,Bihar District 3,Agricultural,Compensation,244,64,24,0,3,63,0,0.362,8.0,111
a4e824f0,Uttar Pradesh,Uttar Pradesh District 4,Agricultural,Possession,288,28,32,1,6,0,14,0.25,11.0,201
3246ac3b,Uttar Pradesh,Uttar Pradesh District 1,Commercial,Possession,284,24,30,0,2,34,1,0.159,11.0,154
1a044abb,Bihar,Bihar District 2,Agricultural,Compensation,254,74,18,0,2,40,0,0.244,6.0,187
3d9a722c,Punjab,Punjab District 3,Residential,Possession,304,44,18,0,5,6,14,0.338,5.0,254
dd1f1472,Uttar Pradesh,Uttar Pradesh District 4,Agricultural,Objection,258,158,19,1,5,34,26,0.364,6.0,243
47a10fbd,Uttar Pradesh,Uttar Pradesh District 1,Agricultural,Objection,280,180,15,0,1,2,64,0.097,5.0,181
07de4e52,Punjab,Punjab District 2,Residential,Objection,280,180,9,0,3,33,58,0.165,2.0,304
a72f19a3,Uttar Pradesh,Uttar Pradesh District 3,Agricultural,Possession,307,47,16,0,1,2,16,0.087,5.0,242
1bf5b920,Haryana,Haryana District 4,Industrial,Possession,269,9,9,0,2,2,0,0.143,2.0,174
39628d70,Bihar,Bihar District 1,Agricultural,Objection,280,180,21,1,5,7,52,0.473,7.0,192
42c10dd9,Madhya Pradesh,Madhya Pradesh District 2,Commercial,Possession,284,24,21,0,2,30,1,0.027,7.0,192
4e9dd16b,Andhra Pradesh,Andhra Pradesh District 3,Residential,Objection,280,180,30,0,5,3,50,0.249,10.0,293
7ddbb89f,Punjab,Punjab District 4,Agricultural,Notification,30,7,44,1,8,4,10,0.461,16.0,174
fce64438,Andhra Pradesh,Andhra Pradesh District 1,Agricultural,Objection,210,110,33,0,7,33,44,0.287,11.0,281
2782ae60,Karnataka,Karnataka District 2,Industrial,Compensation,262,82,11,0,3,64,10,0.132,3.0,187
f6948501,West Bengal,West Bengal District 3,Agricultural,Compensation,288,108,14,1,5,21,37,0.341,4.0,201
f01e45be,Haryana,Haryana District 4,Agricultural,Notification,47,27,23,0,3,2,3,0.167,7.0,154
34a6d8de,Bihar,Bihar District 1,Agricultural,Objection,146,46,25,0,4,4,0,0.242,8.0,154
29b70df9,Chhattisgarh,Chhattisgarh District 2,Agricultural,Possession,270,10,12,0,3,2,0,0.136,3.0,201
38710ab0,Bihar,Bihar District 3,Residential,Objection,248,148,29,0,5,3,8,0.247,9.0,165
7b46b3b1,Bihar,Bihar District 4,Agricultural,Objection,255,155,28,0,6,33,14,0.24,9.0,244
2cf3ae29,Maharashtra,Maharashtra District 1,Commercial,Notification,63,43,24,0,4,35,14,0.243,8.0,249
471dbaeb,Andhra Pradesh,Andhra Pradesh District 2,Industrial,Objection,247,147,39,0,6,32,8,0.221,14.0,187
ec0a31aa,Madhya Pradesh,Madhya Pradesh District 3,Industrial,Objection,165,65,13,1,3,8,24,0.456,4.0,201
ab7c96b1,Punjab,Punjab District 4,Agricultural,Compensation,360,180,28,1,4,1,80,0.224,10.0,317
b0ec2a29,Bihar,Bihar District 1,Industrial,Objection,122,22,8,0,3,33,0,0.171,2.0,187
9d16d89b,Tamil Nadu,Tamil Nadu District 2,Industrial,Notification,114,94,13,0,1,4,18,0.18,4.0,260
eeebf6b2,Haryana,Haryana District 3,Industrial,Objection,173,73,29,0,6,1,0,0.215,9.0,111
7cc6a0b2,Punjab,Punjab District 4,Commercial,Objection,150,50,29,0,5,35,4,0.273,10.0,187
9a545056,Chhattisgarh,Chhattisgarh District 1,Industrial,Compensation,229,49,32,0,6,45,0,0.13,11.0,138
14067969,Bihar,Bihar District 2,Industrial,Compensation,308,128,30,0,4,106,26,0.364,10.0,201
bc0c35f8,Chhattisgarh,Chhattisgarh District 3,Agricultural,Compensation,298,118,27,0,2,13,18,0.119,9.0,246
e2ca5966,West Bengal,West Bengal District 4,Industrial,Notification,36,16,20,0,1,3,0,0.138,7.0,197
a130121e,Madhya Pradesh,Madhya Pradesh District 1,Agricultural,Compensation,238,58,25,0,4,6,0,0.141,8.0,165
2b1fb44c,Rajasthan,Rajasthan District 2,Commercial,Compensation,325,145,35,0,3,37,36,0.26,13.0,291
04595d5f,Tamil Nadu,Tamil Nadu District 3,Residential,Compensation,299,119,29,0,2,29,20,0.178,10.0,265
2dd20324,West Bengal,West Bengal District 4,Residential,Possession,274,14,28,0,3,3,0,0.198,9.0,197
